{
    "colors":[],
    "uvs":[[0.241994,0.234087,0.241951,0.23435,0.251554,0.24122,0.241594,0.237299,0.248528,0.242331,0.248756,0.242094,0.152247,0.242593,0.147017,0.241147,0.146951,0.241263,0.0913638,0.210182,0.0910359,0.210208,0.0928636,0.218477,0.0910342,0.210329,0.0929241,0.218751]],
    "normals":[-0,-1,0,-4.36051e-08,-1,1.11099e-07,2.40871e-08,-1,6.92016e-08,-8.67551e-08,-1,2.6477e-07,0,1,-0,4.36051e-08,1,-1.11099e-07,-2.40871e-08,1,-6.92016e-08,8.67551e-08,1,-2.6477e-07,0.644963,0,-0.764213,0.328728,0,0.944425,-0.651458,0,-0.758685,-0.730685,0,-0.682714,0.986162,0,-0.165786,-0.84609,0,0.533041,0.24845,0,0.968645],
    "materials":[{
        "vertexColors":false,
        "transparent":false,
        "shading":"phong",
        "specularCoef":50,
        "colorEmissive":[0,0,0],
        "doubleSided":false,
        "depthTest":true,
        "DbgName":"Material.055",
        "visible":true,
        "colorSpecular":[0.5,0.5,0.5],
        "opacity":1,
        "wireframe":false,
        "blending":1,
        "depthWrite":true,
        "colorDiffuse":[0.0605267,0.64,0],
        "DbgIndex":0,
        "DbgColor":15658734
    }],
    "faces":[42,5,6,1,0,0,1,2,0,0,0,42,6,2,1,0,3,4,5,1,1,1,42,2,4,3,0,6,7,8,0,0,0,42,1,2,0,0,9,10,11,2,2,2,42,2,3,0,0,10,12,13,3,3,3,42,12,8,13,0,0,2,1,4,4,4,42,13,8,9,0,3,5,4,5,5,5,42,9,10,11,0,6,8,7,4,4,4,42,8,7,9,0,9,11,10,6,6,6,42,9,7,10,0,10,13,12,7,7,7,43,0,3,10,7,0,13,12,12,13,8,8,8,8,43,1,0,7,8,0,9,11,11,9,9,9,9,9,43,4,2,9,11,0,7,6,6,7,10,10,10,10,43,2,6,13,9,0,4,3,3,4,11,11,11,11,43,3,4,11,10,0,8,7,7,8,12,12,12,12,43,6,5,12,13,0,1,0,0,1,13,13,13,13,43,5,1,8,12,0,0,2,2,0,14,14,14,14],
    "vertices":[3.30069,0.532817,2.65082,2.79781,0.532817,2.82586,2.3592,0.532817,2.11721,2.86467,0.532817,2.28284,2.77658,0.532817,1.75883,2.27591,0.532817,2.95973,1.99243,0.532817,2.50976,3.30069,0.632817,2.65082,2.79781,0.632817,2.82586,2.3592,0.632817,2.11721,2.86467,0.632817,2.28284,2.77658,0.632817,1.75883,2.27591,0.632817,2.95973,1.99243,0.632817,2.50976],
    "metadata":{
        "uvs":1,
        "materials":1,
        "faces":17,
        "colors":0,
        "type":"Geometry",
        "version":3,
        "generator":"io_three",
        "vertices":14,
        "normals":15
    }
}