{
    "metadata":{
        "normals":77,
        "type":"Geometry",
        "uvs":1,
        "materials":3,
        "version":3,
        "generator":"io_three",
        "vertices":128,
        "faces":128,
        "colors":0
    },
    "normals":[0.860903,0,-0.50877,-0.953124,0,0.302581,-0.671381,0,0.741113,0.299479,0,-0.954103,0.246705,0,-0.969091,0.762958,0,0.646447,-0.953123,0,0.302581,0.299479,0,-0.954103,0.246705,0,-0.969091,0.762958,0,0.646447,0,0,0,0.182038,0,0.983292,-0.671714,0,0.740811,0,1,0,1.04531e-07,1,-1.15284e-07,-0,1,0,-7.55208e-08,1,-6.39881e-08,-7.38407e-09,1,-3.98856e-08,7.12869e-09,1,-6.27329e-08,1.81674e-09,-1,6.85707e-08,7.60263e-09,-1,4.10661e-08,-1.19608e-09,-1,7.35397e-08,-8.91883e-10,-1,5.48365e-08,-4.83928e-09,-1,4.2586e-08,-0,-1,0,0.182038,0,0.983292,0.0980198,0,-0.995184,0.290281,0,-0.956941,0.471396,0,-0.881922,0.634395,0,-0.773009,0.773012,0,-0.634392,0.881919,0,-0.4714,0.95694,0,-0.290285,0.995185,0,-0.0980136,0.995185,0,0.0980143,0.95694,0,0.290285,0.88192,0,0.471399,0.773011,0,0.634393,0.634395,0,0.773009,0.471397,0,0.881921,0.290283,0,0.956941,0.0980155,0,0.995185,-0.098015,0,0.995185,-0.290289,0,0.956939,-0.471397,0,0.881921,-0.634393,0,0.773011,-0.773012,0,0.634391,-0.881923,0,0.471394,-0.95694,0,0.290285,-0.995184,0,0.0980196,-0.995185,0,-0.0980195,-0.956941,0,-0.290284,-0.88192,0,-0.471398,-0.77301,0,-0.634394,-0.634392,0,-0.773012,-0.471396,0,-0.881922,-0.290281,0,-0.956941,-0.0980175,0,-0.995185,0,-1,0,-3.64614e-06,-1,3.591e-07,0,-1,0,3.64591e-06,-1,3.591e-07,8.6694e-07,-1,3.591e-07,8.66943e-07,-1,3.591e-07,1.43835e-07,-1,2.15265e-07,1.43835e-07,-1,2.15264e-07,-5.50433e-08,-1,8.23781e-08,-5.50434e-08,-1,8.23781e-08,0,1,0,3.50592e-06,1,-1.06351e-06,-3.50584e-06,1,-1.06349e-06,-9.20337e-07,1,-1.83067e-07,9.20351e-07,1,-1.83067e-07,1.83068e-07,1,-1.83067e-07,1.83067e-07,1,-1.83067e-07,-3.79144e-08,1,-9.15337e-08,-3.79145e-08,1,-9.15337e-08],
    "vertices":[1.34328,0.532817,-1.0887,0.678619,0.532817,-1.69136,2.28422,0.532817,-2.20872,1.52833,0.532817,-2.44599,2.60852,0.532817,-1.65997,2.26982,0.532817,-1.26023,0.448139,0.532817,-2.41737,-0.0179913,0.532817,-2.83964,0.678619,0.532817,-1.69136,1.34328,0.532817,-1.0887,2.28422,0.532817,-2.20872,1.52833,0.532817,-2.44599,2.60852,0.532817,-1.65997,2.26982,0.532817,-1.26023,0.448139,0.532817,-2.41737,-0.0179913,0.532817,-2.83964,0.678619,0.632817,-1.69136,1.34328,0.632817,-1.0887,2.28422,0.632817,-2.20872,1.52833,0.632817,-2.44599,2.60852,0.632817,-1.65997,2.26982,0.632817,-1.26023,0.448139,0.632817,-2.41737,-0.0179913,0.632817,-2.83964,0.678619,-0.467183,-1.69136,1.34328,-0.467183,-1.0887,2.28422,-0.467183,-2.20872,1.52833,-0.467183,-2.44599,2.60852,-0.467183,-1.65997,2.26982,-0.467183,-1.26023,0.448139,-0.467183,-2.41737,-0.0179913,-0.467183,-2.83964,1.6298,0.62964,-2.23338,1.6298,0.736516,-2.23338,1.71279,0.62964,-2.2252,1.71279,0.736516,-2.2252,1.79259,0.62964,-2.201,1.79259,0.736516,-2.201,1.86614,0.62964,-2.16168,1.86614,0.736516,-2.16168,1.9306,0.62964,-2.10878,1.9306,0.736516,-2.10878,1.98351,0.62964,-2.04432,1.98351,0.736516,-2.04432,2.02282,0.62964,-1.97077,2.02282,0.736516,-1.97077,2.04703,0.62964,-1.89097,2.04703,0.736516,-1.89097,2.0552,0.62964,-1.80798,2.0552,0.736516,-1.80798,2.04703,0.62964,-1.72498,2.04703,0.736516,-1.72498,2.02282,0.62964,-1.64518,2.02282,0.736516,-1.64518,1.98351,0.62964,-1.57163,1.98351,0.736516,-1.57163,1.9306,0.62964,-1.50717,1.9306,0.736516,-1.50717,1.86614,0.62964,-1.45427,1.86614,0.736516,-1.45427,1.79259,0.62964,-1.41496,1.79259,0.736516,-1.41496,1.71279,0.62964,-1.39075,1.71279,0.736516,-1.39075,1.6298,0.62964,-1.38257,1.6298,0.736516,-1.38257,1.54681,0.62964,-1.39075,1.54681,0.736516,-1.39075,1.467,0.62964,-1.41496,1.467,0.736516,-1.41496,1.39346,0.62964,-1.45427,1.39346,0.736516,-1.45427,1.32899,0.62964,-1.50717,1.32899,0.736516,-1.50717,1.27609,0.62964,-1.57164,1.27609,0.736516,-1.57164,1.23678,0.62964,-1.64518,1.23678,0.736516,-1.64518,1.21257,0.62964,-1.72498,1.21257,0.736516,-1.72498,1.2044,0.62964,-1.80798,1.2044,0.736516,-1.80798,1.21257,0.62964,-1.89097,1.21257,0.736516,-1.89097,1.23678,0.62964,-1.97077,1.23678,0.736516,-1.97077,1.27609,0.62964,-2.04432,1.27609,0.736516,-2.04432,1.32899,0.62964,-2.10878,1.32899,0.736516,-2.10878,1.39346,0.62964,-2.16168,1.39346,0.736516,-2.16168,1.46701,0.62964,-2.201,1.46701,0.736516,-2.201,1.54681,0.62964,-2.2252,1.54681,0.736516,-2.2252,1.6298,0.736516,-2.23338,1.71279,0.736516,-2.2252,1.79259,0.736516,-2.201,1.86614,0.736516,-2.16168,1.9306,0.736516,-2.10878,1.98351,0.736516,-2.04432,2.02282,0.736516,-1.97077,2.04703,0.736516,-1.89097,2.0552,0.736516,-1.80798,2.04703,0.736516,-1.72498,2.02282,0.736516,-1.64518,1.98351,0.736516,-1.57163,1.9306,0.736516,-1.50717,1.86614,0.736516,-1.45427,1.79259,0.736516,-1.41496,1.71279,0.736516,-1.39075,1.6298,0.736516,-1.38257,1.54681,0.736516,-1.39075,1.467,0.736516,-1.41496,1.39346,0.736516,-1.45427,1.32899,0.736516,-1.50717,1.27609,0.736516,-1.57164,1.23678,0.736516,-1.64518,1.21257,0.736516,-1.72498,1.2044,0.736516,-1.80798,1.21257,0.736516,-1.89097,1.23678,0.736516,-1.97077,1.27609,0.736516,-2.04432,1.32899,0.736516,-2.10878,1.39346,0.736516,-2.16168,1.46701,0.736516,-2.201,1.54681,0.736516,-2.2252],