{
    "colors":[],
    "uvs":[[0.0618157,0.0243511,0.0637703,0.0225099,0.0514869,0.0323888,0.178569,0.18283,0.178653,0.183375,0.183341,0.171096,0.179582,0.18538,0.186386,0.168309,0.186114,0.168479,0.18407,0.189506,0.190616,0.173113,0.19,0.172455,0.184545,0.18939,0.190668,0.173862,0.184917,0.190839,0.191164,0.177277,0.191673,0.175895]],
    "normals":[-0,-1,0,-0,-1,0,0,-1,-0,-1.78377e-09,-1,1.09673e-07,-9.67856e-09,-1,8.5172e-08,0.860903,0,-0.50877,-0.953123,0,0.302581,-0.671381,0,0.741113,0.299479,0,-0.954103,0.246705,0,-0.969091,0.762958,0,0.646447,0,0,0,0.182038,0,0.983292,-0.671714,0,0.740811,0,1,0,1.04531e-07,1,-1.15284e-07,-0,1,0,-7.55208e-08,1,-6.39881e-08,-7.38407e-09,1,-3.98856e-08,7.12869e-09,1,-6.27329e-08],
    "materials":[{
        "vertexColors":false,
        "transparent":false,
        "shading":"phong",
        "specularCoef":50,
        "colorEmissive":[0,0,0],
        "doubleSided":false,
        "depthTest":true,
        "DbgName":"Material.061",
        "visible":true,
        "colorSpecular":[0.5,0.5,0.5],
        "opacity":1,
        "wireframe":false,
        "blending":1,
        "depthWrite":true,
        "colorDiffuse":[0.64,0.0367242,0.00927247],
        "DbgIndex":0,
        "DbgColor":15658734
    }],
    "faces":[42,6,7,3,0,0,1,2,0,0,0,42,0,1,5,0,3,4,5,1,1,1,42,1,4,5,0,6,7,8,2,2,2,42,1,2,4,0,9,10,11,3,3,3,42,1,6,2,0,9,12,13,4,4,4,42,6,3,2,0,14,15,16,1,1,1,43,12,10,18,20,0,11,10,10,11,5,5,5,5,43,14,8,16,22,0,12,9,9,12,6,6,6,6,43,15,14,22,23,0,1,0,0,1,7,7,7,7,43,10,11,19,18,0,16,15,15,16,8,8,8,8,43,11,15,23,19,0,2,1,1,2,9,9,9,9,43,13,12,20,21,0,8,7,7,8,10,10,10,10,43,5,4,12,13,0,8,7,7,8,11,11,11,11,43,3,7,15,11,0,2,1,1,2,11,11,11,11,43,2,3,11,10,0,16,15,15,16,11,11,11,11,43,7,6,14,15,0,1,0,0,1,11,11,11,11,43,6,1,8,14,0,12,9,9,12,11,11,11,11,43,4,2,10,12,0,11,10,10,11,11,11,11,11,43,0,5,13,9,0,3,5,5,3,11,11,11,11,43,1,0,9,8,0,4,3,3,4,11,11,11,11,43,9,13,21,17,0,3,5,5,3,12,12,12,12,43,8,9,17,16,0,4,3,3,4,13,13,13,13,42,18,19,23,0,16,2,1,14,14,14,42,22,16,17,0,12,4,3,15,15,15,42,18,23,22,0,16,1,12,16,16,16,42,21,20,18,0,8,11,16,17,17,17,42,22,17,21,0,12,3,8,18,18,18,42,22,21,18,0,12,8,16,19,19,19],
    "vertices":[1.34328,0.532817,-1.0887,0.678619,0.532817,-1.69136,2.28422,0.532817,-2.20872,1.52833,0.532817,-2.44599,2.60852,0.532817,-1.65997,2.26982,0.532817,-1.26023,0.448139,0.532817,-2.41737,-0.0179913,0.532817,-2.83964,0.678619,0.532817,-1.69136,1.34328,0.532817,-1.0887,2.28422,0.532817,-2.20872,1.52833,0.532817,-2.44599,2.60852,0.532817,-1.65997,2.26982,0.532817,-1.26023,0.448139,0.532817,-2.41737,-0.0179913,0.532817,-2.83964,0.678619,0.632817,-1.69136,1.34328,0.632817,-1.0887,2.28422,0.632817,-2.20872,1.52833,0.632817,-2.44599,2.60852,0.632817,-1.65997,2.26982,0.632817,-1.26023,0.448139,0.632817,-2.41737,-0.0179913,0.632817,-2.83964],
    "metadata":{
        "uvs":1,
        "materials":1,
        "faces":28,
        "colors":0,
        "type":"Geometry",
        "version":3,
        "generator":"io_three",
        "vertices":24,
        "normals":20
    }
}