{
    "metadata":{
        "vertices":32,
        "materials":1,
        "faces":36,
        "version":3,
        "uvs":1,
        "generator":"io_three",
        "type":"Geometry",
        "colors":0,
        "normals":26
    },
    "vertices":[1.34328,0.532817,-1.0887,0.678619,0.532817,-1.69136,2.28422,0.532817,-2.20872,1.52833,0.532817,-2.44599,2.60852,0.532817,-1.65997,2.26982,0.532817,-1.26023,0.448139,0.532817,-2.41737,-0.0179913,0.532817,-2.83964,0.678619,0.532817,-1.69136,1.34328,0.532817,-1.0887,2.28422,0.532817,-2.20872,1.52833,0.532817,-2.44599,2.60852,0.532817,-1.65997,2.26982,0.532817,-1.26023,0.448139,0.532817,-2.41737,-0.0179913,0.532817,-2.83964,0.678619,0.632817,-1.69136,1.34328,0.632817,-1.0887,2.28422,0.632817,-2.20872,1.52833,0.632817,-2.44599,2.60852,0.632817,-1.65997,2.26982,0.632817,-1.26023,0.448139,0.632817,-2.41737,-0.0179913,0.632817,-2.83964,0.678619,-0.467183,-1.69136,1.34328,-0.467183,-1.0887,2.28422,-0.467183,-2.20872,1.52833,-0.467183,-2.44599,2.60852,-0.467183,-1.65997,2.26982,-0.467183,-1.26023,0.448139,-0.467183,-2.41737,-0.0179913,-0.467183,-2.83964],
    "materials":[{
        "mapDiffuseAnisotropy":1,
        "opacity":1,
        "wireframe":false,
        "shading":"phong",
        "mapDiffuse":"grass.jpg",
        "transparent":false,
        "doubleSided":false,
        "depthWrite":true,
        "colorDiffuse":[0.343612,0.853709,0.264554],
        "visible":true,
        "mapDiffuseRepeat":[1,1],
        "DbgColor":15658734,
        "specularCoef":50,
        "colorSpecular":[0.5,0.5,0.5],
        "vertexColors":false,
        "DbgName":"l2",
        "DbgIndex":0,
        "mapDiffuseWrap":["repeat","repeat"],
        "depthTest":true,
        "colorEmissive":[0,0,0],
        "blending":1
    }],
    "colors":[],
    "normals":[0.860903,0,-0.50877,-0.953124,0,0.302581,-0.671381,0,0.741113,0.299479,0,-0.954103,0.246705,0,-0.969091,0.762958,0,0.646447,-0.953123,0,0.302581,0.299479,0,-0.954103,0.246705,0,-0.969091,0.762958,0,0.646447,0,0,0,0.182038,0,0.983292,-0.671714,0,0.740811,0,1,0,1.04531e-07,1,-1.15284e-07,-0,1,0,-7.55208e-08,1,-6.39881e-08,-7.38407e-09,1,-3.98856e-08,7.12869e-09,1,-6.27329e-08,1.81674e-09,-1,6.85707e-08,7.60263e-09,-1,4.10661e-08,-1.19608e-09,-1,7.35397e-08,-8.91883e-10,-1,5.48365e-08,-4.83928e-09,-1,4.2586e-08,-0,-1,0,0.182038,0,0.983292],
    "faces":[43,2,4,28,26,0,0,1,2,3,0,0,0,0,43,1,6,30,24,0,4,5,6,7,1,1,1,1,43,6,7,31,30,0,5,8,9,6,2,2,2,2,43,3,2,26,27,0,10,0,3,11,3,3,3,3,43,7,3,27,31,0,12,10,11,13,4,4,4,4,43,4,5,29,28,0,14,15,16,17,5,5,5,5,43,12,10,18,20,0,18,19,20,21,0,0,0,0,43,14,8,16,22,0,22,23,24,25,6,6,6,6,43,15,14,22,23,0,26,22,25,27,2,2,2,2,43,10,11,19,18,0,19,28,29,20,7,7,7,7,43,11,15,23,19,0,28,30,31,29,8,8,8,8,43,13,12,20,21,0,32,33,34,35,9,9,9,9,43,5,4,12,13,0,36,36,36,36,10,10,10,10,43,3,7,15,11,0,36,36,36,36,10,10,10,10,43,2,3,11,10,0,36,36,36,36,10,10,10,10,43,7,6,14,15,0,36,36,36,36,10,10,10,10,43,6,1,8,14,0,36,36,36,36,10,10,10,10,43,4,2,10,12,0,36,36,36,36,10,10,10,10,43,0,5,13,9,0,36,36,36,36,10,10,10,10,43,1,0,9,8,0,36,36,36,36,10,10,10,10,43,9,13,21,17,0,37,32,35,26,11,11,11,11,43,8,9,17,16,0,23,38,39,24,12,12,12,12,42,18,19,23,0,47,40,41,13,13,13,42,22,16,17,0,42,43,44,14,14,14,42,18,23,22,0,47,41,42,15,15,15,42,21,20,18,0,45,46,47,16,16,16,42,22,17,21,0,42,44,45,17,17,17,42,22,21,18,0,42,45,47,18,18,18,42,30,31,27,0,48,49,50,19,19,19,42,25,24,29,0,51,52,53,20,20,20,42,24,28,29,0,52,54,53,21,21,21,42,24,26,28,0,52,55,54,22,22,22,42,24,30,26,0,52,48,55,23,23,23,42,30,27,26,0,48,50,55,24,24,24,43,5,0,25,29,0,15,56,57,16,25,25,25,25,43,0,1,24,25,0,58,4,7,59,12,12,12,12],
    "uvs":[[0.564494,0.104127,0.564494,0,0.771878,0,0.771878,0.104127,0.771878,0.300772,0.771878,0.139652,0.979261,0.139652,0.979261,0.300772,0.771878,1.09912e-07,0.979261,0,0.564494,0.282668,0.771878,0.282668,0.564494,0.642259,0.771878,0.642259,0.489631,0.639437,0.489631,0.757557,0.282247,0.757557,0.282247,0.639438,0.979262,0.642259,0.979262,0.538132,1,0.538132,1,0.642259,0.792616,0.639652,0.792616,0.800772,0.771878,0.800772,0.771878,0.639652,0.792616,0.5,0.771878,0.5,0.979262,0.359591,1,0.359591,0.979262,0,1,0,0.813355,0.664535,0.813355,0.782654,0.792616,0.782654,0.792616,0.664535,0,0,0.813354,0.5,0.792616,1,0.771878,1,0.282247,0.279711,0.282247,0.639437,0.22123,0.514114,0.0871141,0.42338,0,0.24465,0.0818772,0.0517646,0.179544,0,0.273237,0.101371,0.503477,0.125324,0.564494,0,0.564494,0.359727,0.282247,0.394788,0.369361,0.216057,0.364124,0.587673,0.461792,0.639437,0.555484,0.538066,0.489631,0.922092,0.282247,0.922092,0.771878,0.5,0.979262,0.5]]
}