{
    "materials":[{
        "shading":"phong",
        "mapDiffuseRepeat":[1,1],
        "specularCoef":50,
        "wireframe":false,
        "visible":true,
        "mapDiffuseWrap":["repeat","repeat"],
        "DbgColor":15658734,
        "depthWrite":true,
        "mapDiffuseAnisotropy":1,
        "vertexColors":false,
        "DbgIndex":0,
        "colorSpecular":[0.5,0.5,0.5],
        "doubleSided":false,
        "depthTest":true,
        "colorEmissive":[0,0,0],
        "transparent":false,
        "mapDiffuse":"grass.jpg",
        "opacity":1,
        "colorDiffuse":[0.64,0.64,0.64],
        "DbgName":"Material.006",
        "blending":1
    }],
    "uvs":[[0,0,0.993125,0.643625,0.888302,0.643625,0.888302,0.380911,0.993125,0.380911,0.748584,0.643625,0.510072,0.643625,0.510072,0.380911,0.748584,0.380911,0.914445,0.380911,0.775498,0.380911,0.775498,0.118197,0.914445,0.118197,0.92882,0.643625,0.997765,0.643625,0.997765,0.906339,0.92882,0.906339,0.606678,0.906339,0.510072,0.906339,0.510072,0.643625,0.606678,0.643625,0.747055,0.643625,0.92882,0.643625,0.92882,0.906339,0.747055,0.906339,0.687314,0.906339,0.687314,0.643625,0.130208,1,8.82309e-08,1,0,0.737286,0.130208,0.737286,0.888302,0.643625,0.748584,0.643625,0.748584,0.380911,0.888302,0.380911,0.747055,0.906339,0.747055,0.643625,0.775498,0,0.775498,0.380911,0.510072,0.380911,0.510072,0,0.379396,0.737286,0.510072,0.737286,0.510072,1,0.379396,1,1,0.380911,0.914445,0.380911,0.914445,0.118197,1,0.118197,0.0561642,0.737286,0,0.615451,0.0925894,0.520762,0.111875,0.395175,0.165164,0.278435,0.242495,0.036866,0.368791,0,0.510072,0.00166758,0.475131,0.23687,0.510072,0.618893,0.356712,0.510922,0.242206,0.566917,0.140258,0.643949]],
    "vertices":[-3.03953,-0.467183,1.99498,-2.67276,-0.467183,3.05796,-1.84392,-0.467183,1.63715,-0.90833,-0.467183,2.18719,-0.849048,-0.467183,1.60465,-3.64158,-0.467183,3.41431,-3.20426,-0.467183,3.0779,-3.32615,-0.467183,2.43997,-3.41683,-0.467183,1.31237,-0.849048,-0.467183,1.60465,-3.20426,-0.467183,3.0779,-1.1209,-0.467183,2.68978,-1.1209,-0.467183,2.68978,-3.6944,-0.467183,2.82328,-3.64158,-0.467183,3.41431,-3.32615,-0.467183,2.43997,-1.1209,-0.467183,2.68978,-3.6944,-0.467183,2.82328,-4.12212,-0.467183,3.12535,-2.16212,-0.467183,2.89381,-3.6944,-0.467183,2.82328,-4.12212,-0.467183,3.12535,-2.16212,-0.467183,2.89381,-3.03953,-0.467183,1.99498,-2.67276,-0.467183,3.05796,-1.84392,-0.467183,1.63715,-3.41683,-0.467183,1.31237,-0.90833,-0.467183,2.18719,-3.32615,-0.467183,2.43997,-3.20426,-0.467183,3.0779,-4.12212,-0.467183,3.12535,-2.16212,-0.467183,2.89381,-3.64158,-0.467183,3.41431,-0.849048,-0.467183,1.60465,-0.90833,-0.467183,2.18719,-1.84392,-0.467183,1.63715,-2.67276,-0.467183,3.05796,-3.03953,-0.467183,1.99498,-3.20426,-0.467183,3.0779,-3.64158,-0.467183,3.41431,-0.849048,-0.467183,1.60465,-0.90833,-0.467183,2.18719,-1.84392,-0.467183,1.63715,-2.67276,-0.467183,3.05796,-3.03953,-0.467183,1.99498,-3.41683,-0.467183,1.31237,-2.16212,-0.467183,2.89381,-4.12212,-0.467183,3.12535,-3.6944,-0.467183,2.82328,-1.1209,-0.467183,2.68978,-3.32615,-0.467183,2.43997,-3.64158,-0.467183,3.41431,-3.20426,-0.467183,3.0779,-0.849048,-0.467183,1.60465,-0.90833,-0.467183,2.18719,-1.84392,-0.467183,1.63715,-2.67276,-0.467183,3.05796,-3.03953,-0.467183,1.99498,-2.16212,-0.467183,2.89381,-4.12212,-0.467183,3.12535,-3.6944,-0.467183,2.82328,-1.1209,-0.467183,2.68978,-3.32615,-0.467183,2.43997,-2.16212,-0.467183,2.89381,-4.12212,-0.467183,3.12535,-3.6944,-0.467183,2.82328,-1.1209,-0.467183,2.68978,-3.32615,-0.467183,2.43997,-3.64158,-0.467183,3.41431,-1.1209,-0.467183,2.68978,-3.20426,-0.467183,3.0779,-0.849048,-0.467183,1.60465,-3.32615,-0.467183,2.43997,-3.41683,-0.467183,1.31237,-0.90833,-0.467183,2.18719,-1.84392,-0.467183,1.63715,-2.67276,-0.467183,3.05796,-3.03953,-0.467183,1.99498,-2.16212,-0.467183,2.89381,-4.12212,-0.467183,3.12535,-3.6944,-0.467183,2.82328,-4.12212,-0.467183,3.12535,-2.16212,-0.467183,2.89381,-3.03953,-0.467183,1.99498,-2.67276,-0.467183,3.05796,-1.84392,-0.467183,1.63715,-0.90833,-0.467183,2.18719,-0.849048,-0.467183,1.60465,-3.64158,-0.467183,3.41431,-3.20426,-0.467183,3.0779,-3.03953,-0.467183,1.99498,-2.67276,-0.467183,3.05796,-1.84392,-0.467183,1.63715,-0.90833,-0.467183,2.18719,-0.849048,-0.467183,1.60465,-3.20426,-0.467183,3.0779,-1.1209,-0.467183,2.68978,-3.64158,-0.467183,3.41431,-3.32615,-0.467183,2.43997,-3.6944,-0.467183,2.82328,-1.1209,0.632817,2.68978,-3.6944,0.632817,2.82328,-4.12212,0.632817,3.12535,-2.16212,0.632817,2.89381,-3.32615,0.632817,2.43997,-3.41683,0.632817,1.31237,-4.12212,0.632817,3.12535,-2.16212,0.632817,2.89381,-3.03953,0.632817,1.99498,-2.67276,0.632817,3.05796,-1.84392,0.632817,1.63715,-0.90833,0.632817,2.18719,-0.849048,0.632817,1.60465,-3.64158,0.632817,3.41431,-3.20426,0.632817,3.0779,-3.03953,0.632817,1.99498,-2.67276,0.632817,3.05796,-1.84392,0.632817,1.63715,-0.90833,0.632817,2.18719,-0.849048,0.632817,1.60465,-3.20426,0.632817,3.0779,-1.1209,0.632817,2.68978,-3.64158,0.632817,3.41431,-3.32615,0.632817,2.43997,-3.6944,0.632817,2.82328],
    "metadata":{
        "generator":"io_three",
        "uvs":1,
        "vertices":125,
        "faces":112,
        "colors":0,
        "version":3,
        "type":"Geometry",
        "materials":1,
        "normals":21
    },