{
    "colors":[],
    "uvs":[[0.194661,0.0377195,0.173662,0.0238109,0.173883,0.023466,0.195482,0.0356654,0.174465,0.0212755,0.19561,0.0355219,0.197969,0.0335036,0.173704,0.0180522,0.173911,0.0171281,0.197655,0.0323815,0.173826,0.0161797,0.185725,0.0241247,0.198337,0.030246,0.187424,0.0229149,0.198357,0.030003,0.19717,0.0496683,0,0,0.186873,0.0418826,0.18359,0.0375446,0.182777,0.0325792,0.173031,0.0260711,0.183238,0.0325681,0.194304,0.0416604,0.19375,0.0471931]],
    "normals":[1.28205e-08,1,-1.13173e-07,1.14174e-08,1,-1.26594e-07,0,1,0,-0,1,-0,0,1,-0,-0.306028,0,-0.952022,-0.192293,0,-0.981337,-0.921012,0,-0.389534,-0.202218,0,0.97934,-0.460992,0,0.887404,-0.994862,0,-0.101242,0,0,0,0.0326466,0,0.999467,0.721133,0,0.692797,-0.0374921,0,-0.999297,0.0436053,0,0.999049,0.112563,0,-0.993645,-0.609727,0,-0.792612,0.996031,0,-0.0890112,0.840696,0,0.541508,0.960851,0,0.277067,0.875206,0,-0.48375,0.57688,0,0.816829,0.515335,0,-0.856989,-0.324887,0,0.945753,-1.28205e-08,-1,1.13173e-07,-1.14174e-08,-1,1.26594e-07,-0,-1,-0,0,-1,0,-0,-1,0,0,-1,-0,0.0374921,0,0.999297,0.324887,0,-0.945753,0.306028,0,0.952022,0.192293,0,0.981337,0.921012,0,0.389534,0.202218,0,-0.97934,0.460992,0,-0.887404,0.994862,0,0.101242,-0.0326466,0,-0.999467,-0.721133,0,-0.692797,-0.0436053,0,-0.999049,-0.112563,0,0.993645,0.609727,0,0.792612,-0.996031,0,0.0890112,-0.840696,0,-0.541508,-0.960851,0,-0.277067,-0.875206,0,0.48375,-0.57688,0,-0.816829,-0.515335,0,0.856989,-2.53388e-08,-1,4.85807e-08,1.25952e-08,-1,8.1128e-09,-1.01763e-08,-1,4.92838e-08,1.80899e-09,-1,5.53818e-08,-6.61877e-09,-1,6.11705e-08,3.34975e-08,-1,4.74305e-08,3.54205e-09,-1,8.11524e-08,1.21105e-08,-1,6.18041e-08,-2.74697e-08,-1,5.28789e-08,-2.64902e-09,-1,5.75481e-08,-0.840696,0,-0.541508,-0.0326466,0,-0.999467,-0.875206,0,0.48375,0.994862,0,0.101242,-0.515335,0,0.856989,0.192293,0,0.981337,0.609727,0,0.792611,-0.721132,0,-0.692797,0.202218,0,-0.97934,0.921012,0,0.389534,-0.0436053,0,-0.999049,0.306028,0,0.952022],
    "materials":[{
        "vertexColors":false,
        "transparent":false,
        "shading":"phong",
        "specularCoef":50,
        "colorEmissive":[0,0,0],
        "doubleSided":false,
        "depthTest":true,
        "DbgName":"Material.043",
        "visible":true,
        "colorSpecular":[0.5,0.5,0.5],
        "opacity":1,
        "wireframe":false,
        "blending":1,
        "depthWrite":true,
        "colorDiffuse":[0.0403,0.639282,0.0646081],
        "DbgIndex":0,
        "DbgColor":15658734
    }],
    "faces":[42,5,1,0,0,0,1,2,0,0,0,42,5,0,6,0,3,4,5,1,1,1,42,6,0,2,0,6,7,8,2,2,2,42,6,2,3,0,9,10,11,3,3,3,42,6,3,4,0,12,13,14,4,4,4,42,12,11,10,0,23,15,16,2,2,2,42,9,7,8,0,17,18,19,2,2,2,42,12,10,9,0,23,16,17,2,2,2,42,15,14,12,0,21,22,23,2,2,2,42,8,13,15,0,19,20,21,4,4,4,42,12,9,8,0,23,17,19,2,2,2,42,8,15,12,0,19,21,23,3,3,3,43,21,37,42,26,0,18,18,19,19,5,5,5,5,43,26,42,45,29,0,19,19,20,20,6,6,6,6,43,18,34,33,17,0,1,1,2,2,7,7,7,7,43,19,35,41,25,0,13,13,14,14,8,8,8,8,43,20,36,44,28,0,16,16,16,16,9,9,9,9,43,17,33,32,16,0,7,7,8,8,10,10,10,10,43,17,0,1,18,0,2,2,1,1,11,11,11,11,43,8,26,29,13,0,19,19,20,20,11,11,11,11,43,7,21,26,8,0,18,18,19,19,11,11,11,11,43,2,16,19,3,0,10,10,11,11,11,11,11,11,43,14,30,28,12,0,22,22,23,23,11,11,11,11,43,9,20,21,7,0,17,17,18,18,11,11,11,11,43,15,31,30,14,0,21,21,22,22,11,11,11,11,43,5,23,18,1,0,0,0,1,1,11,11,11,11,43,10,22,20,9,0,16,16,17,17,11,11,11,11,43,12,28,22,10,0,16,16,16,16,11,11,11,11,43,6,24,23,5,0,5,5,3,3,11,11,11,11,43,15,31,26,8,0,16,16,16,16,11,11,11,11,43,4,25,24,6,0,14,14,12,12,11,11,11,11,43,12,28,27,11,0,23,23,15,15,11,11,11,11,43,11,27,22,10,0,15,15,16,16,11,11,11,11,43,13,29,31,15,0,20,20,21,21,11,11,11,11,43,0,17,16,2,0,7,7,8,8,11,11,11,11,43,9,20,28,12,0,16,16,16,16,11,11,11,11,43,3,19,25,4,0,13,13,14,14,11,11,11,11,43,41,57,56,40,0,14,14,12,12,11,11,11,11,43,47,63,58,42,0,16,16,16,16,11,11,11,11,43,40,56,55,39,0,5,5,3,3,11,11,11,11,43,44,60,54,38,0,16,16,16,16,11,11,11,11,43,38,54,52,36,0,16,16,17,17,11,11,11,11,43,39,55,50,34,0,0,0,1,1,11,11,11,11,43,16,32,35,19,0,10,10,11,11,12,12,12,12,43,30,46,44,28,0,22,22,23,23,13,13,13,13,43,20,36,37,21,0,17,17,18,18,14,14,14,14,43,31,47,46,30,0,21,21,22,22,15,15,15,15,43,23,39,34,18,0,0,0,1,1,16,16,16,16,43,22,38,36,20,0,16,16,17,17,17,17,17,17,43,28,44,38,22,0,16,16,16,16,18,18,18,18,43,24,40,39,23,0,5,5,3,3,19,19,19,19,43,31,47,42,26,0,16,16,16,16,20,20,20,20,43,25,41,40,24,0,14,14,12,12,21,21,21,21,43,28,44,43,27,0,23,23,15,15,22,22,22,22,43,27,43,38,22,0,15,15,16,16,23,23,23,23,43,29,45,47,31,0,20,20,21,21,24,24,24,24,42,55,49,50,0,0,2,1,25,25,25,42,55,56,49,0,3,5,4,26,26,26,42,56,48,49,0,6,8,7,27,27,27,42,56,51,48,0,9,11,10,28,28,28,42,56,57,51,0,12,14,13,29,29,29,42,54,59,60,0,16,15,23,28,28,28,42,60,62,63,0,23,22,21,28,28,28,42,63,61,58,0,21,20,19,30,30,30,42,58,53,52,0,19,18,17,28,28,28,42,52,54,60,0,17,16,23,28,28,28,42,60,63,58,0,23,21,19,27,27,27,42,60,58,52,0,23,19,17,30,30,30,43,44,60,59,43,0,23,23,15,15,11,11,11,11,43,43,59,54,38,0,15,15,16,16,11,11,11,11,43,45,61,63,47,0,20,20,21,21,11,11,11,11,43,33,49,48,32,0,7,7,8,8,11,11,11,11,43,36,52,60,44,0,16,16,16,16,11,11,11,11,43,35,51,57,41,0,13,13,14,14,11,11,11,11,43,34,50,49,33,0,1,1,2,2,11,11,11,11,43,42,58,61,45,0,19,19,20,20,11,11,11,11,43,37,53,58,42,0,18,18,19,19,11,11,11,11,43,32,48,51,35,0,10,10,11,11,11,11,11,11,43,46,62,60,44,0,22,22,23,23,11,11,11,11,43,36,52,53,37,0,17,17,18,18,11,11,11,11,43,47,63,62,46,0,21,21,22,22,11,11,11,11,43,70,75,139,134,0,16,15,15,16,11,11,11,11,43,79,77,140,143,0,21,20,20,21,11,11,11,11,43,75,76,141,139,0,15,23,23,15,11,11,11,11,43,133,132,144,145,0,18,17,17,18,31,31,31,31,43,143,140,156,159,0,21,20,20,21,32,32,32,32,43,72,73,135,138,0,12,14,14,12,11,11,11,11,43,85,92,109,102,0,18,19,19,18,33,33,33,33,43,92,97,113,109,0,19,20,20,19,34,34,34,34,43,82,81,90,100,0,1,2,2,1,35,35,35,35,43,83,91,108,101,0,13,14,14,13,36,36,36,36,43,84,88,89,87,0,16,16,16,16,37,37,37,37,43,81,80,93,90,0,7,8,8,7,38,38,38,38,43,66,65,81,82,0,1,2,2,1,11,11,11,11,43,74,77,97,92,0,19,20,20,19,11,11,11,11,43,69,74,92,85,0,18,19,19,18,11,11,11,11,43,64,67,83,80,0,10,11,11,10,11,11,11,11,43,78,76,88,98,0,22,23,23,22,11,11,11,11,43,68,69,85,84,0,17,18,18,17,11,11,11,11,43,79,78,98,99,0,21,22,22,21,11,11,11,11,43,71,66,82,94,0,0,1,1,0,11,11,11,11,43,70,68,84,86,0,16,17,17,16,11,11,11,11,43,76,70,86,88,0,16,16,16,16,11,11,11,11,43,72,71,94,95,0,5,3,3,5,11,11,11,11,43,79,74,92,99,0,16,16,16,16,11,11,11,11,43,73,72,95,91,0,14,12,12,14,11,11,11,11,43,76,75,96,88,0,23,15,15,23,11,11,11,11,43,75,70,86,96,0,15,16,16,15,11,11,11,11,43,77,79,99,97,0,20,21,21,20,11,11,11,11,43,65,64,80,81,0,7,8,8,7,11,11,11,11,43,68,76,88,84,0,16,16,16,16,11,11,11,11,43,67,73,91,83,0,13,14,14,13,11,11,11,11,43,108,111,120,121,0,14,12,12,14,11,11,11,11,43,115,109,122,127,0,16,16,16,16,11,11,11,11,43,111,107,106,120,0,5,3,3,5,11,11,11,11,43,89,103,104,124,0,16,16,16,16,11,11,11,11,43,103,87,105,104,0,16,17,17,16,11,11,11,11,43,107,100,110,106,0,0,1,1,0,11,11,11,11,43,80,83,101,93,0,10,11,11,10,39,39,39,39,43,98,88,89,114,0,22,23,23,22,40,40,40,40,43,84,85,102,87,0,17,18,18,17,31,31,31,31,43,99,98,114,115,0,21,22,22,21,41,41,41,41,43,94,82,100,107,0,0,1,1,0,42,42,42,42,43,86,84,87,103,0,16,17,17,16,43,43,43,43,43,88,86,103,89,0,16,16,16,16,44,44,44,44,43,95,94,107,111,0,5,3,3,5,45,45,45,45,43,99,92,109,115,0,16,16,16,16,46,46,46,46,43,91,95,111,108,0,14,12,12,14,47,47,47,47,43,88,96,112,89,0,23,15,15,23,48,48,48,48,43,96,86,103,112,0,15,16,16,15,49,49,49,49,43,97,99,115,113,0,20,21,21,20,32,32,32,32,42,106,110,117,0,0,1,2,0,0,0,42,106,117,120,0,3,4,5,1,1,1,42,120,117,116,0,6,7,8,2,2,2,42,120,116,118,0,9,10,11,3,3,3,42,120,118,121,0,12,13,14,4,4,4,42,124,123,104,0,23,15,16,2,2,2,42,105,119,122,0,17,18,19,2,2,2,42,124,104,105,0,23,16,17,2,2,2,42,127,126,124,0,21,22,23,2,2,2,42,122,125,127,0,19,20,21,4,4,4,42,124,105,122,0,23,17,19,2,2,2,42,122,127,124,0,19,21,23,3,3,3,43,89,112,123,124,0,23,15,15,23,11,11,11,11,43,112,103,104,123,0,15,16,16,15,11,11,11,11,43,113,