{
    "colors":[],
    "uvs":[[0.194661,0.0377195,0.173883,0.023466,0.173662,0.0238109,0.195482,0.0356654,0.19561,0.0355219,0.174465,0.0212755,0.197969,0.0335036,0.173911,0.0171281,0.173704,0.0180522,0.197655,0.0323815,0.185725,0.0241247,0.173826,0.0161797,0.198337,0.030246,0.198357,0.030003,0.187424,0.0229149,0.19717,0.0496683,0.19375,0.0471931,0.194304,0.0416604,0.183238,0.0325681,0.173031,0.0260711,0.182777,0.0325792,0.18359,0.0375446,0.186873,0.0418826,0,0]],
    "normals":[-1.28205e-08,-1,1.13173e-07,-1.14174e-08,-1,1.26594e-07,-0,-1,-0,0,-1,0,-0,-1,0,0,-1,-0,0.306028,0,0.952022,0.192293,0,0.981337,0.921012,0,0.389534,0.202218,0,-0.97934,0.460992,0,-0.887404,0.994862,0,0.101242,0,0,0,1.28205e-08,1,-1.13173e-07,1.14174e-08,1,-1.26594e-07,0,1,0,-0,1,-0,0,1,-0,-0.0326466,0,-0.999467,-0.721133,0,-0.692797,0.0374921,0,0.999297,-0.0436053,0,-0.999049,-0.112563,0,0.993645,0.609727,0,0.792612,-0.996031,0,0.0890112,-0.840696,0,-0.541508,-0.960851,0,-0.277067,-0.875206,0,0.48375,-0.57688,0,-0.816829,-0.515335,0,0.856989,0.324887,0,-0.945753],
    "materials":[{
        "vertexColors":false,
        "transparent":false,
        "shading":"phong",
        "specularCoef":50,
        "colorEmissive":[0,0,0],
        "doubleSided":false,
        "depthTest":true,
        "DbgName":"Material.043",
        "visible":true,
        "colorSpecular":[0.5,0.5,0.5],
        "opacity":1,
        "wireframe":false,
        "blending":1,
        "depthWrite":true,
        "colorDiffuse":[0.64,0.64,0.64],
        "DbgIndex":0,
        "DbgColor":15658734
    }],
    "faces":[42,5,0,1,0,0,1,2,0,0,0,42,5,6,0,0,3,4,5,1,1,1,42,6,2,0,0,6,7,8,2,2,2,42,6,3,2,0,9,10,11,3,3,3,42,6,4,3,0,12,13,14,4,4,4,42,10,11,12,0,23,15,16,3,3,3,42,12,14,15,0,16,17,18,3,3,3,42,15,13,8,0,18,19,20,5,5,5,42,8,7,9,0,20,21,22,3,3,3,42,9,10,12,0,22,23,16,3,3,3,42,12,15,8,0,16,18,20,2,2,2,42,12,8,9,0,16,20,22,5,5,5,43,21,26,42,37,0,21,20,20,21,6,6,6,6,43,26,29,45,42,0,20,19,19,20,7,7,7,7,43,18,17,33,34,0,2,1,1,2,8,8,8,8,43,19,25,41,35,0,14,13,13,14,9,9,9,9,43,20,28,44,36,0,23,23,23,23,10,10,10,10,43,17,16,32,33,0,8,7,7,8,11,11,11,11,43,1,0,17,18,0,2,1,1,2,12,12,12,12,43,8,13,29,26,0,20,19,19,20,12,12,12,12,43,7,8,26,21,0,21,20,20,21,12,12,12,12,43,2,3,19,16,0,11,10,10,11,12,12,12,12,43,14,12,28,30,0,17,16,16,17,12,12,12,12,43,9,7,21,20,0,22,21,21,22,12,12,12,12,43,15,14,30,31,0,18,17,17,18,12,12,12,12,43,5,1,18,23,0,0,2,2,0,12,12,12,12,43,10,9,20,22,0,23,22,22,23,12,12,12,12,43,12,10,22,28,0,23,23,23,23,12,12,12,12,43,6,5,23,24,0,4,3,3,4,12,12,12,12,43,15,8,26,31,0,23,23,23,23,12,12,12,12,43,4,6,24,25,0,13,12,12,13,12,12,12,12,43,12,11,27,28,0,16,15,15,16,12,12,12,12,43,11,10,22,27,0,15,23,23,15,12,12,12,12,43,13,15,31,29,0,19,18,18,19,12,12,12,12,43,0,2,16,17,0,8,7,7,8,12,12,12,12,43,9,12,28,20,0,23,23,23,23,12,12,12,12,43,3,4,25,19,0,14,13,13,14,12,12,12,12,42,39,34,33,0,0,2,1,13,13,13,42,39,33,40,0,3,5,4,14,14,14,42,40,33,32,0,6,8,7,15,15,15,42,40,32,35,0,9,11,10,16,16,16,42,40,35,41,0,12,14,13,17,17,17,42,44,43,38,0,16,15,23,15,15,15,42,36,37,42,0,22,21,20,15,15,15,42,44,38,36,0,16,23,22,15,15,15,42,47,46,44,0,18,17,16,15,15,15,42,42,45,47,0,20,19,18,17,17,17,42,44,36,42,0,16,22,20,15,15,15,42,42,47,44,0,20,18,16,16,16,16,43,16,19,35,32,0,11,10,10,11,18,18,18,18,43,30,28,44,46,0,17,16,16,17,19,19,19,19,43,20,21,37,36,0,22,21,21,22,20,20,20,20,43,31,30,46,47,0,18,17,17,18,21,21,21,21,43,23,18,34,39,0,0,2,2,0,22,22,22,22,43,22,20,36,38,0,23,22,22,23,23,23,23,23,43,28,22,38,44,0,23,23,23,23,24,24,24,24,43,24,23,39,40,0,4,3,3,4,25,25,25,25,43,31,26,42,47,0,23,23,23,23,26,26,26,26,43,25,24,40,41,0,13,12,12,13,27,27,27,27,43,28,27,43,44,0,16,15,15,16,28,28,28,28,43,27,22,38,43,0,15,23,23,15,29,29,29,29,43,29,31,47,45,0,19,18,18,19,30,30,30,30],
    "vertices":[-0.90833,0.532817,2.18719,-1.1209,0.532817,2.68978,-0.849048,0.532817,1.60465,-1.84392,0.532817,1.63715,-3.41683,0.532817,1.31237,-3.32615,0.532817,2.43997,-3.03953,0.532817,1.99498,-2.67276,0.532817,3.05796,-2.16212,0.532817,2.89381,-3.20426,0.532817,3.0779,-3.64158,0.532817,3.41431,-4.12212,0.532817,3.12535,-3.6944,0.532817,2.82328,-1.1209,0.532817,2.68978,-3.32615,0.532817,2.43997,-2.01474,0.532817,2.38273,-0.849048,0.532817,1.60465,-0.90833,0.532817,2.18719,-1.1209,0.532817,2.68978,-1.84392,0.532817,1.63715,-3.20426,0.532817,3.0779,-2.67276,0.532817,3.05796,-3.64158,0.532817,3.41431,-3.32615,0.532817,2.43997,-3.03953,0.532817,1.99498,-3.41683,0.532817,1.31237,-2.16212,0.532817,2.89381,-4.12212,0.532817,3.12535,-3.6944,0.532817,2.82328,-1.1209,0.532817,2.68978,-3.32615,0.532817,2.43997,-2.01474,0.532817,2.38273,-0.849048,0.632817,1.60465,-0.90833,0.632817,2.18719,-1.1209,0.632817,2.68978,-1.84392,0.632817,1.63715,-3.20426,0.632817,3.0779,-2.67276,0.632817,3.05796,-3.64158,0.632817,3.41431,-3.32615,0.632817,2.43997,-3.03953,0.632817,1.99498,-3.41683,0.632817,1.31237,-2.16212,0.632817,2.89381,-4.12212,0.632817,3.12535,-3.6944,0.632817,2.82328,-1.1209,0.632817,2.68978,-3.32615,0.632817,2.43997,-2.01474,0.632817,2.38273],
    "metadata":{
        "uvs":1,
        "materials":1,
        "faces":62,
        "colors":0,
        "type":"Geometry",
        "version":3,
        "generator":"io_three",
        "vertices":48,
        "normals":31
    }
}