{
    "colors":[],
    "uvs":[[0.0879946,0.0124479,0.0877643,0.0125076,0.0904762,0.0165286,0.0875869,0.0127329,0.094427,0.02338,0.0902292,0.0165864,0.0939249,0.0234755,0.0876005,0.0139703,0.0955576,0.02593,0.096177,0.0300311,0.0853555,0.0139714,0.0987217,0.033939,0.085767,0.0164289,0.0861325,0.0177164,0.0977237,0.0350844,0.0861875,0.0190319,0.0992055,0.038803,0.0974838,0.0353355,0.0853332,0.019959,0.0999583,0.0423636,0.0999437,0.041669,0.10122,0.0519335,0.0981727,0.0475224,0.101352,0.0521338,0.0822083,0.0221352,0.0816991,0.0228265,0.0973093,0.0463095,0.0823945,0.0256745,0.0968464,0.04779,0.0961736,0.0464923,0.0799449,0.0280134,0.0998489,0.0587071,0.0998719,0.0579877,0.0794499,0.0282635,0.0795346,0.028516,0.0766741,0.0335218,0.0764692,0.0339115,0.0928605,0.058063,0.0753031,0.0338035,0.0914186,0.0582529,0.091651,0.0584411,0.0702499,0.0352393,0.0696389,0.0357923,0.0851926,0.0588243,0.06897,0.0368949,0.0791835,0.0524082,0.0837994,0.0591927,0.0795926,0.053649,0.0819753,0.0573195,0.0831399,0.0590581]],
    "normals":[-0,-1,0,0,-1,-0,0,-1,0,5.6274e-09,-1,2.60892e-07,-1.65494e-08,-1,4.21697e-07,-0,-1,-0,0,1,0,3.87746e-09,-1,1.17364e-07,7.0966e-09,-1,9.5793e-08,0.467294,0,0.884102,0.0662532,0,-0.997803,-0.00662124,0,0.999978,-0.0386873,0,-0.999251,0.885451,0,-0.464732,0.741143,0,-0.671348,0.40073,0,0.916196,0.359988,0,0.932957,-0.963212,0,-0.268743,-0.141393,0,0.989954,0.918501,0,0.395419,-0.942993,0,-0.332812,-0.954756,0,-0.297389,0.437286,0,0.899322,-0.21783,0,0.975987,-0.973093,0,0.230414,-0.428097,0,-0.903733,0,0,0,0,1,-0,-0,1,-0,-5.6274e-09,1,-2.60892e-07,1.65494e-08,1,-4.21697e-07,-3.87746e-09,1,-1.17364e-07,-7.0966e-09,1,-9.5793e-08,-0.13655,0,-0.990633,0.228837,0,0.973465,-0.81203,0,-0.583616,-0.424605,0,-0.905379],
    "materials":[{
        "vertexColors":false,
        "transparent":false,
        "shading":"phong",
        "specularCoef":50,
        "colorEmissive":[0,0,0],
        "doubleSided":false,
        "depthTest":true,
        "DbgName":"Material.039",
        "visible":true,
        "colorSpecular":[0.5,0.5,0.5],
        "opacity":1,
        "wireframe":false,
        "blending":1,
        "depthWrite":true,
        "colorDiffuse":[0.64,0.00608413,0.00392334],
        "DbgIndex":0,
        "DbgColor":15658734
    }],
    "faces":[42,18,17,13,0,0,1,2,0,0,0,42,17,2,13,0,3,4,5,1,1,1,42,2,17,1,0,6,7,8,0,0,0,42,1,17,11,0,9,10,11,2,2,2,42,17,7,11,0,12,13,14,3,3,3,42,7,6,11,0,15,16,17,4,4,4,42,7,3,6,0,18,19,20,5,5,5,42,12,3,9,0,21,22,23,6,6,6,42,7,4,3,0,24,25,26,0,0,0,42,4,12,3,0,27,28,29,5,5,5,42,4,5,9,0,30,31,32,5,5,5,42,4,16,5,0,33,34,31,2,2,2,42,16,14,5,0,35,36,37,7,7,7,42,14,8,5,0,38,39,40,8,8,8,42,14,15,8,0,41,42,43,0,0,0,42,15,0,8,0,44,45,46,0,0,0,42,0,10,8,0,47,48,49,2,2,2,43,31,34,53,50,0,20,19,19,20,9,9,9,9,43,21,22,41,40,0,48,47,47,48,10,10,10,10,43,24,37,56,43,0,30,32,32,30,11,11,11,11,43,33,24,43,52,0,28,27,27,28,12,12,12,12,43,20,21,40,39,0,49,48,48,49,13,13,13,13,43,19,20,39,38,0,40,39,39,40,14,14,14,14,43,30,32,51,49,0,9,11,11,9,15,15,15,15,43,28,30,49,47,0,6,8,8,6,16,16,16,16,43,24,27,46,43,0,25,24,24,25,17,17,17,17,43,36,35,54,55,0,0,2,2,0,18,18,18,18,43,37,19,38,56,0,32,31,31,32,19,19,19,19,43,26,23,42,45,0,36,35,35,36,20,20,20,20,43,29,36,55,48,0,1,0,0,1,21,21,21,21,43,35,28,47,54,0,5,4,4,5,22,22,22,22,43,33,37,56,52,0,21,23,23,21,23,23,23,23,43,25,26,45,44,0,42,41,41,42,24,24,24,24,43,37,34,53,56,0,23,22,22,23,25,25,25,25,43,11,6,31,32,0,17,16,16,17,26,26,26,26,43,16,4,24,23,0,34,33,33,34,26,26,26,26,43,7,17,29,27,0,13,12,12,13,26,26,26,26,43,9,3,34,37,0,23,22,22,23,26,26,26,26,43,15,14,26,25,0,42,41,41,42,26,26,26,26,43,12,9,37,33,0,21,23,23,21,26,26,26,26,43,13,2,28,35,0,5,4,4,5,26,26,26,26,43,17,18,36,29,0,1,0,0,1,26,26,26,26,43,14,16,23,26,0,36,35,35,36,26,26,26,26,43,9,5,19,37,0,32,31,31,32,26,26,26,26,43,18,13,35,36,0,0,2,2,0,26,26,26,26,43,4,7,27,24,0,25,24,24,25,26,26,26,26,43,2,1,30,28,0,6,8,8,6,26,26,26,26,43,1,11,32,30,0,9,11,11,9,26,26,26,26,43,5,8,20,19,0,40,39,39,40,26,26,26,26,43,8,10,21,20,0,49,48,48,49,26,26,26,26,43,12,4,24,33,0,28,27,27,28,26,26,26,26,43,4,9,37,24,0,30,32,32,30,26,26,26,26,43,10,0,22,21,0,48,47,47,48,26,26,26,26,43,6,3,34,31,0,20,19,19,20,26,26,26,26,43,0,15,25,22,0,45,44,44,45,26,26,26,26,42,55,54,48,0,0,2,1,27,27,27,42,48,54,47,0,3,5,4,6,6,6,42,47,49,48,0,6,8,7,27,27,27,42,49,51,48,0,9,11,10,28,28,28,42,48,51,46,0,12,14,13,29,29,29,42,46,51,50,0,15,17,16,30,30,30,42,46,50,53,0,18,20,19,6,6,6,42,52,56,53,0,21,23,22,1,1,1,42,46,53,43,0,24,26,25,27,27,27,42,43,53,52,0,27,29,28,6,6,6,42,43,56,38,0,30,32,31,6,6,6,42,43,38,42,0,33,31,34,28,28,28,42,42,38,45,0,35,37,36,31,31,31,42,45,38,39,0,38,40,39,32,32,32,42,45,39,44,0,41,43,42,27,27,27,42,44,39,41,0,44,46,45,27,27,27,42,41,39,40,0,47,49,48,27,27,27,43,22,25,44,41,0,45,44,44,45,33,33,33,33,43,32,31,50,51,0,17,16,16,17,34,34,34,34,43,23,24,43,42,0,34,33,33,34,35,35,35,35,43,27,29,48,46,0,13,12,12,13,36,36,36,36],
    "vertices":[-1.204,0.532817,4.00811,-2.24301,0.532817,6.66287,-2.73684,0.532817,6.85342,-0.767789,0.532817,6.07812,-3.03898,0.532817,5.69407,0.23465,0.532817,5.17024,-1.24777,0.532817,6.33181,-3.19558,0.532817,6.25537,-0.293533,0.532817,4.58715,0.000476658,0.532817,5.71419,-0.575538,0.532817,4.04984,-1.76303,0.532817,6.45294,-0.525675,0.532817,5.59676,-3.21682,0.532817,7.08681,-2.55161,0.532817,4.75443,-2.68014,0.532817,4.21159,-2.73296,0.532817,5.26828,-3.70622,0.532817,6.49485,-3.86191,0.532817,6.99467,0.23465,0.532817,5.17024,-0.293533,0.532817,4.58715,-0.575538,0.532817,4.04984,-1.204,0.532817,4.00811,-2.73296,0.532817,5.26828,-3.03898,0.532817,5.69407,-2.68014,0.532817,4.21159,-2.55161,0.532817,4.75443,-3.19558,0.532817,6.25537,-2.73684,0.532817,6.85342,-3.70622,0.532817,6.49485,-2.24301,0.532817,6.66287,-1.24777,0.532817,6.33181,-1.76303,0.532817,6.45294,-0.525675,0.532817,5.59676,-0.767789,0.532817,6.07812,-3.21682,0.532817,7.08681,-3.86191,0.532817,6.99467,0.000476658,0.532817,5.71419,0.23465,0.632817,5.17024,-0.293533,0.632817,4.58715,-0.575538,0.632817,4.04984,-1.204,0.632817,4.00811,-2.73296,0.632817,5.26828,-3.03898,0.632817,5.69407,-2.68014,0.632817,4.21159,-2.55161,0.632817,4.75443,-3.19558,0.632817,6.25537,-2.73684,0.632817,6.85342,-3.70622,0.632817,6.49485,-2.24301,0.632817,6.66287,-1.24777,0.632817,6.33181,-1.76303,0.632817,6.45294,-0.525675,0.632817,5.59676,-0.767789,0.632817,6.07812,-3.21682,0.632817,7.08681,-3.86191,0.632817,6.99467,0.000476658,0.632817,5.71419],
    "metadata":{
        "uvs":1,
        "materials":1,
        "faces":76,
        "colors":0,
        "type":"Geometry",
        "version":3,
        "generator":"io_three",
        "vertices":57,
        "normals":37
    }
}