{
    "metadata":{
        "vertices":60,
        "materials":1,
        "faces":76,
        "version":3,
        "uvs":1,
        "generator":"io_three",
        "type":"Geometry",
        "colors":0,
        "normals":48
    },
    "vertices":[-2.73684,-0.467183,6.85342,-2.73684,-0.467183,6.85342,-2.24301,-0.467183,6.66287,0.23465,-0.467183,5.17024,-0.293533,-0.467183,4.58715,-0.575538,-0.467183,4.04984,-1.204,-0.467183,4.00811,-2.73296,-0.467183,5.26828,-3.03898,-0.467183,5.69407,-2.68014,-0.467183,4.21159,-2.55161,-0.467183,4.75443,-3.19558,-0.467183,6.25537,-2.73684,-0.467183,6.85342,-3.70622,-0.467183,6.49485,-2.24301,-0.467183,6.66287,-1.24777,-0.467183,6.33181,-1.76303,-0.467183,6.45294,-2.24301,-0.467183,6.66287,-0.767789,-0.467183,6.07812,-3.21682,-0.467183,7.08681,-3.86191,-0.467183,6.99467,0.000476658,-0.467183,5.71419,0.23465,-0.467183,5.17024,-0.293533,-0.467183,4.58715,-0.575538,-0.467183,4.04984,-1.204,-0.467183,4.00811,-2.73296,-0.467183,5.26828,-3.03898,-0.467183,5.69407,-2.68014,-0.467183,4.21159,-2.55161,-0.467183,4.75443,-3.19558,-0.467183,6.25537,-1.24777,-0.467183,6.33181,-1.76303,-0.467183,6.45294,-2.24301,-0.467183,6.66287,-2.73684,-0.467183,6.85342,-3.21682,-0.467183,7.08681,-3.86191,-0.467183,6.99467,-0.767789,-0.467183,6.07812,-3.70622,-0.467183,6.49485,0.000476658,-0.467183,5.71419,0.23465,0.632817,5.17024,-0.293533,0.632817,4.58715,-0.575538,0.632817,4.04984,-1.204,0.632817,4.00811,-2.55161,0.632817,4.75443,-2.73296,0.632817,5.26828,-1.24777,0.632817,6.33181,-1.76303,0.632817,6.45294,-2.73684,0.632817,6.85342,-2.24301,0.632817,6.66287,-3.21682,0.632817,7.08681,-3.86191,0.632817,6.99467,-2.68014,0.632817,4.21159,-2.73684,0.632817,6.85342,-3.03898,0.632817,5.69407,-3.19558,0.632817,6.25537,-2.24301,0.632817,6.66287,-0.767789,0.632817,6.07812,-3.70622,0.632817,6.49485,0.000476658,0.632817,5.71419],
    "materials":[{
        "mapDiffuseAnisotropy":1,
        "opacity":1,
        "wireframe":false,
        "shading":"phong",
        "mapDiffuse":"grass.jpg",
        "transparent":false,
        "doubleSided":false,
        "depthWrite":true,
        "colorDiffuse":[0.0749848,0.660709,0],
        "visible":true,
        "mapDiffuseRepeat":[1,1],
        "DbgColor":15658734,
        "specularCoef":50,
        "colorSpecular":[0.5,0.5,0.5],
        "vertexColors":false,
        "DbgName":"l3",
        "DbgIndex":0,
        "mapDiffuseWrap":["repeat","repeat"],
        "depthTest":true,
        "colorEmissive":[0,0,0],
        "blending":1
    }],
    "colors":[],
    "normals":[0,0,0,0.973093,0,-0.230414,0,1,0,1.61271e-08,1,-4.7846e-08,-4.91332e-08,1,2.57877e-08,7.23496e-09,1,-5.76643e-08,-2.56574e-08,1,-6.81269e-08,1.07622e-08,1,-6.83916e-08,8.97354e-09,1,-5.70253e-08,8.15351e-09,1,-5.70864e-08,3.84348e-08,1,-4.2371e-08,-1.70142e-08,1,-3.6279e-08,-1.76482e-08,1,-3.62952e-08,1.35525e-08,1,4.78309e-09,8.53898e-09,1,-5.63824e-08,5.12261e-07,1,1.17119e-06,-1.49094e-09,1,-4.90934e-08,7.41507e-09,1,-5.63852e-08,0,-1,0,-1.36694e-07,-1,-4.25775e-08,7.98456e-08,-1,1.44175e-07,7.64939e-08,-1,3.2931e-08,-2.0834e-07,-1,-3.9417e-07,2.22967e-08,-1,4.70693e-08,-1.69792e-08,-1,2.66981e-08,2.02679e-08,-1,9.88903e-08,-2.81128e-08,-1,-1.31757e-08,-5.09359e-08,-1,2.37751e-08,3.1633e-08,-1,7.23231e-08,2.95825e-08,-1,8.71913e-08,0.13655,0,0.990633,-0.0662532,0,0.997803,-0.437286,0,-0.899322,-0.918501,0,-0.395419,-0.359988,0,-0.932957,-0.467294,0,-0.884102,-0.885451,0,0.464732,0.963212,0,0.268743,0.424605,0,0.905379,0.942993,0,0.332812,-0.228837,0,-0.973465,-0.40073,0,-0.916196,0.81203,0,0.583616,0.141393,0,-0.989954,-0.428097,0,-0.903733,0.359988,0,0.932957,0.954757,0,0.297389,-0.741143,0,0.671347],
    "faces":[43,19,20,36,35,0,0,0,0,0,0,0,0,0,43,29,28,52,44,0,1,2,3,4,1,1,1,1,43,7,10,29,26,0,0,0,0,0,0,0,0,0,43,11,8,27,30,0,0,0,0,0,0,0,0,0,43,3,21,39,22,0,0,0,0,0,0,0,0,0,42,16,15,18,0,7,8,9,2,2,2,42,18,21,3,0,9,10,11,3,3,3,42,4,5,6,0,12,13,14,4,4,4,42,18,3,4,0,9,11,12,5,5,5,42,16,18,4,0,7,9,12,6,6,6,42,4,6,9,0,12,14,15,7,7,7,42,4,9,10,0,12,15,16,8,8,8,42,12,2,0,0,5,6,5,0,0,0,42,13,20,19,0,20,21,22,9,9,9,42,7,8,11,0,17,18,19,10,10,10,42,11,13,19,0,19,20,22,11,11,11,42,12,0,14,0,5,5,6,0,0,0,42,11,19,12,0,19,22,5,12,12,12,42,4,10,7,0,12,16,17,13,13,13,42,7,11,12,0,17,19,5,14,14,14,42,12,14,16,0,5,6,7,15,15,15,42,16,4,7,0,7,12,17,16,16,16,42,16,7,12,0,7,17,5,17,17,17,43,0,2,17,1,0,0,0,0,0,0,0,0,0,43,4,3,22,23,0,0,0,0,0,0,0,0,0,43,18,15,31,37,0,0,0,0,0,0,0,0,0,43,21,18,37,39,0,0,0,0,0,0,0,0,0,43,5,4,23,24,0,0,0,0,0,0,0,0,0,43,13,11,30,38,0,0,0,0,0,0,0,0,0,43,20,13,38,36,0,0,0,0,0,0,0,0,0,43,6,5,24,25,0,0,0,0,0,0,0,0,0,43,2,12,34,17,0,0,0,0,0,0,0,0,0,43,15,16,32,31,0,0,0,0,0,0,0,0,0,43,8,7,26,27,0,0,0,0,0,0,0,0,0,43,14,0,1,33,0,0,0,0,0,0,0,0,0,43,10,9,28,29,0,0,0,0,0,0,0,0,0,43,16,14,33,32,0,0,0,0,0,0,0,0,0,43,12,19,35,34,0,0,0,0,0,0,0,0,0,43,9,6,25,28,0,0,0,0,0,0,0,0,0,42,49,48,56,0,24,23,24,0,0,0,42,53,50,51,0,23,25,26,18,18,18,42,47,49,56,0,40,24,24,0,0,0,42,56,53,51,0,24,23,26,18,18,18,42,51,58,55,0,26,27,28,19,19,19,42,55,54,45,0,28,29,30,18,18,18,42,44,52,43,0,31,32,33,18,18,18,42,45,44,43,0,30,31,33,20,20,20,42,43,42,41,0,33,34,35,18,18,18,42,41,40,59,0,35,36,37,21,21,21,42,57,46,47,0,38,39,40,22,22,22,42,41,59,57,0,35,37,38,23,23,23,42,45,43,41,0,30,33,35,24,24,24,42,56,51,55,0,24,26,28,25,25,25,42,55,45,41,0,28,30,35,26,26,26,42,41,57,47,0,35,38,40,27,27,27,42,47,56,55,0,40,24,28,28,28,28,42,55,41,47,0,28,35,40,29,29,29,43,28,25,43,52,0,41,42,43,44,30,30,30,30,43,25,24,42,43,0,42,45,46,43,31,31,31,31,43,34,35,50,53,0,47,48,49,50,32,32,32,32,43,22,39,59,40,0,51,52,53,54,33,33,33,33,43,33,1,48,49,0,55,56,57,58,34,34,34,34,43,37,31,46,57,0,59,60,61,62,35,35,35,35,43,24,23,41,42,0,63,64,65,66,36,36,36,36,43,30,27,54,55,0,67,68,69,70,37,37,37,37,43,38,30,55,58,0,71,72,73,74,38,38,38,38,43,26,29,44,45,0,75,1,4,76,39,39,39,39,43,17,34,53,56,0,77,47,50,78,34,34,34,34,43,31,32,47,46,0,60,79,80,61,40,40,40,40,43,32,33,49,47,0,79,55,58,80,41,41,41,41,43,27,26,45,54,0,68,75,76,69,42,42,42,42,43,35,36,51,50,0,48,81,82,49,43,43,43,43,43,39,37,57,59,0,52,59,62,53,44,44,44,44,43,1,17,56,48,0,83,84,85,86,45,45,45,45,43,36,38,58,51,0,67,87,88,89,46,46,46,46,43,23,22,40,41,0,64,90,91,65,47,47,47,47],
    "uvs":[[0,0,0.819228,0.579769,0.819228,0.501703,1,0.501703,1,0.579769,0.811655,0.167655,0.811472,0.248252,0.807498,0.327937,0.819227,0.407796,0.808539,0.489867,0.797898,0.618933,0.728209,0.681879,0.60766,0.638572,0.508621,0.627768,0.465242,0.540692,0.409614,0.319732,0.500473,0.308414,0.568652,0.254618,0.615981,0.1879,0.692897,0.135036,0.6996,0.0493814,0.767136,0,0.819228,0.0866914,0.402042,0.514224,0.401858,0.433627,0.409614,0.595187,0.357522,0.681879,0.289986,0.632497,0.283283,0.546843,0.206367,0.493979,0.159038,0.427261,0.0908594,0.373465,0,0.362147,0.055628,0.141186,0.0990073,0.0541102,0.198046,0.043307,0.318595,0,0.388284,0.062946,0.398925,0.192012,0.409614,0.274083,0.397884,0.353941,0.409614,1,0.409614,0.773885,0.590386,0.773885,0.590386,1,0.409614,0.681879,0.590386,0.681879,0.638455,0.853199,0.638455,0.773606,0.819227,0.773606,0.819228,0.853199,0.819228,0.501703,0.819228,0.446714,1,0.446714,1,0.501703,0.819228,0.0800279,0.819228,3.71178e-08,1,0,1,0.0800279,0.819228,0.319678,0.819228,0.239322,1,0.239322,1,0.319678,0.180772,0.681879,0.180772,0.773539,5.00758e-08,0.773539,3.00455e-08,0.681879,0.819228,0.821759,0.819228,0.733465,1,0.733465,1,0.821759,0.180773,0.681879,0.271252,0.681879,0.271252,0.849372,0.180772,0.849372,0.819228,0.661593,1,0.661593,0.638455,0.933227,0.819227,0.933227,0.819228,0.15874,1,0.15874,0.638455,0.681879,0.819227,0.681879,0.409614,0.849372,0.323583,0.849372,0.323583,0.681879,0.409614,0.681879,0.904541,0.821759,0.904541,0.989252,0.819228,0.989252,0.180772,0.89238,0,0.89238]]
}