{
    "vertices":[0.249055,0.632817,-4.60572,-0.877119,0.632817,-5.17719,-1.16651,0.632817,-5.66796,-0.697796,0.632817,-5.90744,0.512593,0.632817,-6.71616,0.25755,0.632817,-6.25696,0.952683,0.632817,-6.06346,-0.425025,0.632817,-4.06768,-1.64926,0.632817,-4.4918,-0.275434,0.632817,-6.22373,0.834857,0.632817,-4.82618,-1.16651,-0.467183,-5.66796,-0.697796,-0.467183,-5.90744,0.512593,-0.467183,-6.71616,0.25755,-0.467183,-6.25696,0.952683,-0.467183,-6.06346,-0.877119,-0.467183,-5.17719,-0.425025,-0.467183,-4.06768,-1.64926,-0.467183,-4.4918,-0.275434,-0.467183,-6.22373,0.834857,-0.467183,-4.82618,0.249055,-0.467183,-4.60572],
    "metadata":{
        "version":3,
        "generator":"io_three",
        "vertices":22,
        "faces":29,
        "materials":1,
        "uvs":1,
        "normals":29,
        "type":"Geometry",
        "colors":0
    },
    "faces":[42,3,2,1,0,0,1,2,0,0,0,42,1,8,7,0,2,3,4,1,1,1,42,0,10,6,0,5,6,7,2,2,2,42,1,7,0,0,2,4,5,3,3,3,42,9,3,1,0,10,0,2,4,4,4,42,6,4,5,0,7,8,9,5,5,5,42,5,9,1,0,9,10,2,6,6,6,42,1,0,6,0,2,5,7,7,7,7,42,1,6,5,0,2,7,9,8,8,8,42,12,19,14,0,11,12,13,9,9,9,42,14,13,15,0,13,14,15,10,10,10,42,15,20,21,0,15,16,17,11,11,11,42,21,17,18,0,17,18,19,12,12,12,42,16,11,12,0,20,21,11,13,13,13,42,21,18,16,0,17,19,20,14,14,14,42,14,15,21,0,13,15,17,15,15,15,42,16,12,14,0,20,11,13,16,16,16,42,14,21,16,0,13,17,20,17,17,17,43,1,2,11,16,0,22,23,24,25,18,18,18,18,43,0,7,17,21,0,26,27,28,29,19,19,19,19,43,2,3,12,11,0,30,31,32,33,20,20,20,20,43,7,8,18,17,0,34,35,36,37,21,21,21,21,43,10,0,21,20,0,38,39,40,41,22,22,22,22,43,5,4,13,14,0,42,43,44,45,23,23,23,23,43,8,1,16,18,0,46,26,29,37,24,24,24,24,43,9,5,14,19,0,47,42,45,48,25,25,25,25,43,4,6,15,13,0,49,50,51,52,26,26,26,26,43,6,10,20,15,0,50,53,54,51,27,27,27,27,43,3,9,19,12,0,31,47,48,32,28,28,28,28],
    "materials":[{
        "transparent":false,
        "mapDiffuseRepeat":[1,1],
        "vertexColors":false,
        "colorEmissive":[0,0,0],
        "mapDiffuseAnisotropy":1,
        "wireframe":false,
        "colorSpecular":[0.5,0.5,0.5],
        "DbgColor":15658734,
        "doubleSided":false,
        "colorDiffuse":[0.64,0.64,0.64],
        "depthTest":true,
        "visible":true,
        "shading":"phong",
        "mapDiffuse":"grass.jpg",
        "DbgName":"Material.006",
        "opacity":1,
        "DbgIndex":0,
        "blending":1,
        "specularCoef":50,
        "depthWrite":true,
        "mapDiffuseWrap":["repeat","repeat"]
    }],
    "colors":[],
    "normals":[9.7724e-08,1,-5.76245e-08,2.16702e-08,1,-6.2552e-08,-1.88037e-08,1,-4.99648e-08,3.43663e-08,1,-6.77253e-08,-7.48959e-08,1,-1.00014e-07,-0,1,0,-3.68351e-09,1,-5.90717e-08,1.66662e-08,1,-3.2844e-08,1.18885e-08,1,-4.2708e-08,6.40925e-09,-1,1.02784e-07,3.71319e-08,-1,2.06233e-08,1.88037e-08,-1,4.99648e-08,3.59437e-09,-1,5.98935e-08,2.38428e-08,-1,4.66659e-08,2.79873e-09,-1,4.66357e-08,2.77607e-08,-1,5.42883e-08,-1.78696e-08,-1,3.64228e-08,-1.00937e-09,-1,5.41402e-08,-0.861395,0,0.507935,0.623831,0,0.781559,-0.45498,0,-0.890502,-0.327348,0,0.944904,0.352222,0,0.935916,-0.874213,0,-0.485543,-0.663841,0,-0.747874,-0.0622357,0,-0.998061,0.829134,0,-0.55905,0.995496,0,0.0948012,-0.599414,0,-0.800439],
    "uvs":[[0.371968,0.305882,0.381664,0.41407,0.259119,0.417042,0.222002,0.627045,0.00510959,0.459134,0.0265073,0.28239,0,0.155788,0.212394,0,0.381664,0.00571074,0.326912,0.10051,0.381572,0.197414,0.753631,0.321163,0.763236,0.429631,0.708576,0.526535,0.763327,0.621334,0.594058,0.627045,0.381664,0.471256,0.408171,0.344655,0.386773,0.16791,0.603666,0,0.640782,0.210003,0.763327,0.212975,0.763327,0.773067,0.856727,0.773068,0.856727,1,0.763327,1,0.18248,0.853977,0.0534888,0.853977,0.0534888,0.627045,0.18248,0.627045,0.763327,0.391219,0.763327,0.284907,1,0.284907,1,0.391219,0.618336,0.627045,0.618336,0.894334,0.381664,0.894334,0.381664,0.627045,0.721904,0.853977,0.618336,0.853977,0.618336,0.627045,0.721904,0.627045,0.763327,0.0757702,0.763327,0,1,0,1,0.0757703,0.381664,0.853977,0.763327,0.183632,1,0.183632,1,0.391219,1,0.51666,0.763327,0.51666,0.763327,0.39122,1,0.773067,0.763327,0.773067]]
}