{
    "metadata":{
        "vertices":26,
        "materials":1,
        "faces":21,
        "version":3,
        "uvs":1,
        "generator":"io_three",
        "type":"Geometry",
        "colors":0,
        "normals":14
    },
    "vertices":[3.27373,-0.467183,0.8107,3.27373,-0.467183,0.8107,3.80302,-0.467183,0.81827,3.80302,-0.467183,0.81827,4.00986,-0.467183,-0.241196,4.00986,-0.467183,-0.241196,3.91457,-0.467183,0.285951,3.41704,-0.467183,0.118668,3.42886,-0.467183,-0.413281,3.80302,-0.467183,0.81827,3.91457,-0.467183,0.285951,3.41704,-0.467183,0.118668,3.91457,-0.467183,0.285951,3.27373,0.632817,0.810699,3.27373,0.632817,0.810699,3.80302,0.632817,0.81827,3.80302,0.632817,0.81827,4.00986,0.632817,-0.241196,4.00986,0.632817,-0.241196,3.91457,0.632817,0.285951,3.41704,0.632817,0.118668,3.42886,0.632817,-0.413281,3.80302,0.632817,0.81827,3.91457,0.632817,0.285951,3.41704,0.632817,0.118668,3.91457,0.632817,0.285951],
    "materials":[{
        "mapDiffuseAnisotropy":1,
        "opacity":1,
        "wireframe":false,
        "shading":"phong",
        "mapDiffuse":"cobble.jpg",
        "transparent":false,
        "doubleSided":false,
        "depthWrite":true,
        "colorDiffuse":[0.64,0.64,0.64],
        "visible":true,
        "mapDiffuseRepeat":[1,1],
        "DbgColor":15658734,
        "specularCoef":50,
        "colorSpecular":[0.5,0.5,0.5],
        "vertexColors":false,
        "DbgName":"g5",
        "DbgIndex":0,
        "mapDiffuseWrap":["repeat","repeat"],
        "depthTest":true,
        "colorEmissive":[0,0,0],
        "blending":1
    }],
    "colors":[],
    "normals":[-1.58939e-08,-1,5.36618e-08,-7.98368e-10,-1,5.58186e-08,-1.86976e-08,-1,5.56093e-08,-1.35372e-08,-1,4.02616e-08,0,1,-0,0,1,0,-0,1,0,-0.979223,-1.43762e-08,-0.202784,0,0,0,-0.999753,-1.19342e-09,-0.0222144,0.98405,9.48295e-09,0.177892,0.978742,6.22679e-09,0.205094,-0.0143015,5.39812e-08,0.999898,0.283992,-5.58895e-08,-0.958827],
    "faces":[42,8,5,12,0,5,0,1,0,0,0,42,12,9,1,0,1,2,3,1,1,1,42,11,8,12,0,4,5,1,2,2,2,42,12,1,11,0,1,3,4,3,3,3,42,25,18,21,0,11,6,7,4,4,4,42,24,14,22,0,8,9,10,5,5,5,42,25,21,24,0,11,7,8,6,6,6,42,24,22,25,0,8,10,11,5,5,5,43,11,1,14,24,0,12,13,14,15,7,7,7,7,43,5,4,17,18,0,16,16,16,16,8,8,8,8,43,8,11,24,21,0,17,12,15,18,9,9,9,9,43,1,0,13,14,0,16,16,16,16,8,8,8,8,43,3,2,15,16,0,16,16,16,16,8,8,8,8,43,10,12,25,23,0,16,16,16,16,8,8,8,8,43,9,3,16,22,0,16,16,16,16,8,8,8,8,43,12,5,18,25,0,19,20,21,22,10,10,10,10,43,12,6,19,25,0,16,16,16,16,8,8,8,8,43,9,12,25,22,0,23,19,22,24,11,11,11,11,43,11,7,20,24,0,16,16,16,16,8,8,8,8,43,1,9,22,14,0,25,26,27,28,12,12,12,12,43,5,8,21,18,0,29,30,31,32,13,13,13,13],
    "uvs":[[0.626853,0.958151,0.637284,0.728931,0.653428,0.496638,0.847624,0.47134,0.827261,0.773237,0.847624,1,0.406082,0.513189,0.626853,0.47134,0.60649,0.698103,0.626853,1,0.432657,0.974702,0.416513,0.742408,1.12489e-07,0.301568,0,4.5698e-08,0.406082,0,0.406082,0.301568,0,0,1.0124e-07,0.528616,0.406082,0.528616,0.603822,0.47134,0.406082,0.47134,0.406082,2.61132e-08,0.603822,5.22263e-08,0.804584,0.47134,0.804584,0,1,0.47134,0.804584,0.47134,0.804584,1.04453e-07,1,0,0.182386,0.528616,0.406082,0.528616,0.406082,0.999956,0.182386,0.999956]]
}