{
    "colors":[],
    "uvs":[[0.243504,0.00881397,0.250724,0.0106643,0.250109,0.0103787,0.250143,0.0106047,0.25045,0.0106336,0.246247,0.0150993,0.251915,0.0165848,0.251598,0.0161292,0.243343,0.0173107,0.243275,0.0174389,0.251871,0.0191944]],
    "normals":[-0,-1,-0,-0,-1,0,0,1,0,0,1,-0,-0.999753,0,-0.0222144,0.98405,0,0.177892,0.978742,6.84947e-08,0.205094,0.283992,0,-0.958827,-0.0143017,0,0.999898,-0.979223,0,-0.202784],
    "materials":[{
        "vertexColors":false,
        "transparent":false,
        "shading":"phong",
        "specularCoef":50,
        "colorEmissive":[0,0,0],
        "doubleSided":false,
        "depthTest":true,
        "DbgName":"Material.060",
        "visible":true,
        "colorSpecular":[0.5,0.5,0.5],
        "opacity":1,
        "wireframe":false,
        "blending":1,
        "depthWrite":true,
        "colorDiffuse":[0.64,0,0.527377],
        "DbgIndex":0,
        "DbgColor":15658734
    }],
    "faces":[42,0,3,1,0,0,1,2,0,0,0,42,0,4,3,0,0,3,4,1,1,1,42,4,5,3,0,5,6,7,0,0,0,42,4,2,5,0,8,9,10,1,1,1,42,6,7,11,0,0,2,1,2,2,2,42,6,11,9,0,0,4,3,3,3,3,42,9,11,10,0,5,7,6,2,2,2,42,9,10,8,0,8,10,9,3,3,3,43,2,4,9,8,0,9,8,8,9,4,4,4,4,43,3,5,10,11,0,7,6,6,7,5,5,5,5,43,1,3,11,7,0,2,1,1,2,6,6,6,6,43,5,2,8,10,0,10,9,9,10,7,7,7,7,43,0,1,7,6,0,0,2,2,0,8,8,8,8,43,4,0,6,9,0,3,0,0,3,9,9,9,9],
    "vertices":[3.27373,0.532817,0.810699,3.80302,0.532817,0.81827,3.42886,0.532817,-0.413281,3.91457,0.532817,0.285951,3.41704,0.532817,0.118668,4.00986,0.532817,-0.241196,3.27373,0.632817,0.810699,3.80302,0.632817,0.81827,3.42886,0.632817,-0.413281,3.41704,0.632817,0.118668,4.00986,0.632817,-0.241196,3.91457,0.632817,0.285951],
    "metadata":{
        "uvs":1,
        "materials":1,
        "faces":14,
        "colors":0,
        "type":"Geometry",
        "version":3,
        "generator":"io_three",
        "vertices":12,
        "normals":10
    }
}