{
    "colors":[],
    "uvs":[[0.133345,0.0296123,0.1318,0.0132428,0.131588,0.0130496,0.134796,0.028935,0.133264,0.0141075,0.13293,0.0138919,0.198356,0.0290957,0.198195,0.0285539,0.188471,0.0220661,0.198424,0.0282014,0.189369,0.0217245,0.188712,0.0214628,0.111658,0.0298179,0.109704,0.0125357,0.109629,0.0126503,0.111955,0.0301436,0.1167,0.0300452,0.11419,0.0080553,0.113513,0.00871969,0.116896,0.0298215,0.117067,0.0296007,0.114401,0.00746064,0.121532,0.0446696,0.120173,0.0327942,0.120163,0.0338142,0.106482,0.219051,0.106694,0.219073,0.107771,0.21886,0.123647,0.0446636,0.119689,0.0106878,0.119531,0.0108079,0.126209,0.0440978,0.126466,0.0441389,0.122457,0.0116177,0.127504,0.050176,0.12722,0.0469993,0.126998,0.0468159,0.129576,0.0513946,0.130418,0.0572518,0.125039,0.0118656,0.130941,0.0565601,0.125896,0.0117759,0.125396,0.0112474,0.131453,0.0553992,0.129265,0.0345719,0.126635,0.0123154,0.134505,0.0581867,0.132438,0.0377834,0.132015,0.0367363,0.135175,0.0595028,0.13464,0.0545487,0.132692,0.0383646,0.135484,0.0593067,0.135209,0.0567551,0.134915,0.0548143,0.132699,0.0305796,0.133227,0.0306084,0.130895,0.0122026,0,0,0.0255105,0.153503,0.018535,0.157986,0.0169757,0.156555]],
    "normals":[6.8109e-09,-1,1.09734e-07,-0,-1,0,0,-1,0,-0,-1,-0,-1.22859e-08,-1,1.29329e-07,-1.38464e-08,-1,1.14215e-07,7.06857e-09,-1,1.20371e-07,-4.2611e-08,-1,1.14999e-07,1.68692e-08,-1,1.3171e-07,5.2566e-09,-1,1.06363e-07,-2.37491e-08,-1,9.36906e-08,-6.64194e-09,-1,1.61461e-07,-5.56525e-08,-1,1.00894e-07,1.78124e-08,-1,9.33745e-08,0.665073,0,-0.746778,0.251703,0,-0.967804,0.0880053,0,-0.99612,0.957866,0,-0.287216,-0.0493609,0,-0.998781,0.845882,0,-0.533371,-0.0586223,0,-0.99828,-0.0560783,0,0.998426,0.562066,0,0.827092,-0.202218,0,0.97934,0.0326466,0,0.999467,-0.251703,0,0.967804,-0.482991,0,0.875625,-0.651724,0,-0.758456,-0.938189,0,0.346123,-0.970627,0,0.240588,0.482903,0,-0.875674,-0.430944,0,-0.902379,0.120349,0,-0.992732,0.245713,0,-0.969343,-0.54074,0,0.84119,0,0,0,-6.8109e-09,1,-1.09734e-07,0,1,-0,0,1,0,1.22859e-08,1,-1.29329e-07,1.38464e-08,1,-1.14215e-07,-7.06857e-09,1,-1.20371e-07,4.2611e-08,1,-1.14999e-07,-1.68692e-08,1,-1.3171e-07,-5.2566e-09,1,-1.06363e-07,2.37491e-08,1,-9.36906e-08,6.64194e-09,1,-1.61461e-07,0,1,0,6.38612e-09,1,-1.54179e-07,-0,1,0,-0.56246,0,-0.826825,0.0138796,0,0.999904,0.78501,0,0.619483,0.900115,0,-0.435652],
    "materials":[{
        "vertexColors":false,
        "transparent":false,
        "shading":"phong",
        "specularCoef":50,
        "colorEmissive":[0,0,0],
        "doubleSided":false,
        "depthTest":true,
        "DbgName":"Material.044",
        "visible":true,
        "colorSpecular":[0.5,0.5,0.5],
        "opacity":1,
        "wireframe":false,
        "blending":1,
        "depthWrite":true,
        "colorDiffuse":[0.64,0,0.392263],
        "DbgIndex":0,
        "DbgColor":15658734
    }],
    "faces":[42,2,0,3,0,0,1,2,0,0,0,42,2,1,0,0,3,4,5,1,1,1,42,20,23,22,0,6,7,8,2,2,2,42,23,16,22,0,9,10,11,1,1,1,42,22,4,5,0,12,13,14,3,3,3,42,22,16,4,0,12,15,13,1,1,1,42,16,6,4,0,16,17,18,4,4,4,42,16,19,6,0,19,20,21,5,5,5,42,14,19,16,0,22,23,24,6,6,6,42,21,15,14,0,25,26,27,7,7,7,42,14,7,6,0,28,29,30,1,1,1,42,14,17,7,0,31,32,33,1,1,1,42,15,17,14,0,34,35,36,1,1,1,42,15,18,7,0,37,38,39,1,1,1,42,18,8,7,0,40,41,42,1,1,1,42,18,11,8,0,43,44,45,1,1,1,42,18,12,11,0,46,47,48,8,8,8,42,18,9,12,0,49,50,51,9,9,9,42,18,10,9,0,52,53,54,10,10,10,42,11,13,8,0,55,56,57,11,11,11,42,16,23,20,0,58,58,58,2,2,2,42,20,21,14,0,58,58,58,12,12,12,42,20,14,16,0,58,58,58,13,13,13,43,24,25,47,46,0,5,4,4,5,14,14,14,14,43,32,37,59,54,0,57,56,56,57,15,15,15,15,43,31,40,63,53,0,33,32,32,33,16,16,16,16,43,31,32,54,53,0,42,41,41,42,17,17,17,17,43,36,33,55,58,0,51,50,50,51,18,18,18,18,43,30,31,53,52,0,30,29,29,30,19,19,19,19,43,42,38,60,65,0,23,22,22,23,20,20,20,20,43,38,30,52,60,0,28,30,30,28,21,21,21,21,43,29,28,50,51,0,14,13,13,14,22,22,22,22,43,43,45,68,66,0,6,8,8,6,23,23,23,23,43,45,29,51,68,0,12,14,14,12,24,24,24,24,43,27,26,48,49,0,0,2,2,0,25,25,25,25,43,44,43,66,67,0,58,58,58,58,26,26,26,26,43,37,35,57,59,0,56,55,55,56,27,27,27,27,43,34,41,64,56,0,53,52,52,53,28,28,28,28,43,39,44,67,61,0,26,25,25,26,29,29,29,29,43,35,36,58,57,0,48,47,47,48,30,30,30,30,43,25,27,49,47,0,4,3,3,4,31,31,31,31,43,30,42,65,52,0,21,20,20,21,32,32,32,32,43,33,34,56,55,0,54,53,53,54,33,33,33,33,43,41,39,61,64,0,38,37,37,38,34,34,34,34,43,6,19,42,30,0,21,20,20,21,35,35,35,35,43,1,2,27,25,0,4,3,3,4,35,35,35,35,43,11,12,36,35,0,48,47,47,48,35,35,35,35,43,15,21,44,39,0,26,25,25,26,35,35,35,35,43,10,18,41,34,0,53,52,52,53,35,35,35,35,43,13,11,35,37,0,56,55,55,56,35,35,35,35,43,21,20,43,44,0,58,58,58,58,35,35,35,35,43,2,3,26,27,0,0,2,2,0,35,35,35,35,43,22,5,29,45,0,12,14,14,12,35,35,35,35,43,20,22,45,43,0,6,8,8,6,35,35,35,35,43,5,4,28,29,0,14,13,13,14,35,35,35,35,43,14,6,30,38,0,28,30,30,28,35,35,35,35,43,19,14,38,42,0,23,22,22,23,35,35,35,35,43,6,7,31,30,0,30,29,29,30,35,35,35,35,43,12,9,33,36,0,51,50,50,51,35,35,35,35,43,7,8,32,31,0,42,41,41,42,35,35,35,35,43,7,17,40,31,0,33,32,32,33,35,35,35,35,43,8,13,37,32,0,57,56,56,57,35,35,35,35,43,0,1,25,24,0,5,4,4,5,35,35,35,35,43,17,15,39,40,0,35,34,34,35,35,35,35,35,43,15,7,31,39,0,37,39,39,37,35,35,35,35,43,4,6,30,28,0,18,17,17,18,35,35,35,35,43,3,0,24,26,0,2,1,1,2,35,35,35,35,43,18,15,39,41,0,38,37,37,38,35,35,35,35,43,9,10,34,33,0,54,53,53,54,35,35,35,35,42,49,48,46,0,0,2,1,36,36,36,42,49,46,47,0,3,5,4,37,37,37,42,66,68,69,0,6,8,7,37,37,37,42,69,68,62,0,9,11,10,37,37,37,42,68,51,50,0,12,14,13,38,38,38,42,68,50,62,0,12,13,15,37,37,37,42,62,50,52,0,16,18,17,39,39,39,42,62,52,65,0,19,21,20,40,40,40,42,60,62,65,0,22,24,23,41,41,41,42,67,60,61,0,25,27,26,42,42,42,42,60,52,53,0,28,30,29,37,37,37,42,60,53,63,0,31,33,32,37,37,37,42,61,60,63,0,34,36,35,37,37,37,42,61,53,64,0,37,39,38,37,37,37,42,64,53,54,0,40,42,41,37,37,37,42,64,54,57,0,43,45,44,37,37,37,42,64,57,58,0,46,48,47,43,43,43,42,64,58,55,0,49,51,50,44,44,44,42,64,55,56,0,52,54,53,45,45,45,42,57,54,59,0,55,57,56,46,46,46,42,66,69,62,0,58,58,58,47,47,47,42,62,60,67,0,58,58,58,48,48,48,42,62,67,66,0,58,58,58,49,49,49,43,40,39,61,63,0,35,34,34,35,50,50,50,50,43,39,31,53,61,0,37,39,39,37,51,51,51,51,43,28,30,52,50,0,18,17,17,18,52,52,52,52,43,26,24,46,48,0,2,1,1,2,53,53,53,53,42,72,71,70,0,59,60,61,2,2,2],