{
    "metadata":{
        "vertices":36,
        "materials":1,
        "faces":50,
        "version":3,
        "uvs":1,
        "generator":"io_three",
        "type":"Geometry",
        "colors":0,
        "normals":49
    },
    "vertices":[-4.39046,0.632817,-0.484552,-4.02258,0.632817,0.485547,-3.88111,0.632817,1.05627,-0.762803,0.632817,-0.6138,-4.89962,0.632817,-0.613616,-4.6407,0.632817,0.0882018,-1.19735,0.632817,-1.00081,-3.41683,0.632817,1.31237,-1.84392,0.632817,1.63715,-2.1937,0.632817,-0.524989,-1.69322,0.632817,-0.832784,-0.507576,0.632817,-0.0864679,-0.351338,0.632817,0.434587,-0.0719179,0.632817,0.877724,-0.849048,0.632817,1.60465,-0.41025,0.632817,1.30646,-3.26964,0.632817,-0.539944,-2.60369,0.632817,-0.172695,-2.60369,-0.467183,-0.172695,-3.26964,-0.467183,-0.539944,-0.41025,-0.467183,1.30646,-0.849048,-0.467183,1.60465,-0.0719179,-0.467183,0.877724,-0.351338,-0.467183,0.434587,-0.507576,-0.467183,-0.0864678,-1.69322,-0.467183,-0.832784,-2.1937,-0.467183,-0.524989,-1.84392,-0.467183,1.63715,-3.41683,-0.467183,1.31237,-1.19735,-0.467183,-1.00081,-4.6407,-0.467183,0.0882018,-4.89962,-0.467183,-0.613616,-0.762803,-0.467183,-0.6138,-3.88111,-0.467183,1.05627,-4.02258,-0.467183,0.485547,-4.39046,-0.467183,-0.484552],
    "materials":[{
        "mapDiffuseAnisotropy":1,
        "opacity":1,
        "wireframe":false,
        "shading":"phong",
        "mapDiffuse":"grass.jpg",
        "transparent":false,
        "doubleSided":false,
        "depthWrite":true,
        "colorDiffuse":[0.079543,0.734457,0.0435702],
        "visible":true,
        "mapDiffuseRepeat":[1,1],
        "DbgColor":15658734,
        "specularCoef":50,
        "colorSpecular":[0.5,0.5,0.5],
        "vertexColors":false,
        "DbgName":"Material.006",
        "DbgIndex":0,
        "mapDiffuseWrap":["repeat","repeat"],
        "depthTest":true,
        "colorEmissive":[0,0,0],
        "blending":1
    }],
    "colors":[],
    "normals":[0.938189,-3.62179e-08,-0.346124,-0.482903,6.23439e-08,0.875674,0,1,0,1.59134e-09,1,-6.82565e-08,3.10602e-07,1,-1.5033e-07,-1.89021e-08,1,-5.57831e-08,2.09464e-07,1,2.43768e-07,-0,1,0,1.18745e-08,1,-4.68453e-08,-4.09908e-08,1,-4.20582e-08,2.61142e-08,1,-4.06239e-08,-1.61591e-08,1,-6.74374e-08,5.74197e-09,1,-3.28984e-08,1.75384e-08,1,-8.49381e-08,-1.60185e-08,1,-6.94464e-08,-6.22601e-09,1,-2.59833e-08,-1.60162e-09,1,-4.8728e-08,9.89432e-11,1,-4.94419e-08,-0.957866,4.35799e-08,0.287216,0.54074,-4.6088e-08,-0.84119,0.482991,-4.47096e-08,-0.875625,-0.665074,4.65596e-08,0.746778,0,-1,0,-7.15673e-08,-1,1.11332e-07,-3.20435e-08,-1,1.1238e-07,3.92034e-08,-1,1.69961e-07,6.13808e-07,-1,-1.8405e-07,-2.64809e-08,-1,1.66975e-08,-2.2572e-09,-1,5.60283e-08,7.36135e-09,-1,1.48951e-07,-2.047e-08,-1,8.07545e-08,4.46177e-09,-1,5.51025e-08,-0,-1,0,3.66013e-07,-1,5.95145e-07,2.97937e-08,-1,2.04262e-08,-1.11987e-08,-1,4.75809e-08,-3.18848e-08,-1,4.63188e-08,0.202218,0,-0.97934,-0.900115,5.78071e-08,0.435652,0.320926,0,0.947104,0.651724,1.25302e-08,0.758456,-0.845882,3.87874e-08,0.533371,0.0493609,8.14829e-08,0.998781,-0.0326466,0,-0.999467,-0.78501,-3.72053e-08,-0.619483,0.970627,-1.72789e-08,-0.240588,-0.245713,7.73698e-08,0.969343,0.523859,0,0.851805,-0.562066,0,-0.827092],
    "faces":[43,30,31,4,5,0,0,1,2,3,0,0,0,0,43,19,18,17,16,0,4,5,6,7,1,1,1,1,42,27,21,20,0,25,8,9,2,2,2,42,20,22,23,0,9,10,11,3,3,3,42,23,24,32,0,11,12,13,4,4,4,42,32,29,25,0,13,14,15,5,5,5,42,25,26,18,0,15,16,17,6,6,6,42,18,19,35,0,17,18,19,7,7,7,42,35,31,30,0,19,20,21,8,8,8,42,34,33,28,0,22,23,24,9,9,9,42,35,30,34,0,19,21,22,10,10,10,42,32,25,18,0,13,15,17,11,11,11,42,18,35,34,0,17,19,22,12,12,12,42,34,28,27,0,22,24,25,13,13,13,42,27,20,23,0,25,9,11,14,14,14,42,23,32,18,0,11,13,17,15,15,15,42,18,34,27,0,17,22,25,16,16,16,42,23,18,27,0,11,17,25,17,17,17,43,24,23,12,11,0,26,27,28,29,18,18,18,18,43,34,30,5,1,0,30,0,3,31,19,19,19,19,43,28,33,2,7,0,32,33,34,35,20,20,20,20,43,29,32,3,6,0,36,37,38,39,21,21,21,21,42,15,14,8,0,57,40,41,22,22,22,42,8,7,2,0,41,42,43,22,22,22,42,1,5,4,0,44,45,46,23,23,23,42,8,2,1,0,41,43,44,24,24,24,42,13,15,8,0,56,57,41,25,25,25,42,3,11,12,0,53,54,55,26,26,26,42,12,13,8,0,55,56,41,27,27,27,42,8,1,4,0,41,44,46,28,28,28,42,0,16,17,0,47,48,49,29,29,29,42,8,4,0,0,41,46,47,30,30,30,42,3,12,8,0,53,55,41,31,31,31,42,10,6,3,0,51,52,53,32,32,32,42,17,9,10,0,49,50,51,33,33,33,42,8,0,17,0,41,47,49,34,34,34,42,10,3,8,0,51,53,41,35,35,35,42,8,17,10,0,41,49,51,36,36,36,43,27,28,7,8,0,58,32,35,59,37,37,37,37,43,32,24,11,3,0,37,26,29,38,38,38,38,38,43,25,29,6,10,0,60,61,62,63,39,39,39,39,43,18,26,9,17,0,64,65,66,67,40,40,40,40,43,23,22,13,12,0,27,68,69,28,41,41,41,41,43,16,0,35,19,0,72,73,70,71,42,42,42,42,43,21,27,8,14,0,74,58,59,75,43,43,43,43,43,22,20,15,13,0,76,77,78,67,44,44,44,44,43,33,34,1,2,0,33,30,31,34,45,45,45,45,43,0,4,31,35,0,73,80,79,70,46,46,46,46,43,26,25,10,9,0,65,60,63,66,47,47,47,47,43,20,21,14,15,0,77,81,82,78,48,48,48,48],
    "uvs":[[0.826911,0.0686945,0.826911,0,1,0,1,0.0686946,0.586545,0.690803,0.689769,0.690803,0.689769,0.854346,0.586545,0.854346,0,0.126155,0.0394855,0.0566589,0.101045,0,0.174969,0.0344646,0.259072,0.0495096,0.345777,0.0790948,0.413455,0.137366,0.395276,0.213287,0.355297,0.292053,0.306873,0.358125,0.375248,0.45092,0.384923,0.61751,0.413455,0.690803,0.299383,0.66337,0.227082,0.578114,0.135448,0.566022,0.0877698,0.501329,0.0111974,0.273767,1,0.843681,1,0.922139,0.826911,0.922139,0.826911,0.843681,0.826911,0.1743,1,0.1743,0.826911,0.297776,0.826911,0.220388,1,0.220388,1,0.297776,1,0.674424,1,0.756898,0.826911,0.756899,0.826911,0.674424,0.413455,0.564648,0.424653,0.417036,0.501225,0.189474,0.548904,0.124781,0.640537,0.112689,0.712839,0.0274329,0.826911,0,0.798379,0.073293,0.788703,0.239884,0.720329,0.332678,0.768753,0.39875,0.808731,0.477516,0.826911,0.553437,0.759232,0.611708,0.672527,0.641293,0.588425,0.656338,0.5145,0.690803,0.452941,0.634144,0.826911,0.535152,1,0.535152,0.413455,0.829578,0.413455,0.904144,0.240366,0.904144,0.240366,0.829578,0.413455,0.690803,0.413455,0.753586,0.240366,0.753586,0.240366,0.690803,1,1,0.826911,1,0.586544,0.765771,0.586544,0.932596,0.413455,0.932596,0.413455,0.765771,0.826911,0.674424,1,0.674424,0.240366,0.854346,0.15543,0.854346,0.15543,0.690803,0.586544,0.690803,0.413455,0.690803,0.0729233,0.854346,0.0729233,0.690803]]
}