{
    "metadata":{
        "faces":84,
        "materials":1,
        "version":3,
        "uvs":0,
        "normals":50,
        "type":"Geometry",
        "generator":"io_three",
        "vertices":72,
        "colors":0
    },
    "normals":[-0.449214,0,-0.893424,0.549121,0,-0.835743,0.998335,0,0.0576821,0.449214,0,0.893424,-0,1,0,0,1,0,0,1,0,-0.549121,0,0.835743,-0.998335,0,-0.0576821,0,-1,0,0,-1,-0,0,-1,-0,0.486394,0,-0.87374,0.999878,-8.63924e-09,-0.0156409,0.513485,4.9008e-07,0.858098,-0.486394,0,0.873739,-0.999878,0,0.0156423,-0.513486,0,-0.858098,-0,-1,0,0,-1,0,0.565105,0,-0.825019,0.99704,0,0.0768873,0.431935,0,0.901905,-0.565105,0,0.825019,0,1,-0,-0.99704,0,-0.0768873,-0.431935,0,-0.901905,-0,-1,0,-0.996082,0,-0.0884382,-0.42145,0,-0.906852,0.57463,0,-0.818413,0.996082,1.68331e-08,0.0884397,0.421452,1.7254e-07,0.906851,-0.57463,0,0.818413,-2.2185e-07,-1,3.15968e-07,1.62711e-07,-1,3.50112e-07,-1.9713e-08,-1,2.22027e-07,-0.486782,0,-0.873524,0.513105,0,-0.858326,0.999885,0,0.0151969,0.48678,0,0.873525,-0,1,0,-0.513102,0,0.858327,-0.999885,0,-0.0151982,-0.403919,0,-0.914795,0.590278,0,-0.8072,0.994195,0,0.107594,0.403917,0,0.914796,-0.590275,0,0.807202,-0.994195,0,-0.107594],
    "faces":[35,0,1,3,2,0,0,0,0,0,35,2,3,5,4,0,1,1,1,1,35,4,5,7,6,0,2,2,2,2,35,6,7,9,8,0,3,3,3,3,34,5,3,1,0,4,4,4,34,1,11,9,0,5,5,5,34,9,7,5,0,5,5,5,34,1,9,5,0,6,6,6,35,8,9,11,10,0,7,7,7,7,35,1,0,10,11,0,8,8,8,8,34,10,0,2,0,9,9,9,34,2,4,6,0,10,10,10,34,6,8,10,0,9,9,9,34,2,6,10,0,11,11,11,35,12,13,15,14,0,12,12,12,12,35,14,15,17,16,0,13,13,13,13,35,16,17,19,18,0,14,14,14,14,35,18,19,21,20,0,15,15,15,15,34,17,15,13,0,5,5,5,34,13,23,21,0,5,5,5,34,21,19,17,0,6,6,6,34,13,21,17,0,6,6,6,35,20,21,23,22,0,16,16,16,16,35,22,23,13,12,0,17,17,17,17,34,22,12,14,0,18,18,18,34,14,16,18,0,11,11,11,34,18,20,22,0,19,19,19,34,14,18,22,0,19,19,19,35,24,25,27,26,0,20,20,20,20,35,26,27,29,28,0,21,21,21,21,35,28,29,31,30,0,22,22,22,22,35,30,31,33,32,0,23,23,23,23,34,29,27,25,0,24,24,24,34,25,35,33,0,6,6,6,34,33,31,29,0,5,5,5,34,25,33,29,0,6,6,6,35,32,33,35,34,0,25,25,25,25,35,34,35,25,24,0,26,26,26,26,34,34,24,26,0,27,27,27,34,26,28,30,0,19,19,19,34,30,32,34,0,19,19,19,34,26,30,34,0,19,19,19,35,36,37,39,38,0,28,28,28,28,35,38,39,41,40,0,29,29,29,29,35,40,41,43,42,0,30,30,30,30,35,42,43,45,44,0,31,31,31,31,34,41,39,37,0,6,6,6,34,37,47,45,0,6,6,6,34,45,43,41,0,24,24,24,34,37,45,41,0,24,24,24,35,44,45,47,46,0,32,32,32,32,35,46,47,37,36,0,33,33,33,33,34,46,36,38,0,34,34,34,34,38,40,42,0,27,27,27,34,42,44,46,0,35,35,35,34,38,42,46,0,36,36,36,35,48,49,51,50,0,37,37,37,37,35,50,51,53,52,0,38,38,38,38,35,52,53,55,54,0,39,39,39,39,35,54,55,57,56,0,40,40,40,40,34,53,51,49,0,41,41,41,34,49,59,57,0,6,6,6,34,57,55,53,0,6,6,6,34,49,57,53,0,6,6,6,35,56,57,59,58,0,42,42,42,42,35,58,59,49,48,0,43,43,43,43,34,58,48,50,0,9,9,9,34,50,52,54,0,11,11,11,34,54,56,58,0,19,19,19,34,50,54,58,0,10,10,10,35,60,61,63,62,0,44,44,44,44,35,62,63,65,64,0,45,45,45,45,35,64,65,67,66,0,46,46,46,46,35,66,67,69,68,0,47,47,47,47,34,65,63,61,0,41,41,41,34,61,71,69,0,5,5,5,34,69,67,65,0,5,5,5,34,61,69,65,0,6,6,6,35,68,69,71,70,0,48,48,48,48,35,70,71,61,60,0,49,49,49,49,34,70,60,62,0,19,19,19,34,62,64,66,0,10,10,10,34,66,68,70,0,19,19,19,34,62,66,70,0,11,11,11],
    "uvs":[],
    "colors":[],
    "materials":[{
        "visible":true,
        "blending":1,
        "DbgIndex":0,
        "DbgColor":15658734,
        "vertexColors":false,
        "doubleSided":false,
        "colorSpecular":[0.5,0.5,0.5],
        "depthTest":true,
        "transparent":false,
        "DbgName":"Material.015",
        "colorDiffuse":[0.328683,0.160873,0],
        "opacity":1,
        "depthWrite":true,
        "colorEmissive":[0,0,0],
        "shading":"phong",
        "wireframe":false,
        "specularCoef":50
    }],
    "vertices":[2.66873,0.600061,-6.70588,2.66873,1.50943,-6.70588,2.828,0.600061,-6.78596,2.828,1.50943,-6.78596,2.97699,0.600061,-6.68807,2.97699,1.50943,-6.68807,2.9667,0.600061,-6.5101,2.9667,1.50943,-6.5101,2.80743,0.600061,-6.43002,2.80743,1.50943,-6.43002,2.65845,0.600061,-6.52791,2.65845,1.50943,-6.52791,2.9774,0.594265,-6.48451,2.9774,1.01,-6.48451,3.13316,0.594265,-6.3978,3.13316,1.01,-6.3978,3.13595,0.594265,-6.21955,3.13595,1.01,-6.21955,2.98297,0.594265,-6.12801,2.98297,1.01,-6.12801,2.82721,0.594265,-6.21472,2.82721,1.01,-6.21472,2.82442,0.594265,-6.39297,2.82442,1.01,-6.39297,3.16818,0.596419,-6.77895,3.16818,1.30088,-6.77895,3.31526,0.596419,-6.67821,3.31526,1.30088,-6.67821,3.30155,0.596419,-6.50046,3.30155,1.30088,-6.50046,3.14077,0.596419,-6.42346,3.14077,1.30088,-6.42346,2.9937,0.596419,-6.5242,2.9937,1.30088,-6.5242,3.0074,0.596419,-6.70195,3.0074,1.30088,-6.70195,3.16602,0.580584,-6.23084,3.16602,1.822,-6.23084,3.18178,0.580584,-6.40842,3.18178,1.822,-6.40842,3.34345,0.580584,-6.48355,3.34345,1.822,-6.48355,3.48935,0.580584,-6.38111,3.48935,1.822,-6.38111,3.47358,0.580584,-6.20354,3.47358,1.822,-6.20354,3.31192,0.580584,-6.12841,3.31192,1.822,-6.12841,3.51673,0.572672,-6.37673,3.51673,1.14021,-6.37673,3.67246,0.572672,-6.4635,3.67246,1.14021,-6.4635,3.82547,0.572672,-6.37203,3.82547,1.14021,-6.37203,3.82276,0.572672,-6.19378,3.82276,1.14021,-6.19378,3.66704,0.572672,-6.10701,3.66704,1.14021,-6.10701,3.51402,0.572672,-6.19848,3.51402,1.14021,-6.19848,3.36685,0.575613,-6.69395,3.36685,1.53729,-6.69395,3.52993,0.575613,-6.76595,3.52993,1.53729,-6.76595,3.67383,0.575613,-6.66072,3.67383,1.53729,-6.66072,3.65464,0.575613,-6.48349,3.65464,1.53729,-6.48349,3.49156,0.575613,-6.41148,3.49156,1.53729,-6.41148,3.34766,0.575613,-6.51671,3.34766,1.53729,-6.51671]
}