{
    "metadata":{
        "vertices":72,
        "materials":1,
        "faces":84,
        "version":3,
        "uvs":1,
        "generator":"io_three",
        "type":"Geometry",
        "colors":0,
        "normals":54
    },
    "vertices":[2.99856,0.646127,-6.68361,2.99856,1.44123,-6.68361,3.13781,0.646127,-6.75363,3.13781,1.44123,-6.75363,3.26808,0.646127,-6.66804,3.26808,1.44123,-6.66804,3.25909,0.646127,-6.51243,3.25909,1.44123,-6.51243,3.11983,0.646127,-6.44241,3.11983,1.44123,-6.44241,2.98957,0.646127,-6.528,2.98957,1.44123,-6.528,3.26844,0.641059,-6.49005,3.26844,1.00455,-6.49005,3.40463,0.641059,-6.41424,3.40463,1.00455,-6.41424,3.40706,0.641059,-6.25839,3.40706,1.00455,-6.25839,3.27331,0.641059,-6.17835,3.27331,1.00455,-6.17835,3.13712,0.641059,-6.25416,3.13712,1.00455,-6.25416,3.13469,0.641059,-6.41001,3.13469,1.00455,-6.41001,3.43525,0.642944,-6.74749,3.43525,1.25888,-6.74749,3.56385,0.642944,-6.65941,3.56385,1.25888,-6.65941,3.55186,0.642944,-6.504,3.55186,1.25888,-6.504,3.41128,0.642944,-6.43668,3.41128,1.25888,-6.43668,3.28269,0.642944,-6.52476,3.28269,1.25888,-6.52476,3.29467,0.642944,-6.68017,3.29467,1.25888,-6.68017,3.43336,0.629098,-6.26826,3.43336,1.71451,-6.26826,3.44714,0.629098,-6.42352,3.44714,1.71451,-6.42352,3.58849,0.629098,-6.48921,3.58849,1.71451,-6.48921,3.71606,0.629098,-6.39964,3.71606,1.71451,-6.39964,3.70227,0.629098,-6.24439,3.70227,1.71451,-6.24439,3.56092,0.629098,-6.17869,3.56092,1.71451,-6.17869,3.74,0.62218,-6.39581,3.74,1.1184,-6.39581,3.87616,0.62218,-6.47168,3.87616,1.1184,-6.47168,4.00994,0.62218,-6.39171,4.00994,1.1184,-6.39171,4.00757,0.62218,-6.23586,4.00757,1.1184,-6.23586,3.87142,0.62218,-6.15998,3.87142,1.1184,-6.15998,3.73763,0.62218,-6.23996,3.73763,1.1184,-6.23996,3.60895,0.624752,-6.67317,3.60895,1.46559,-6.67317,3.75154,0.624752,-6.73613,3.75154,1.46559,-6.73613,3.87735,0.624752,-6.64412,3.87735,1.46559,-6.64412,3.86058,0.624752,-6.48916,3.86058,1.46559,-6.48916,3.718,0.624752,-6.4262,3.718,1.46559,-6.4262,3.59218,0.624752,-6.51821,3.59218,1.46559,-6.51821],
    "materials":[{
        "mapDiffuseAnisotropy":1,
        "opacity":1,
        "wireframe":false,
        "shading":"phong",
        "mapDiffuse":"basalt.jpg",
        "transparent":false,
        "doubleSided":false,
        "depthWrite":true,
        "colorDiffuse":[0.64,0.64,0.64],
        "visible":true,
        "mapDiffuseRepeat":[1,1],
        "DbgColor":15658734,
        "specularCoef":50,
        "colorSpecular":[0.5,0.5,0.5],
        "vertexColors":false,
        "DbgName":"Material.002",
        "DbgIndex":0,
        "mapDiffuseWrap":["repeat","repeat"],
        "depthTest":true,
        "colorEmissive":[0,0,0],
        "blending":1
    }],
    "colors":[],
    "normals":[-0.449211,0,-0.893426,0.549117,0,-0.835746,0.998335,0,0.05768,0.449211,0,0.893426,-0,1,0,4.84934e-07,1,-7.38061e-07,-3.96706e-07,1,-7.88999e-07,2.94095e-08,1,-5.09022e-07,-0.549117,0,0.835746,-0.998335,0,-0.0576815,0,-1,0,0,-1,-0,0.48639,0,-0.873742,0.999878,0,-0.0156434,0.513483,0,0.8581,-0.486398,0,0.873737,0,1,0,-0.999878,0,0.0156435,-0.513485,0,-0.858099,-0,-1,0,0.565104,0,-0.82502,0.99704,0,0.0768879,0.431935,0,0.901905,-0.565102,0,0.825021,4.99057e-07,1,-7.28595e-07,-3.81444e-07,1,-7.9649e-07,3.92006e-08,1,-5.08364e-07,-0.99704,0,-0.0768859,-0.431929,0,-0.901908,-0.996082,0,-0.0884374,-0.421451,0,-0.906851,0.574634,0,-0.818411,0.996082,0,0.0884395,0,1,0,0,1,-0,0.421456,0,0.906849,-0.574635,0,0.81841,0,-1,0,-0.486773,0,-0.873528,0.513097,0,-0.85833,0.999884,0,0.0151982,0.486779,0,0.873525,-0.513103,0,0.858327,-0.999884,0,-0.0151951,-0.403923,0,-0.914793,0.590279,0,-0.807199,0.994195,0,0.107594,0.403922,0,0.914794,-0,1,0,5.21293e-07,1,-7.12861e-07,-3.56716e-07,1,-8.07883e-07,5.48595e-08,1,-5.06912e-07,-0.590279,0,0.807199,-0.994195,0,-0.107597],
    "faces":[43,0,1,3,2,0,0,1,2,3,0,0,0,0,43,2,3,5,4,0,4,5,6,7,1,1,1,1,43,4,5,7,6,0,7,6,8,9,2,2,2,2,43,6,7,9,8,0,9,8,10,11,3,3,3,3,42,5,3,1,0,17,12,13,4,4,4,42,1,11,9,0,13,14,15,5,5,5,42,9,7,5,0,15,16,17,6,6,6,42,1,9,5,0,13,15,17,7,7,7,43,8,9,11,10,0,18,19,20,21,8,8,8,8,43,1,0,10,11,0,1,0,21,20,9,9,9,9,42,10,0,2,0,27,22,23,10,10,10,42,2,4,6,0,23,24,25,11,11,11,42,6,8,10,0,25,26,27,10,10,10,42,2,6,10,0,23,25,27,11,11,11,43,12,13,15,14,0,19,28,29,30,12,12,12,12,43,14,15,17,16,0,30,29,31,32,13,13,13,13,43,16,17,19,18,0,32,31,33,34,14,14,14,14,43,18,19,21,20,0,35,36,37,38,15,15,15,15,42,17,15,13,0,44,39,40,16,16,16,42,13,23,21,0,40,41,42,16,16,16,42,21,19,17,0,42,43,44,16,16,16,42,13,21,17,0,40,42,44,16,16,16,43,20,21,23,22,0,38,37,45,46,17,17,17,17,43,22,23,13,12,0,46,45,47,48,18,18,18,18,42,22,12,14,0,54,49,50,19,19,19,42,14,16,18,0,50,51,52,11,11,11,42,18,20,22,0,52,53,54,10,10,10,42,14,18,22,0,50,52,54,10,10,10,43,24,25,27,26,0,55,56,57,58,20,20,20,20,43,26,27,29,28,0,58,57,59,60,21,21,21,21,43,28,29,31,30,0,60,59,61,62,22,22,22,22,43,30,31,33,32,0,63,64,65,66,23,23,23,23,42,29,27,25,0,72,67,68,24,24,24,42,25,35,33,0,68,69,70,25,25,25,42,33,31,29,0,70,71,72,16,16,16,42,25,33,29,0,68,70,72,26,26,26,43,32,33,35,34,0,66,65,73,74,27,27,27,27,43,34,35,25,24,0,74,73,75,76,28,28,28,28,42,34,24,26,0,82,77,78,19,19,19,42,26,28,30,0,78,79,80,10,10,10,42,30,32,34,0,80,81,82,10,10,10,42,26,30,34,0,78,80,82,10,10,10,43,36,37,39,38,0,83,84,85,86,29,29,29,29,43,38,39,41,40,0,86,85,87,88,30,30,30,30,43,40,41,43,42,0,89,90,91,92,31,31,31,31,43,42,43,45,44,0,92,91,93,94,32,32,32,32,42,41,39,37,0,100,95,96,33,33,33,42,37,47,45,0,96,97,98,16,16,16,42,45,43,41,0,98,99,100,34,34,34,42,37,45,41,0,96,98,100,34,34,34,43,44,45,47,46,0,94,93,101,102,35,35,35,35,43,46,47,37,36,0,103,104,84,83,36,36,36,36,42,46,36,38,0,110,105,106,10,10,10,42,38,40,42,0,106,107,108,19,19,19,42,42,44,46,0,108,109,110,37,37,37,42,38,42,46,0,106,108,110,11,11,11,43,48,49,51,50,0,111,112,113,114,38,38,38,38,43,50,51,53,52,0,115,116,117,118,39,39,39,39,43,52,53,55,54,0,118,117,119,120,40,40,40,40,43,54,55,57,56,0,120,119,121,122,41,41,41,41,42,53,51,49,0,128,123,124,4,4,4,42,49,59,57,0,124,125,126,33,33,33,42,57,55,53,0,126,127,128,16,16,16,42,49,57,53,0,124,126,128,16,16,16,43,56,57,59,58,0,129,19,130,131,42,42,42,42,43,58,59,49,48,0,131,130,112,111,43,43,43,43,42,58,48,50,0,137,132,133,10,10,10,42,50,52,54,0,133,134,135,11,11,11,42,54,56,58,0,135,136,137,10,10,10,42,50,54,58,0,133,135,137,11,11,11,43,60,61,63,62,0,138,139,140,141,44,44,44,44,43,62,63,65,64,0,142,87,143,144,45,45,45,45,43,64,65,67,66,0,144,143,145,146,46,46,46,46,43,66,67,69,68,0,146,145,147,148,47,47,47,47,42,65,63,61,0,154,149,150,48,48,48,42,61,71,69,0,150,151,152,49,49,49,42,69,67,65,0,152,153,154,50,50,50,42,61,69,65,0,150,152,154,51,51,51,43,68,69,71,70,0,3,155,156,157,52,52,52,52,43,70,71,61,60,0,157,156,139,138,53,53,53,53,42,70,60,62,0,161,158,159,37,37,37,42,62,64,66,0,159,72,71,11,11,11,42,66,68,70,0,71,160,161,10,10,10,42,62,66,70,0,159,71,161,11,11,11],