{
    "normals":[-0.449214,0,-0.893424,0.549121,0,-0.835743,0.998335,0,0.0576821,0.449214,0,0.893424,-0,1,0,0,1,0,0,1,0,-0.549121,0,0.835743,-0.998335,0,-0.0576821,0,-1,0,0,-1,-0,0,-1,-0,0.486394,0,-0.87374,0.999878,0,-0.0156409,0.513484,0,0.858099,-0.486394,0,0.873739,1.87784e-07,1,-3.37328e-07,-1.98243e-07,1,-3.3129e-07,-3.4863e-09,1,-2.22873e-07,-0.999878,9.03194e-09,0.0156423,-0.513485,-4.9008e-07,-0.858098,-0,-1,0,9.91215e-08,-1,1.65645e-07,-9.38925e-08,-1,1.68665e-07,1.74332e-09,-1,1.11436e-07,0.565105,0,-0.825019,0.99704,0,0.0768873,0.431935,0,0.901905,-0.565105,0,0.825019,0,1,-0,5.14137e-08,1,-6.66721e-07,-0.99704,0,-0.0768873,-0.431935,0,-0.901905,-0,-1,0,0,-1,0,-0.996082,0,-0.0884382,-0.42145,0,-0.906852,0.57463,0,-0.818413,0.996082,0,0.0884395,0.42145,0,0.906851,-0.57463,0,0.818413,-1.10925e-07,-1,1.57984e-07,8.13555e-08,-1,1.75056e-07,-9.85651e-09,-1,1.11013e-07,-0.486782,0,-0.873524,0.513105,0,-0.858326,0.999885,0,0.0151982,0.486783,0,0.873523,-0,1,0,-0.513104,0,0.858327,-0.999885,0,-0.0151982,9.39672e-08,-1,1.68623e-07,-9.90485e-08,-1,1.65689e-07,-1.69376e-09,-1,1.11437e-07,-0.403919,0,-0.914795,0.590277,0,-0.807201,0.994195,0,0.107597,0.403918,0,0.914795,-0.590275,0,0.807202,-0.994195,0,-0.107594],
    "colors":[],
    "materials":[{
        "opacity":1,
        "colorSpecular":[0.5,0.5,0.5],
        "DbgIndex":0,
        "doubleSided":false,
        "colorEmissive":[0,0,0],
        "specularCoef":50,
        "visible":true,
        "colorDiffuse":[0.328683,0.160873,0],
        "shading":"phong",
        "transparent":false,
        "depthWrite":true,
        "blending":1,
        "DbgColor":15658734,
        "DbgName":"Material.015",
        "vertexColors":false,
        "wireframe":false,
        "depthTest":true
    }],
    "uvs":[],
    "faces":[35,0,1,3,2,0,0,0,0,0,35,2,3,5,4,0,1,1,1,1,35,4,5,7,6,0,2,2,2,2,35,6,7,9,8,0,3,3,3,3,34,5,3,1,0,4,4,4,34,1,11,9,0,5,5,5,34,9,7,5,0,5,5,5,34,1,9,5,0,6,6,6,35,8,9,11,10,0,7,7,7,7,35,1,0,10,11,0,8,8,8,8,34,10,0,2,0,9,9,9,34,2,4,6,0,10,10,10,34,6,8,10,0,9,9,9,34,2,6,10,0,11,11,11,35,12,13,15,14,0,12,12,12,12,35,14,15,17,16,0,13,13,13,13,35,16,17,19,18,0,14,14,14,14,35,18,19,21,20,0,15,15,15,15,34,17,15,13,0,16,16,16,34,13,23,21,0,17,17,17,34,21,19,17,0,6,6,6,34,13,21,17,0,18,18,18,35,20,21,23,22,0,19,19,19,19,35,22,23,13,12,0,20,20,20,20,34,22,12,14,0,21,21,21,34,14,16,18,0,22,22,22,34,18,20,22,0,23,23,23,34,14,18,22,0,24,24,24,35,24,25,27,26,0,25,25,25,25,35,26,27,29,28,0,26,26,26,26,35,28,29,31,30,0,27,27,27,27,35,30,31,33,32,0,28,28,28,28,34,29,27,25,0,29,29,29,34,25,35,33,0,6,6,6,34,33,31,29,0,30,30,30,34,25,33,29,0,6,6,6,35,32,33,35,34,0,31,31,31,31,35,34,35,25,24,0,32,32,32,32,34,34,24,26,0,33,33,33,34,26,28,30,0,34,34,34,34,30,32,34,0,34,34,34,34,26,30,34,0,34,34,34,35,36,37,39,38,0,35,35,35,35,35,38,39,41,40,0,36,36,36,36,35,40,41,43,42,0,37,37,37,37,35,42,43,45,44,0,38,38,38,38,34,41,39,37,0,6,6,6,34,37,47,45,0,6,6,6,34,45,43,41,0,29,29,29,34,37,45,41,0,29,29,29,35,44,45,47,46,0,39,39,39,39,35,46,47,37,36,0,40,40,40,40,34,46,36,38,0,41,41,41,34,38,40,42,0,33,33,33,34,42,44,46,0,42,42,42,34,38,42,46,0,43,43,43,35,48,49,51,50,0,44,44,44,44,35,50,51,53,52,0,45,45,45,45,35,52,53,55,54,0,46,46,46,46,35,54,55,57,56,0,47,47,47,47,34,53,51,49,0,48,48,48,34,49,59,57,0,6,6,6,34,57,55,53,0,6,6,6,34,49,57,53,0,6,6,6,35,56,57,59,58,0,49,49,49,49,35,58,59,49,48,0,50,50,50,50,34,58,48,50,0,51,51,51,34,50,52,54,0,52,52,52,34,54,56,58,0,34,34,34,34,50,54,58,0,53,53,53,35,60,61,63,62,0,54,54,54,54,35,62,63,65,64,0,55,55,55,55,35,64,65,67,66,0,56,56,56,56,35,66,67,69,68,0,57,57,57,57,34,65,63,61,0,4,4,4,34,61,71,69,0,5,5,5,34,69,67,65,0,5,5,5,34,61,69,65,0,6,6,6,35,68,69,71,70,0,58,58,58,58,35,70,71,61,60,0,59,59,59,59,34,70,60,62,0,34,34,34,34,62,64,66,0,11,11,11,34,66,68,70,0,34,34,34,34,62,66,70,0,11,11,11],
    "vertices":[3.08603,0.20878,-7.38399,3.08603,1.11815,-7.38399,3.2453,0.20878,-7.46408,3.2453,1.11815,-7.46408,3.39429,0.20878,-7.36618,3.39429,1.11815,-7.36618,3.384,0.20878,-7.18821,3.384,1.11815,-7.18821,3.22473,0.20878,-7.10813,3.22473,1.11815,-7.10813,3.07574,0.20878,-7.20602,3.07574,1.11815,-7.20602,3.39469,0.202984,-7.16262,3.39469,0.618721,-7.16262,3.55046,0.202984,-7.07591,3.55046,0.618721,-7.07591,3.55324,0.202984,-6.89766,3.55324,0.618722,-6.89766,3.40027,0.202984,-6.80612,3.40027,0.618722,-6.80612,3.24451,0.202984,-6.89283,3.24451,0.618722,-6.89283,3.24172,0.202984,-7.07108,3.24172,0.618721,-7.07108,3.58548,0.205139,-7.45706,3.58548,0.909597,-7.45706,3.73256,0.205139,-7.35632,3.73256,0.909597,-7.35632,3.71885,0.205139,-7.17857,3.71885,0.909597,-7.17857,3.55807,0.205139,-7.10157,3.55807,0.909597,-7.10157,3.41099,0.205139,-7.20231,3.41099,0.909597,-7.20231,3.4247,0.205139,-7.38006,3.4247,0.909597,-7.38006,3.58332,0.189304,-6.90896,3.58332,1.43072,-6.90896,3.59908,0.189304,-7.08653,3.59908,1.43072,-7.08653,3.76075,0.189304,-7.16166,3.76075,1.43072,-7.16166,3.90664,0.189304,-7.05922,3.90664,1.43072,-7.05922,3.89088,0.189304,-6.88165,3.89088,1.43072,-6.88165,3.72921,0.189304,-6.80652,3.72921,1.43072,-6.80652,3.93403,0.181391,-7.05484,3.93403,0.748929,-7.05484,4.08975,0.181391,-7.14161,4.08975,0.748929,-7.14161,4.24277,0.181391,-7.05014,4.24277,0.748929,-7.05014,4.24006,0.181391,-6.87189,4.24006,0.748929,-6.87189,4.08434,0.181391,-6.78512,4.08434,0.748929,-6.78512,3.93132,0.181391,-6.87659,3.93132,0.748929,-6.87659,3.78414,0.184333,-7.37206,3.78414,1.14601,-7.37206,3.94722,0.184333,-7.44406,3.94722,1.14601,-7.44406,4.09112,0.184333,-7.33884,4.09112,1.14601,-7.33884,4.07194,0.184333,-7.1616,4.07194,1.14601,-7.1616,3.90886,0.184333,-7.08959,3.90886,1.14601,-7.08959,3.76496,0.184333,-7.19482,3.76496,1.14601,-7.19482],
    "metadata":{
        "normals":60,
        "colors":0,
        "version":3,
        "uvs":0,
        "materials":1,
        "generator":"io_three",
        "faces":84,
        "vertices":72,
        "type":"Geometry"
    }
}