{
    "colors":[],
    "uvs":[[0,0]],
    "normals":[3.17117e-07,-1,2.27916e-07,-1.34299e-07,-1,-3.74702e-08,8.86634e-05,-1,-2.91444e-05,3.98433e-05,-1,-1.49517e-06,-8.39668e-08,-1,1.98821e-08,5.16808e-05,-1,4.3137e-05,4.93563e-05,-1,1.19868e-05,5.46725e-05,-1,2.98366e-05,1.91194e-07,-1,7.52539e-08,0.579268,-0.0159988,0.81498,4.21994e-08,-1,5.9371e-08,-9.52964e-11,-1,7.48753e-08,0,0,0,-0.973088,-0.00319775,0.230412,-0.0491658,-0.00712094,-0.998765,-0.972936,-0.00319271,0.231051,1.91356e-07,1,6.75356e-08,-3.64878e-05,1,8.58486e-06,1.93728e-07,1,-6.38642e-08,-0.000100665,1,-0.000214645,-4.35895e-05,1,-2.26407e-05,-6.39189e-05,1,-1.78869e-05,-4.99537e-05,1,1.0214e-05,-5.46841e-05,1,-2.98611e-05,-0.579268,0.0159988,-0.81498,-9.55968e-08,1,-3.76269e-08,6.18471e-08,1,-2.08433e-08,4.76482e-11,1,-3.74376e-08,-0.942971,-0.00692902,-0.332804,0.991758,0.00399495,-0.128065,-0.963191,-0.00658706,-0.268737,0.930493,0.00709831,0.366242,-0.42459,-0.0083235,-0.905347,0.581417,0.00846271,0.813562,0.999286,0.00465577,-0.037499,0.0738533,0.00723185,0.997243,0.949722,0.00251366,-0.313085,-0.298959,0.00510251,0.954252,0.481952,0.0084046,0.876157,-0.812004,-0.00801241,-0.583597],
    "materials":[{
        "vertexColors":false,
        "transparent":false,
        "shading":"phong",
        "specularCoef":50,
        "colorEmissive":[0,0,0],
        "doubleSided":false,
        "depthTest":true,
        "DbgName":"Material.066",
        "visible":true,
        "colorSpecular":[0.5,0.5,0.5],
        "opacity":1,
        "wireframe":false,
        "blending":1,
        "depthWrite":true,
        "colorDiffuse":[0.00769305,0.639282,0.381049],
        "DbgIndex":0,
        "DbgColor":15658734
    }],
    "faces":[42,7,4,2,0,0,0,0,0,0,0,42,2,3,5,0,0,0,0,1,1,1,42,5,12,11,0,0,0,0,2,2,2,42,11,10,6,0,0,0,0,3,3,3,42,6,7,2,0,0,0,0,4,4,4,42,2,5,11,0,0,0,0,5,5,5,42,2,11,6,0,0,0,0,6,6,6,42,8,6,10,0,0,0,0,7,7,7,42,10,13,9,0,0,0,0,8,8,8,42,9,14,8,0,0,0,0,9,9,9,42,10,9,8,0,0,0,0,10,10,10,43,0,1,6,8,0,0,0,0,0,11,11,11,11,43,22,21,36,37,0,0,0,0,0,12,12,12,12,43,28,27,42,43,0,0,0,0,0,12,12,12,12,43,21,18,33,36,0,0,0,0,0,12,12,12,12,43,8,14,29,26,0,0,0,0,0,12,12,12,12,43,11,12,25,23,0,0,0,0,0,12,12,12,12,43,1,0,15,16,0,0,0,0,0,12,12,12,12,43,0,8,26,15,0,0,0,0,0,12,12,12,12,43,2,4,17,18,0,0,0,0,0,12,12,12,12,43,6,1,16,19,0,0,0,0,0,12,12,12,12,43,12,5,22,25,0,0,0,0,0,12,12,12,12,43,7,6,19,20,0,0,0,0,0,12,12,12,12,43,4,7,20,17,0,0,0,0,0,12,12,12,12,43,13,10,24,27,0,0,0,0,0,12,12,12,12,43,3,2,18,21,0,0,0,0,0,12,12,12,12,43,9,13,27,28,0,0,0,0,0,12,12,12,12,43,5,3,21,22,0,0,0,0,0,12,12,12,12,43,14,9,28,29,0,0,0,0,0,12,12,12,12,43,10,11,23,24,0,0,0,0,0,12,12,12,12,43,32,35,50,47,0,0,0,0,0,12,12,12,12,43,35,34,49,50,0,0,0,0,0,12,12,12,12,43,40,37,52,55,0,0,0,0,0,12,12,12,12,43,29,28,43,44,0,0,0,0,0,12,12,12,12,43,24,23,38,39,0,0,0,0,0,12,12,12,12,43,26,29,44,41,0,0,0,0,0,12,12,12,12,43,23,25,40,38,0,0,0,0,0,12,12,12,12,43,16,15,30,31,0,0,0,0,0,12,12,12,12,43,15,26,41,30,0,0,0,0,0,12,12,12,12,43,18,17,32,33,0,0,0,0,0,12,12,12,12,43,19,16,31,34,0,0,0,0,0,12,12,12,12,43,25,22,37,40,0,0,0,0,0,12,12,12,12,43,20,19,34,35,0,0,0,0,0,12,12,12,12,43,17,20,35,32,0,0,0,0,0,12,12,12,12,43,27,24,39,42,0,0,0,0,0,12,12,12,12,43,50,49,64,65,0,0,0,0,0,13,13,13,13,43,55,52,67,70,0,0,0,0,0,14,14,14,14,43,49,46,61,64,0,0,0,0,0,15,15,15,15,43,42,39,54,57,0,0,0,0,0,12,12,12,12,43,36,33,48,51,0,0,0,0,0,12,12,12,12,43,43,42,57,58,0,0,0,0,0,12,12,12,12,43,37,36,51,52,0,0,0,0,0,12,12,12,12,43,44,43,58,59,0,0,0,0,0,12,12,12,12,43,39,38,53,54,0,0,0,0,0,12,12,12,12,43,41,44,59,56,0,0,0,0,0,12,12,12,12,43,38,40,55,53,0,0,0,0,0,12,12,12,12,43,31,30,45,46,0,0,0,0,0,12,12,12,12,43,30,41,56,45,0,0,0,0,0,12,12,12,12,43,33,32,47,48,0,0,0,0,0,12,12,12,12,43,34,31,46,49,0,0,0,0,0,12,12,12,12,42,63,62,65,0,0,0,0,16,16,16,42,65,64,69,0,0,0,0,17,17,17,42,69,68,70,0,0,0,0,18,18,18,42,70,67,66,0,0,0,0,19,19,19,42,63,65,69,0,0,0,0,20,20,20,42,70,66,63,0,0,0,0,21,21,21,42,69,70,63,0,0,0,0,22,22,22,42,69,64,71,0,0,0,0,23,23,23,42,71,74,73,0,0,0,0,24,24,24,42,73,72,69,0,0,0,0,25,25,25,42,71,73,69,0,0,0,0,26,26,26,43,60,71,64,61,0,0,0,0,0,27,27,27,27,43,47,50,65,62,0,0,0,0,0,28,28,28,28,43,57,54,69,72,0,0,0,0,0,29,29,29,29,43,51,48,63,66,0,0,0,0,0,30,30,30,30,43,58,57,72,73,0,0,0,0,0,31,31,31,31,43,52,51,66,67,0,0,0,0,0,32,32,32,32,43,59,58,73,74,0,0,0,0,0,33,33,33,33,43,54,53,68,69,0,0,0,0,0,34,34,34,34,43,56,59,74,71,0,0,0,0,0,35,35,35,35,43,53,55,70,68,0,0,0,0,0,36,36,36,36,43,46,45,60,61,0,0,0,0,0,37,37,37,37,43,45,56,71,60,0,0,0,0,0,38,38,38,38,43,48,47,62,63,0,0,0,0,0,39,39,39,39],
    "vertices":[-3.64158,0.632817,3.41431,-2.80742,0.632723,3.67565,-3.03898,0.632817,5.69407,-3.19558,0.632817,6.25537,-2.73296,0.632817,5.26828,-3.70622,0.632817,6.49485,-2.68014,0.632817,4.21159,-2.55161,0.632817,4.75443,-4.11365,0.632723,3.67399,-4.89115,0.632723,4.22661,-5.00695,0.632723,5.31285,-4.98719,0.632723,5.83945,-4.75412,0.632723,6.54644,-5.08396,0.632723,4.71647,-4.11787,0.532817,3.67502,-3.64158,0.632817,3.41431,-2.80742,0.632723,3.67565,-2.73296,0.632817,5.26828,-3.03898,0.632817,5.69407,-2.68014,0.632817,4.21159,-2.55161,0.632817,4.75443,-3.19558,0.632817,6.25537,-3.70622,0.632817,6.49485,-4.98719,0.632723,5.83945,-5.00695,0.632723,5.31285,-4.75412,0.632723,6.54644,-4.11365,0.632723,3.67399,-5.08396,0.632723,4.71647,-4.89115,0.632723,4.22661,-4.11787,0.532817,3.67502,-3.64158,0.632817,3.41431,-2.80742,0.632723,3.67565,-2.73296,0.632817,5.26828,-3.03898,0.632817,5.69407,-2.68014,0.632817,4.21159,-2.55161,0.632817,4.75443,-3.19558,0.632817,6.25537,-3.70622,0.632817,6.49485,-4.98719,0.632723,5.83945,-5.00695,0.632723,5.31285,-4.75412,0.632723,6.54644,-4.11365,0.632723,3.67399,-5.08396,0.632723,4.71647,-4.89115,0.632723,4.22661,-4.11787,0.532817,3.67502,-3.64158,0.632817,3.41431,-2.80742,0.632723,3.67565,-2.73296,0.632817,5.26828,-3.03898,0.632817,5.69407,-2.68014,0.632817,4.21159,-2.55161,0.632817,4.75443,-3.19558,0.632817,6.25537,-3.70622,0.632817,6.49485,-4.98719,0.632723,5.83945,-5.00695,0.632723,5.31285,-4.75412,0.632723,6.54644,-4.11365,0.632723,3.67399,-5.08396,0.632723,4.71647,-4.89115,0.632723,4.22661,-4.11787,0.532817,3.67502,-3.63667,-0.367147,3.4212,-2.8025,-0.367242,3.68254,-2.72804,-0.367147,5.27517,-3.03406,-0.367147,5.70095,-2.67523,-0.367147,4.21848,-2.54669,-0.367147,4.76132,-3.19067,-0.367147,6.26226,-3.7013,-0.367147,6.50174,-4.98227,-0.367241,5.84634,-5.00203,-0.367241,5.31974,-4.7492,-0.367241,6.55332,-4.10874,-0.367242,3.68087,-5.07904,-0.367242,4.72335,-4.88624,-0.367242,4.2335,-4.11295,-0.467147,3.68191],
    "metadata":{
        "uvs":1,
        "materials":1,
        "faces":84,
        "colors":0,
        "type":"Geometry",
        "version":3,
        "generator":"io_three",
        "vertices":75,
        "normals":40
    }
}