{
    "vertices":[3.27373,0.632817,0.810699,2.93448,0.632817,1.25679,2.26187,0.632817,-0.0571098,1.75124,0.632817,0.0841396,2.1928,0.632817,0.536693,1.80239,0.632817,0.95158,3.41704,0.632817,0.118668,2.88387,0.632817,0.0712145,3.27373,-0.467183,0.8107,2.93448,-0.467183,1.25679,2.26187,-0.467183,-0.0571098,1.75124,-0.467183,0.0841397,2.1928,-0.467183,0.536693,1.80239,-0.467183,0.95158,3.41704,-0.467183,0.118668,2.88387,-0.467183,0.0712145],
    "metadata":{
        "version":3,
        "generator":"io_three",
        "vertices":16,
        "faces":20,
        "materials":1,
        "uvs":1,
        "normals":18,
        "type":"Geometry",
        "colors":0
    },
    "faces":[42,0,1,5,0,7,0,1,0,0,0,42,4,3,2,0,2,3,4,1,1,1,42,0,5,4,0,7,1,2,2,2,2,42,7,6,0,0,5,6,7,3,3,3,42,4,2,7,0,2,4,5,4,4,4,42,4,7,0,0,2,5,7,4,4,4,42,13,9,8,0,15,8,9,5,5,5,42,8,14,15,0,9,10,11,6,6,6,42,15,10,11,0,11,12,13,7,7,7,42,12,13,8,0,14,15,9,8,8,8,42,15,11,12,0,11,13,14,5,5,5,42,8,15,12,0,9,11,14,9,9,9,43,6,7,15,14,0,16,17,18,19,10,10,10,10,43,1,0,8,9,0,20,21,22,23,11,11,11,11,43,7,2,10,15,0,17,24,25,18,12,12,12,12,43,3,4,12,11,0,26,27,28,29,13,13,13,13,43,4,5,13,12,0,30,31,32,33,14,14,14,14,43,0,6,14,8,0,21,34,35,22,15,15,15,15,43,2,3,11,10,0,24,36,37,25,16,16,16,16,43,5,1,9,13,0,38,39,40,41,17,17,17,17],
    "materials":[{
        "transparent":false,
        "mapDiffuseRepeat":[1,1],
        "vertexColors":false,
        "colorEmissive":[0,0,0],
        "mapDiffuseAnisotropy":1,
        "wireframe":false,
        "colorSpecular":[0.5,0.5,0.5],
        "DbgColor":15658734,
        "doubleSided":false,
        "colorDiffuse":[0.64,0.64,0.64],
        "depthTest":true,
        "visible":true,
        "shading":"phong",
        "mapDiffuse":"grass.jpg",
        "DbgName":"Material.006",
        "opacity":1,
        "DbgIndex":0,
        "blending":1,
        "specularCoef":50,
        "depthWrite":true,
        "mapDiffuseWrap":["repeat","repeat"]
    }],
    "colors":[],
    "normals":[-2.98936e-08,-1,1.10881e-07,0,-1,0,-2.94039e-08,-1,1.15995e-07,0,-1,-0,-0,-1,0,0,1,0,3.7635e-09,1,-4.22856e-08,-0,1,0,-7.55903e-09,1,-7.89454e-08,-2.00321e-08,1,-2.97405e-08,-0.0886515,4.11247e-08,0.996063,-0.795967,-3.62569e-08,-0.60534,-0.202054,3.19946e-08,0.979374,0.71574,-1.07123e-08,-0.698366,0.728262,3.56678e-08,0.685299,-0.979223,-1.43762e-08,-0.202784,0.266602,3.19605e-08,0.963807,0.260306,-5.77674e-08,-0.965526],
    "uvs":[[0.33702,0.439848,0.374002,0.0591615,0.505937,0.164879,0.613134,0,0.67404,0.158003,0.664672,0.365229,0.67404,0.539785,0.47547,0.527508,0,0.0999367,0.13845,0.012277,0.33702,0,0.327652,0.174556,0.33702,0.381781,0.276114,0.539785,0.168917,0.374906,0.0369818,0.480623,0.33702,1,0.33702,0.858844,0.646531,0.858845,0.646531,1,0.0275088,0.94356,0.0275087,0.764977,0.33702,0.764977,0.33702,0.94356,0.33702,0.706486,0.646531,0.706486,0.845637,0.359411,0.67404,0.359411,0.67404,6.96923e-08,0.845637,0,0.845637,1.99121e-08,1,0,1,0.359411,0.845637,0.359411,0.0275087,0.539785,0.33702,0.539785,0.33702,0.539785,0.646531,0.539785,0.646531,0.909294,0.646531,0.539785,0.956043,0.539785,0.956043,0.909294]]
}