{
    "colors":[],
    "uvs":[[0.243504,0.00881397,0.243543,0.00944613,0.24986,0.0106946,0.156825,0.232444,0.143846,0.229136,0.144647,0.230009,0.15753,0.229377,0.156788,0.229029,0.14574,0.226415,0.159349,0.226394,0.145177,0.22282,0.145192,0.223454,0.159746,0.224801,0.153423,0.223172,0.149411,0.222355,0.158559,0.223271,0.158481,0.222786,0.155923,0.22243]],
    "normals":[-0,-1,0,-2.98936e-08,-1,1.10881e-07,-2.94039e-08,-1,1.15995e-07,0,-1,0,0,1,-0,2.98936e-08,1,-1.10881e-07,2.94039e-08,1,-1.15995e-07,-0,1,-0,0.979223,0,0.202784,-0.266602,0,-0.963807,-0.260306,0,0.965526,0.0886515,0,-0.996063,-0.71574,0,0.698366,0.795967,0,0.60534,0.202054,0,-0.979374,-0.728262,0,-0.685299],
    "materials":[{
        "vertexColors":false,
        "transparent":false,
        "shading":"phong",
        "specularCoef":50,
        "colorEmissive":[0,0,0],
        "doubleSided":false,
        "depthTest":true,
        "DbgName":"Material.058",
        "visible":true,
        "colorSpecular":[0.5,0.5,0.5],
        "opacity":1,
        "wireframe":false,
        "blending":1,
        "depthWrite":true,
        "colorDiffuse":[0.64,0.575959,0],
        "DbgIndex":0,
        "DbgColor":15658734
    }],
    "faces":[42,0,5,7,0,0,1,2,0,0,0,42,4,0,1,0,3,4,5,1,1,1,42,4,3,0,0,6,7,8,2,2,2,42,3,5,0,0,9,10,11,0,0,0,42,3,6,5,0,12,13,14,0,0,0,42,3,2,6,0,15,16,17,3,3,3,42,8,14,15,0,0,2,1,4,4,4,42,13,9,8,0,3,5,4,5,5,5,42,13,8,12,0,6,8,7,6,6,6,42,12,8,15,0,9,11,10,4,4,4,42,12,15,10,0,12,14,13,4,4,4,42,12,10,11,0,15,17,16,7,7,7,43,0,7,14,8,0,0,2,2,0,8,8,8,8,43,6,2,11,10,0,17,16,16,17,9,9,9,9,43,4,1,9,13,0,3,5,5,3,10,10,10,10,43,7,5,15,14,0,2,1,1,2,11,11,11,11,43,2,3,12,11,0,16,15,15,16,12,12,12,12,43,1,0,8,9,0,5,4,4,5,13,13,13,13,43,5,6,10,15,0,14,13,13,14,14,14,14,14,43,3,4,13,12,0,7,6,6,7,15,15,15,15],
    "vertices":[3.27373,0.532817,0.810699,2.93448,0.532817,1.25679,1.75124,0.532817,0.0841396,2.1928,0.532817,0.536693,1.80239,0.532817,0.95158,2.88387,0.532817,0.0712145,2.26187,0.532817,-0.0571098,3.41704,0.532817,0.118668,3.27373,0.632817,0.810699,2.93448,0.632817,1.25679,2.26187,0.632817,-0.0571098,1.75124,0.632817,0.0841396,2.1928,0.632817,0.536693,1.80239,0.632817,0.95158,3.41704,0.632817,0.118668,2.88387,0.632817,0.0712145],
    "metadata":{
        "uvs":1,
        "materials":1,
        "faces":20,
        "colors":0,
        "type":"Geometry",
        "version":3,
        "generator":"io_three",
        "vertices":16,
        "normals":16
    }
}