{
    "metadata":{
        "vertices":48,
        "materials":1,
        "faces":56,
        "version":3,
        "uvs":1,
        "generator":"io_three",
        "type":"Geometry",
        "colors":0,
        "normals":32
    },
    "vertices":[2.3592,0.632817,2.11721,1.99243,0.632817,2.50976,0.766527,0.632817,2.34968,1.04077,0.632817,3.8244,1.27753,0.632817,3.34692,2.38229,0.632817,3.55925,2.27591,0.632817,2.95973,2.17877,0.632817,4.048,0.639651,0.632817,1.74849,1.0899,0.632817,2.78192,2.0591,0.632817,1.47799,2.77658,0.632817,1.75883,2.3592,0.632817,2.11721,1.99243,0.632817,2.50976,1.04077,0.632817,3.8244,1.27753,0.632817,3.34692,2.38229,0.632817,3.55925,2.27591,0.632817,2.95973,2.17877,0.632817,4.048,0.766527,0.632817,2.34968,0.639651,0.632817,1.74849,1.0899,0.632817,2.78192,2.0591,0.632817,1.47799,2.77658,0.632817,1.75883,2.3592,0.632817,2.11721,1.99243,0.632817,2.50976,1.04077,0.632817,3.8244,1.27753,0.632817,3.34692,2.38229,0.632817,3.55925,2.27591,0.632817,2.95973,2.17877,0.632817,4.048,0.766527,0.632817,2.34968,0.639651,0.632817,1.74849,1.0899,0.632817,2.78192,2.0591,0.632817,1.47799,2.77658,0.632817,1.75883,2.3592,-0.467183,2.11721,1.99243,-0.467183,2.50976,1.04077,-0.467183,3.8244,1.27753,-0.467183,3.34692,2.38229,-0.467183,3.55925,2.27591,-0.467183,2.95973,2.17877,-0.467183,4.048,0.766527,-0.467183,2.34968,0.639651,-0.467183,1.74849,1.0899,-0.467183,2.78192,2.0591,-0.467183,1.47799,2.77658,-0.467183,1.75883],
    "materials":[{
        "mapDiffuseAnisotropy":1,
        "opacity":1,
        "wireframe":false,
        "shading":"phong",
        "mapDiffuse":"grass.jpg",
        "transparent":false,
        "doubleSided":false,
        "depthWrite":true,
        "colorDiffuse":[0.079543,0.734457,0.0435702],
        "visible":true,
        "mapDiffuseRepeat":[1,1],
        "DbgColor":15658734,
        "specularCoef":50,
        "colorSpecular":[0.5,0.5,0.5],
        "vertexColors":false,
        "DbgName":"l1",
        "DbgIndex":0,
        "mapDiffuseWrap":["repeat","repeat"],
        "depthTest":true,
        "colorEmissive":[0,0,0],
        "blending":1
    }],
    "colors":[],
    "normals":[0,-1,0,-2.21501e-08,-1,1.12732e-07,-2.19053e-08,-1,1.1397e-07,0,-1,-0,-1.84596e-07,-1,1.38102e-07,0,-1,0,6.37503e-08,-1,2.11407e-07,1.01486e-08,-1,5.32549e-08,-3.76918e-08,-1,1.76956e-08,0,0,0,-0.730685,0,-0.682714,2.23578e-08,1,-5.71192e-08,-9.08154e-09,1,-4.76557e-08,-1.55802e-08,1,-5.72922e-08,-3.32111e-08,1,-3.10307e-08,-3.65074e-08,1,-4.32321e-08,-1.31328e-08,1,-6.64463e-08,-6.5427e-09,1,-5.05747e-08,0,1,0,5.36072e-08,1,-2.54207e-08,1.17552e-08,1,-6.11603e-08,0.187197,0,0.982322,0.978448,0,-0.206492,-0.364496,0,0.931205,0.895909,0,0.444238,0.192798,0,-0.981238,0.949035,0,-0.315171,-0.984621,0,0.174704,-0.84609,0,0.533041,0.800719,0,-0.599041,-0.923161,0,-0.384414,-0.651458,0,-0.758685],
    "faces":[42,1,6,5,0,1,2,3,0,0,0,42,5,7,3,0,3,4,5,1,1,1,42,5,3,4,0,3,5,6,2,2,2,42,1,5,4,0,1,3,6,3,3,3,42,9,2,8,0,7,8,9,4,4,4,42,1,4,9,0,1,6,7,5,5,5,42,10,11,0,0,10,11,0,3,3,3,42,0,1,9,0,0,1,7,6,6,6,42,9,8,10,0,7,9,10,7,7,7,42,0,9,10,0,0,7,10,8,8,8,43,22,20,32,34,0,12,12,12,12,9,9,9,9,43,5,6,17,16,0,12,12,12,12,9,9,9,9,43,3,7,18,14,0,12,12,12,12,9,9,9,9,43,2,9,21,19,0,12,12,12,12,9,9,9,9,43,7,5,16,18,0,12,12,12,12,9,9,9,9,43,6,1,13,17,0,12,12,12,12,9,9,9,9,43,1,0,12,13,0,12,12,12,12,9,9,9,9,43,10,8,20,22,0,12,12,12,12,9,9,9,9,43,8,2,19,20,0,12,12,12,12,9,9,9,9,43,0,11,23,12,0,12,12,12,12,9,9,9,9,43,4,3,14,15,0,12,12,12,12,9,9,9,9,43,9,4,15,21,0,12,12,12,12,9,9,9,9,43,11,10,22,23,0,12,12,12,12,9,9,9,9,43,25,24,36,37,0,13,14,15,16,10,10,10,10,43,20,19,31,32,0,12,12,12,12,9,9,9,9,43,23,22,34,35,0,12,12,12,12,9,9,9,9,43,15,14,26,27,0,12,12,12,12,9,9,9,9,43,14,18,30,26,0,12,12,12,12,9,9,9,9,43,21,15,27,33,0,12,12,12,12,9,9,9,9,43,16,17,29,28,0,12,12,12,12,9,9,9,9,43,17,13,25,29,0,12,12,12,12,9,9,9,9,43,19,21,33,31,0,12,12,12,12,9,9,9,9,43,13,12,24,25,0,12,12,12,12,9,9,9,9,43,18,16,28,30,0,12,12,12,12,9,9,9,9,43,12,23,35,24,0,12,12,12,12,9,9,9,9,42,36,47,46,0,17,18,19,11,11,11,42,46,44,43,0,19,20,21,12,12,12,42,46,43,45,0,19,21,22,13,13,13,42,37,36,46,0,28,17,19,14,14,14,42,40,41,37,0,26,27,28,15,15,15,42,38,42,40,0,24,25,26,16,16,16,42,46,45,39,0,19,22,23,17,17,17,42,39,38,40,0,23,24,26,18,18,18,42,37,46,39,0,28,19,23,19,19,19,42,39,40,37,0,23,26,28,20,20,20,43,34,32,44,46,0,29,30,31,32,21,21,21,21,43,32,31,43,44,0,33,34,35,36,22,22,22,22,43,35,34,46,47,0,37,29,32,38,23,23,23,23,43,27,26,38,39,0,39,40,41,42,24,24,24,24,43,26,30,42,38,0,40,31,43,41,25,25,25,25,43,33,27,39,45,0,44,39,42,45,26,26,26,26,43,28,29,41,40,0,46,47,48,49,27,27,27,27,43,29,25,37,41,0,50,51,52,53,28,28,28,28,43,31,33,45,43,0,34,44,45,35,29,29,29,29,43,30,28,40,42,0,54,46,49,55,30,30,30,30,43,24,35,47,36,0,14,56,57,15,31,31,31,31],
    "uvs":[[0.853092,0.109272,0.790234,0.196766,0.870942,0.271013,0.919592,0.379978,0.896265,0.479547,0.639765,0.479547,0.670786,0.380869,0.605973,0.281413,0.517364,0.21198,0.464194,0.103461,0.760707,0,0.928388,0.0263388,0,0,0.70748,0.479547,0.825902,0.479547,0.825902,0.690655,0.70748,0.690656,0.0752963,0.109272,0,0.0263388,0.167682,0,0.464194,0.103461,0.411024,0.21198,0.322415,0.281413,0.257603,0.380869,0.288624,0.479547,0.0321231,0.479547,0.00879645,0.379978,0.0574464,0.271013,0.138155,0.196766,0.220909,0.746011,0.220909,0.479547,0.464194,0.479547,0.464194,0.746011,0.464194,1,0.464194,0.884023,0.70748,0.884023,0.70748,1,0.220909,0.888093,0.464194,0.888093,0.464194,0.669725,0.464194,0.602227,0.70748,0.602227,0.70748,0.669725,0.707479,0.479547,0.464194,0.783709,0.70748,0.783709,0.112683,0.479547,0.202021,0.479547,0.202021,0.690656,0.112683,0.690656,0.928388,4.67834e-08,1,0,1,0.211109,0.928388,0.211109,0,0.479547,8.0871e-08,0.690656,0.94535,0.479547,0.94535,0.690655]]
}