{
    "colors":[],
    "uvs":[[0.153238,0.241158,0.0178615,0.228031,0.0174652,0.228299,0.0138193,0.243284,0.148753,0.238287,0.238794,0.043528,0.238696,0.0406272,0.238133,0.0337387,0.239622,0.0276514,0.233086,0.029545,0.226304,0.0285756,0.0198804,0.246463,0.0198043,0.241191,0.227458,0.0351055,0.225503,0.0425416,0.227861,0.0481869,0,0]],
    "normals":[-4.50885e-08,-1,-5.25099e-08,1.81631e-08,-1,9.53114e-08,-1.69354e-08,-1,4.32661e-08,-2.235e-08,-1,1.1375e-07,-1.00499e-07,-1,7.51864e-08,8.91739e-08,-1,-2.96143e-08,-2.05366e-07,-1,3.64387e-08,-3.53466e-08,-1,1.18816e-07,-7.61471e-08,-1,4.79731e-08,-5.31687e-08,-1,9.2805e-08,5.34678e-08,-1,8.50863e-08,7.36128e-08,-1,2.98312e-08,4.50885e-08,1,5.25099e-08,-0,1,0,4.80256e-10,1,-9.92459e-08,2.235e-08,1,-1.1375e-07,2.05366e-07,1,-3.64387e-08,3.53466e-08,1,-1.18816e-07,7.61471e-08,1,-4.79731e-08,-8.91739e-08,1,2.96143e-08,1.00499e-07,1,-7.51864e-08,-5.34678e-08,1,-8.50863e-08,-1.1273e-08,1,-3.73831e-08,-3.82473e-08,1,-1.26834e-07,0.984621,0,-0.174704,0.144427,0,0.989515,0.923161,0,0.384414,-0.856095,0,-0.516818,-0.978448,0,0.206492,-0.192798,0,0.981238,-0.949035,0,0.315171,0.285141,0,-0.958486,0.84609,0,-0.533041,-0.800719,0,0.599041,0.730685,0,0.682714,0.651458,0,0.758685,-0.187197,0,-0.982322,-0.183452,0,-0.983029,0.364496,0,-0.931205,0.934854,0,-0.355032,-0.895909,0,-0.444238,-0.532064,0,-0.846704],
    "materials":[{
        "vertexColors":false,
        "transparent":false,
        "shading":"phong",
        "specularCoef":50,
        "colorEmissive":[0,0,0],
        "doubleSided":false,
        "depthTest":true,
        "DbgName":"Material.053",
        "visible":true,
        "colorSpecular":[0.5,0.5,0.5],
        "opacity":1,
        "wireframe":false,
        "blending":1,
        "depthWrite":true,
        "colorDiffuse":[0.64,0.00326978,0.563945],
        "DbgIndex":0,
        "DbgColor":15658734
    }],
    "faces":[42,13,9,5,0,4,0,1,0,0,0,42,5,6,12,0,1,2,3,1,1,1,42,5,12,13,0,1,3,4,2,2,2,42,2,3,4,0,15,5,6,3,3,3,42,7,5,8,0,7,8,9,4,4,4,42,2,4,7,0,15,6,7,5,5,5,42,1,0,2,0,13,14,15,6,6,6,42,11,9,10,0,10,11,12,7,7,7,42,10,1,2,0,12,13,15,8,8,8,42,2,7,8,0,15,7,9,9,9,9,42,8,11,10,0,9,10,12,10,10,10,42,8,10,2,0,9,12,15,11,11,11,42,18,15,27,0,1,0,4,12,12,12,42,27,26,24,0,4,3,2,13,13,13,42,27,24,18,0,4,2,1,14,14,14,42,20,19,23,0,6,5,15,15,15,15,42,23,21,22,0,15,14,13,16,16,16,42,16,15,14,0,12,11,10,17,17,17,42,23,22,16,0,15,13,12,18,18,18,42,25,20,23,0,7,6,15,19,19,19,42,17,18,25,0,9,8,7,20,20,20,42,16,14,17,0,12,10,9,21,21,21,42,25,23,16,0,7,15,12,22,22,22,42,16,17,25,0,12,9,7,23,23,23,43,0,1,22,21,0,14,13,13,14,24,24,24,24,43,5,9,15,18,0,1,0,0,1,25,25,25,25,43,2,0,21,23,0,15,14,14,15,26,26,26,26,43,12,11,14,26,0,16,16,16,16,27,27,27,27,43,6,5,18,24,0,2,1,1,2,28,28,28,28,43,3,2,23,19,0,5,15,15,5,29,29,29,29,43,7,4,20,25,0,7,6,6,7,30,30,30,30,43,9,11,14,15,0,11,10,10,11,31,31,31,31,43,1,10,16,22,0,13,12,12,13,32,32,32,32,43,5,7,25,18,0,8,7,7,8,33,33,33,33,43,10,9,15,16,0,12,11,11,12,34,34,34,34,43,9,13,27,15,0,0,4,4,0,35,35,35,35,43,12,6,24,26,0,3,2,2,3,36,36,36,36,43,8,5,18,17,0,9,8,8,9,37,37,37,37,43,13,12,26,27,0,4,3,3,4,38,38,38,38,43,10,11,14,16,0,16,16,16,16,39,39,39,39,43,4,3,19,20,0,6,5,5,6,40,40,40,40,43,11,8,17,14,0,10,9,9,10,41,41,41,41],
    "vertices":[2.38229,0.532817,3.55925,2.27591,0.532817,2.95973,2.17877,0.532817,4.048,1.04077,0.532817,3.8244,1.27753,0.532817,3.34692,0.766527,0.532817,2.34968,0.639651,0.532817,1.74849,1.0899,0.532817,2.78192,1.28695,0.532817,2.25256,2.3592,0.532817,2.11721,1.99243,0.532817,2.50976,1.77765,0.532817,1.94421,2.0591,0.532817,1.47799,2.77658,0.532817,1.75883,1.77765,0.632817,1.94421,2.3592,0.632817,2.11721,1.99243,0.632817,2.50976,1.28695,0.632817,2.25256,0.766527,0.632817,2.34968,1.04077,0.632817,3.8244,1.27753,0.632817,3.34692,2.38229,0.632817,3.55925,2.27591,0.632817,2.95973,2.17877,0.632817,4.048,0.639651,0.632817,1.74849,1.0899,0.632817,2.78192,2.0591,0.632817,1.47799,2.77658,0.632817,1.75883],
    "metadata":{
        "uvs":1,
        "materials":1,
        "faces":42,
        "colors":0,
        "type":"Geometry",
        "version":3,
        "generator":"io_three",
        "vertices":28,
        "normals":42
    }
}