{
    "colors":[],
    "uvs":[[0.155815,0.237759,0.0114175,0.22978,0.011079,0.230044,0.00899608,0.237685,0.00807056,0.240921,0.144451,0.230943,0.147039,0.235202,0,0]],
    "normals":[0,-1,0,8.33862e-08,-1,2.32181e-07,0,-1,-0,0,-1,0,-0,-1,0,0,1,0,-2.26819e-07,1,8.41314e-07,4.08989e-07,1,2.34119e-07,-1.75184e-08,1,-8.1761e-08,-0.364496,0,0.931205,0.187197,0,0.982322,-0.867867,0,-0.496797,0.898823,0,-0.438312,0.260306,0,-0.965526,-0.72607,0,-0.68762,0.132436,0,-0.991192,0.95393,0,0.30003],
    "materials":[{
        "vertexColors":false,
        "transparent":false,
        "shading":"phong",
        "specularCoef":50,
        "colorEmissive":[0,0,0],
        "doubleSided":false,
        "depthTest":true,
        "DbgName":"Material.056",
        "visible":true,
        "colorSpecular":[0.5,0.5,0.5],
        "opacity":1,
        "wireframe":false,
        "blending":1,
        "depthWrite":true,
        "colorDiffuse":[0,0.573077,0.64],
        "DbgIndex":0,
        "DbgColor":15658734
    }],
    "faces":[42,6,2,3,0,0,1,2,0,0,0,42,3,4,5,0,2,3,4,1,1,1,42,5,1,0,0,4,5,6,2,2,2,42,6,3,5,0,0,2,4,3,3,3,42,6,5,0,0,0,4,6,4,4,4,42,9,7,8,0,0,6,5,5,5,5,42,8,10,11,0,5,4,3,6,6,6,42,11,12,13,0,3,2,1,7,7,7,42,13,9,8,0,1,0,5,5,5,5,42,8,11,13,0,5,3,1,8,8,8,43,6,0,7,9,0,0,6,6,0,9,9,9,9,43,2,6,9,13,0,1,0,0,1,10,10,10,10,43,3,2,13,12,0,2,1,1,2,11,11,11,11,43,6,5,10,9,0,7,7,7,7,12,12,12,12,43,1,5,10,8,0,5,4,4,5,13,13,13,13,43,4,3,12,11,0,3,2,2,3,14,14,14,14,43,5,4,11,10,0,4,3,3,4,15,15,15,15,43,0,1,8,7,0,6,5,5,6,16,16,16,16],
    "vertices":[2.77658,0.532817,1.75883,2.93448,0.532817,1.25679,0.639651,0.532817,1.74849,0.912977,0.532817,1.27101,1.28141,0.532817,0.881971,1.80239,0.532817,0.95158,2.0591,0.532817,1.47799,2.77658,0.632817,1.75883,2.93448,0.632817,1.25679,2.0591,0.632817,1.47799,1.80239,0.632817,0.95158,1.28141,0.632817,0.881971,0.912977,0.632817,1.27101,0.639651,0.632817,1.74849],
    "metadata":{
        "uvs":1,
        "materials":1,
        "faces":18,
        "colors":0,
        "type":"Geometry",
        "version":3,
        "generator":"io_three",
        "vertices":14,
        "normals":17
    }
}