{
    "colors":[],
    "uvs":[[0.186997,0.201486,0.189219,0.196087,0.190367,0.193115,0.158805,0.00915315,0.163632,0.0126676,0.163763,0.0112809,0.228963,0.121825,0.228601,0.122213,0.237158,0.115821,0.228711,0.122841,0.236992,0.118554,0.237141,0.118044,0.232037,0.127298,0.235089,0.125348,0.236736,0.12368,0,0]],
    "normals":[-0,-1,0,2.3853e-08,-1,1.05173e-07,2.6028e-08,-1,1.00976e-07,-0,-1,0,0,-1,0,0,1,-0,-2.3853e-08,1,-1.05173e-07,-2.6028e-08,1,-1.00976e-07,0,1,-0,0,1,0,0.231232,0,0.972899,-0.922795,0,0.385292,0.881828,0,-0.471572,0.221181,0,0.975233,0.671381,0,-0.741113,-0.572113,0,0.820175,0.994959,0,-0.100284,-0.974021,0,0.226458,-0.221181,0,-0.975233,-0.995347,0,-0.0963553,-0.971702,0,0.236212,0.995347,0,0.0963553,0.356824,0,-0.934171],
    "materials":[{
        "vertexColors":false,
        "transparent":false,
        "shading":"phong",
        "specularCoef":50,
        "colorEmissive":[0,0,0],
        "doubleSided":false,
        "depthTest":true,
        "DbgName":"Material.048",
        "visible":true,
        "colorSpecular":[0.5,0.5,0.5],
        "opacity":1,
        "wireframe":false,
        "blending":1,
        "depthWrite":true,
        "colorDiffuse":[0,0.198314,0.64],
        "DbgIndex":0,
        "DbgColor":15658734
    }],
    "faces":[42,5,6,4,0,0,1,2,0,0,0,42,1,7,3,0,3,4,5,0,0,0,42,2,0,6,0,6,7,8,1,1,1,42,0,3,6,0,9,10,11,2,2,2,42,0,1,3,0,12,13,14,3,3,3,42,1,8,7,0,15,15,15,0,0,0,42,9,11,2,0,15,15,15,4,4,4,42,16,15,17,0,0,2,1,5,5,5,42,12,14,18,0,3,5,4,5,5,5,42,13,17,10,0,6,8,7,6,6,6,42,10,17,14,0,9,11,10,7,7,7,42,10,14,12,0,12,14,13,8,8,8,42,12,18,19,0,15,15,15,5,5,5,42,20,13,21,0,15,15,15,9,9,9,43,5,4,15,16,0,0,2,2,0,10,10,10,10,43,8,1,12,19,0,15,15,15,15,11,11,11,11,43,3,7,18,14,0,5,4,4,5,12,12,12,12,43,2,6,17,13,0,6,8,8,6,13,13,13,13,43,4,6,17,15,0,2,1,1,2,14,14,14,14,43,2,11,21,13,0,15,15,15,15,15,15,15,15,43,6,3,14,17,0,11,10,10,11,16,16,16,16,43,1,0,10,12,0,13,12,12,13,17,17,17,17,43,9,2,13,20,0,15,15,15,15,18,18,18,18,43,6,5,16,17,0,1,0,0,1,19,19,19,19,43,0,2,13,10,0,7,6,6,7,20,20,20,20,43,11,9,20,21,0,15,15,15,15,21,21,21,21,43,7,8,19,18,0,15,15,15,15,22,22,22,22],
    "vertices":[-0.778685,0.532817,-3.23385,-0.906483,0.532817,-3.78352,-0.648117,0.532817,-2.69673,-0.075981,0.532817,-3.41498,0.448139,0.532817,-2.41737,-0.0708097,0.532817,-2.29403,-0.0179913,0.532817,-2.83964,-0.425025,0.532817,-4.06768,-1.13899,0.532817,-4.3404,-0.0179913,0.532817,-2.83964,-0.778685,0.632817,-3.23385,-0.0708097,0.532817,-2.29403,-0.906483,0.632817,-3.78352,-0.648117,0.632817,-2.69673,-0.075981,0.632817,-3.41498,0.448139,0.632817,-2.41737,-0.0708097,0.632817,-2.29403,-0.0179913,0.632817,-2.83964,-0.425025,0.632817,-4.06768,-1.13899,0.632817,-4.3404,-0.0179913,0.632817,-2.83964,-0.0708097,0.632817,-2.29403],
    "metadata":{
        "uvs":1,
        "materials":1,
        "faces":27,
        "colors":0,
        "type":"Geometry",
        "version":3,
        "generator":"io_three",
        "vertices":22,
        "normals":23
    }
}