{
    "vertices":[-0.778685,0.632817,-3.23385,-0.906484,0.632817,-3.78352,-0.648117,0.632817,-2.69673,0.448139,0.632817,-2.41737,-1.13899,0.632817,-4.3404,-0.0708098,0.632817,-2.29403,-0.075981,0.632817,-3.41498,-0.0179913,0.632817,-2.83964,-0.425025,0.632817,-4.06768,-0.778685,-0.467183,-3.23385,-0.906484,-0.467183,-3.78352,-0.648117,-0.467183,-2.69673,0.448139,-0.467183,-2.41737,-1.13899,-0.467183,-4.3404,-0.0708098,-0.467183,-2.29403,-0.075981,-0.467183,-3.41498,-0.0179913,-0.467183,-2.83964,-0.425025,-0.467183,-4.06768],
    "metadata":{
        "version":3,
        "generator":"io_three",
        "vertices":18,
        "faces":23,
        "materials":1,
        "uvs":1,
        "normals":23,
        "type":"Geometry",
        "colors":0
    },
    "faces":[42,8,4,1,0,8,0,1,0,0,0,42,1,0,2,0,1,2,3,1,1,1,42,2,5,3,0,3,4,5,2,2,2,42,7,6,8,0,6,7,8,3,3,3,42,2,3,7,0,3,5,6,4,4,4,42,8,1,2,0,8,1,3,5,5,5,42,2,7,8,0,3,6,8,6,6,6,42,10,13,17,0,17,9,10,7,7,7,42,17,15,16,0,10,11,12,8,8,8,42,16,12,14,0,12,13,14,9,9,9,42,14,11,9,0,14,15,16,10,10,10,42,9,10,17,0,16,17,10,11,11,11,42,17,16,14,0,10,12,14,12,12,12,42,17,14,9,0,10,14,16,13,13,13,43,4,8,17,13,0,18,19,20,21,14,14,14,14,43,5,2,11,14,0,22,23,24,25,15,15,15,15,43,0,1,10,9,0,26,27,28,29,16,16,16,16,43,7,3,12,16,0,30,31,32,33,17,17,17,17,43,6,7,16,15,0,34,30,33,35,18,18,18,18,43,2,0,9,11,0,23,26,29,24,19,19,19,19,43,8,6,15,17,0,19,34,35,20,20,20,20,20,43,3,5,14,12,0,36,37,38,39,21,21,21,21,43,1,4,13,10,0,27,40,41,28,22,22,22,22],
    "materials":[{
        "transparent":false,
        "mapDiffuseRepeat":[1,1],
        "vertexColors":false,
        "colorEmissive":[0,0,0],
        "mapDiffuseAnisotropy":1,
        "wireframe":false,
        "colorSpecular":[0.5,0.5,0.5],
        "DbgColor":15658734,
        "doubleSided":false,
        "colorDiffuse":[0.64,0.64,0.64],
        "depthTest":true,
        "visible":true,
        "shading":"phong",
        "mapDiffuse":"grass.jpg",
        "DbgName":"Material.006",
        "opacity":1,
        "DbgIndex":0,
        "blending":1,
        "specularCoef":50,
        "depthWrite":true,
        "mapDiffuseWrap":["repeat","repeat"]
    }],
    "colors":[],
    "normals":[-9.93238e-08,1,4.14704e-08,-1.04766e-05,1,2.4358e-06,0,1,0,2.38722e-07,1,-1.2766e-07,-5.00487e-08,1,1.96399e-07,-1.36954e-07,1,-2.22861e-08,-9.82165e-08,1,-1.59825e-08,1.24665e-07,-1,1.46581e-09,1.05213e-07,-1,-1.06047e-08,-1.32879e-08,-1,-5.59082e-08,-4.6607e-08,-1,6.68153e-08,1.37001e-07,-1,2.23658e-08,1.84213e-07,-1,-3.67889e-08,5.72918e-08,-1,-1.14417e-08,0.356824,0,-0.934171,-0.572113,0,0.820175,-0.974021,0,0.226458,0.671381,0,-0.741112,0.994959,0,-0.100284,-0.971702,0,0.236212,0.881828,0,-0.471572,0.231232,0,0.972899,-0.922795,0,0.385292],
    "uvs":[[0.651855,0.725224,0.638156,0.546598,0.601435,0.384338,0.566851,0.224998,0.650275,0.0392757,0.783426,0,0.727707,0.175505,0.783426,0.334869,0.782028,0.554809,0.868429,0,0.998602,0.170415,1,0.390355,0.944281,0.549719,1,0.725224,0.866849,0.685949,0.783426,0.500227,0.81801,0.340887,0.85473,0.178626,3.14047e-08,0.684093,1.57024e-08,0.544734,0.283426,0.544734,0.283426,0.684093,0.566851,0,0.566851,0.163388,0.283426,0.163388,0.283426,7.24374e-08,0.566851,0.327447,0.566851,0.494851,0.283426,0.494851,0.283426,0.327447,0,0.160405,1.57024e-08,0,0.283426,0,0.283426,0.160405,1.57024e-08,0.32897,0.283426,0.32897,0.429414,0.673128,0.566851,0.673128,0.566851,1,0.429415,1,0.566851,0.673128,0.283426,0.673128]]
}