{
    "colors":[],
    "uvs":[[0,0,0.06897,0.0368949,0.0791835,0.0524082,0.177637,0.136465,0.176895,0.136944,0.181704,0.139998,0.173031,0.0260711,0.182777,0.0325792,0.18359,0.0375446,0.186873,0.0418826]],
    "normals":[8.03773e-05,1,0.000104486,-2.35131e-05,1,-0.000170581,8.39887e-09,1,-1.26491e-07,0,1,-0,0,1,0,5.7783e-06,1,0.000154012,-4.91324e-05,1,-4.70249e-05,-0,1,0,-3.86819e-05,1,0.00014432,0,0,0,-0.431931,8.30587e-06,-0.901907,-8.04478e-05,-1,-0.000104489,-7.33119e-08,-1,-2.28065e-07,-5.78013e-06,-1,-0.000154061,2.3501e-05,-1,0.00017064,0,-1,-0,-7.23978e-10,-1,6.83855e-08,-3.82489e-05,-1,-0.000161139,4.91557e-05,-1,4.69126e-05,4.56296e-05,-1,-1.76484e-05,-0.306029,1.07722e-05,-0.952022,0.774143,9.34472e-08,0.633011,-0.298963,-1.85637e-05,0.954265,-0.192293,1.27802e-05,-0.981337,-0.0374921,1.47749e-05,-0.999297,-0.972941,-1.58454e-05,0.231052,0.13655,-1.33802e-05,0.990633,-0.0662532,-1.60685e-05,0.997803,-0.609727,4.48321e-06,-0.792612,0.538667,1.978e-05,-0.842519,0.920686,1.76915e-05,-0.390305],
    "materials":[{
        "vertexColors":false,
        "transparent":false,
        "shading":"phong",
        "specularCoef":50,
        "colorEmissive":[0,0,0],
        "doubleSided":false,
        "depthTest":true,
        "DbgName":"Material.065",
        "visible":true,
        "colorSpecular":[0.5,0.5,0.5],
        "opacity":1,
        "wireframe":false,
        "blending":1,
        "depthWrite":true,
        "colorDiffuse":[0.0210536,0.64,0.239528],
        "DbgIndex":0,
        "DbgColor":15658734
    }],
    "faces":[42,5,7,10,0,9,0,0,0,0,0,42,10,0,1,0,0,1,2,1,1,1,42,1,2,3,0,2,3,4,2,2,2,42,3,4,9,0,4,5,6,3,3,3,42,9,8,6,0,6,7,8,4,4,4,42,6,5,10,0,8,9,0,5,5,5,42,10,1,3,0,0,2,4,6,6,6,42,3,9,6,0,4,6,8,7,7,7,42,10,3,6,0,0,4,8,8,8,8,43,18,16,27,29,0,0,9,9,0,9,9,9,9,43,10,7,18,21,0,0,0,0,0,9,9,9,9,43,8,9,20,19,0,7,6,6,7,9,9,9,9,43,5,6,17,16,0,9,8,8,9,9,9,9,9,43,0,10,21,11,0,1,0,0,1,9,9,9,9,43,1,0,11,12,0,2,1,1,2,9,9,9,9,43,2,1,12,13,0,3,2,2,3,9,9,9,9,43,7,5,16,18,0,0,9,9,0,9,9,9,9,43,9,4,15,20,0,6,5,5,6,9,9,9,9,43,3,2,13,14,0,4,3,3,4,9,9,9,9,43,0,4,15,11,0,0,0,0,0,9,9,9,9,43,6,8,19,17,0,8,7,7,8,9,9,9,9,43,4,3,14,15,0,5,4,4,5,9,9,9,9,43,22,26,37,33,0,0,0,0,0,10,10,10,10,43,20,15,26,31,0,6,5,5,6,9,9,9,9,43,14,13,24,25,0,4,3,3,4,9,9,9,9,43,11,15,26,22,0,0,0,0,0,9,9,9,9,43,17,19,30,28,0,8,7,7,8,9,9,9,9,43,15,14,25,26,0,5,4,4,5,9,9,9,9,43,21,18,29,32,0,0,0,0,0,9,9,9,9,43,19,20,31,30,0,7,6,6,7,9,9,9,9,43,16,17,28,27,0,9,8,8,9,9,9,9,9,43,11,21,32,22,0,1,0,0,1,9,9,9,9,43,12,11,22,23,0,2,1,1,2,9,9,9,9,43,13,12,23,24,0,3,2,2,3,9,9,9,9,42,43,40,38,0,0,0,9,11,11,11,42,39,41,42,0,8,7,6,12,12,12,42,43,38,39,0,0,9,8,13,13,13,42,34,33,43,0,2,1,0,14,14,14,42,36,35,34,0,4,3,2,15,15,15,42,42,37,36,0,6,5,4,16,16,16,42,43,39,42,0,0,8,6,17,17,17,42,36,34,43,0,4,2,0,18,18,18,42,42,36,43,0,6,4,0,19,19,19,43,28,30,41,39,0,8,7,7,8,20,20,20,20,43,26,25,36,37,0,5,4,4,5,21,21,21,21,43,32,29,40,43,0,0,0,0,0,22,22,22,22,43,30,31,42,41,0,7,6,6,7,23,23,23,23,43,27,28,39,38,0,9,8,8,9,24,24,24,24,43,22,32,43,33,0,1,0,0,1,25,25,25,25,43,23,22,33,34,0,2,1,1,2,26,26,26,26,43,24,23,34,35,0,3,2,2,3,27,27,27,27,43,29,27,38,40,0,0,9,9,0,28,28,28,28,43,31,26,37,42,0,6,5,5,6,29,29,29,29,43,25,24,35,36,0,4,3,3,4,30,30,30,30],
    "vertices":[-2.68014,0.632817,4.21159,-1.204,0.632817,4.00811,-0.575538,0.632817,4.04984,-0.781086,0.632817,3.56498,-0.427795,0.632817,3.13292,-3.20426,0.632817,3.0779,-2.67276,0.632817,3.05796,-3.64158,0.632817,3.41431,-2.16212,0.632817,2.89381,-1.1209,0.632817,2.68978,-2.80742,0.632723,3.67565,-2.68014,0.632817,4.21159,-1.204,0.632817,4.00811,-0.575538,0.632817,4.04984,-0.781086,0.632817,3.56498,-0.427795,0.632817,3.13292,-3.20426,0.632817,3.0779,-2.67276,0.632817,3.05796,-3.64158,0.632817,3.41431,-2.16212,0.632817,2.89381,-1.1209,0.632817,2.68978,-2.80742,0.632723,3.67565,-2.68014,0.632817,4.21159,-1.204,0.632817,4.00811,-0.575538,0.632817,4.04984,-0.781086,0.632817,3.56498,-0.427795,0.632817,3.13292,-3.20426,0.632817,3.0779,-2.67276,0.632817,3.05796,-3.64158,0.632817,3.41431,-2.16212,0.632817,2.89381,-1.1209,0.632817,2.68978,-2.80742,0.632723,3.67565,-2.68013,-0.367183,4.21157,-1.20399,-0.367183,4.0081,-0.575525,-0.367183,4.04983,-0.781074,-0.367183,3.56496,-0.427782,-0.367183,3.1329,-3.20425,-0.367183,3.07788,-2.67274,-0.367183,3.05794,-3.64157,-0.367183,3.4143,-2.16211,-0.367183,2.8938,-1.12088,-0.367183,2.68977,-2.8074,-0.367277,3.67563],
    "metadata":{
        "uvs":1,
        "materials":1,
        "faces":54,
        "colors":0,
        "type":"Geometry",
        "version":3,
        "generator":"io_three",
        "vertices":44,
        "normals":31
    }
}