{
    "colors":[],
    "uvs":[[0.260297,0.248378,0.0348687,0.209739,0.0067348,0.210413,0.181987,0.14606,0.0261512,0.207731,0.17518,0.0310568,0.17266,0.0295005,0.00856916,0.217361,0.034102,0.216609,0,0,0.177637,0.136465,0.0347483,0.216037,0.0915048,0.126638,0.00699221,0.211875,0.183756,0.0372998,0.00653638,0.208886,0.0330412,0.209145,0.187002,0.0415477,0.908008,0.793663,0.908008,0.777811,0.908169,0.777811,0.908169,0.793663,0.0962694,0.132881,0.0912293,0.126662]],
    "normals":[-0,-1,0,0,-1,0,-2.26153e-08,-1,1.2249e-07,0,0,0,0,-1,-0,0.222876,0,0.974847,5.08997e-08,-1,6.61669e-08,0,1,-0,-0,1,0,-8.40491e-09,1,-1.09365e-07,-2.93675e-09,1,-5.33823e-08,0,1,0,-0.222875,0,-0.974847,0,1,-0,-0.974848,0,0.222872,0.535025,-0.116088,-0.836822,0.974844,0,-0.222889,-0.219843,-0.164399,-0.961583,-0.301895,-0.163804,-0.939163,0.219843,0.164399,0.961583,0.194831,-0.150243,-0.969262,0.834853,-0.0579284,-0.547416,-0.834853,0.0579284,0.547416,-0.298364,0.142259,0.943791,-0.194831,0.150243,0.969262,-0.162682,0.152342,0.974847,-0.602854,-0.149722,-0.783677,-0.971086,0.00271258,0.238716,0.767524,0.130479,0.6276,0.0756058,0.162647,0.983783,0.134947,-0.154019,-0.978809,0.920293,-0.0292016,-0.390138,0.162682,-0.152342,-0.974847,-0.159587,-0.164089,-0.973451,-0.0369993,-0.1616,-0.986163,-0.134947,0.154019,0.978809],
    "materials":[{
        "vertexColors":false,
        "transparent":false,
        "shading":"phong",
        "specularCoef":50,
        "colorEmissive":[0,0,0],
        "doubleSided":false,
        "depthTest":true,
        "DbgName":"Material.042",
        "visible":true,
        "colorSpecular":[0.5,0.5,0.5],
        "opacity":1,
        "wireframe":false,
        "blending":1,
        "depthWrite":true,
        "colorDiffuse":[0.00709166,0.64,0.518233],
        "DbgIndex":0,
        "DbgColor":15658734
    }],
    "faces":[42,5,4,6,0,0,1,2,0,0,0,43,2,15,1,3,0,3,4,5,6,1,1,1,1,42,16,20,17,0,7,8,9,1,1,1,43,19,21,22,18,0,10,11,12,13,2,2,2,2,42,0,14,7,0,17,14,4,3,3,3,42,4,9,13,0,16,13,13,3,3,3,42,10,11,6,0,15,2,2,3,3,3,42,4,13,12,0,16,13,1,3,3,3,42,8,10,6,0,15,15,2,3,3,3,42,4,12,0,0,16,1,17,3,3,3,42,7,8,6,0,4,15,2,3,3,3,42,6,4,0,0,2,16,17,1,1,1,42,7,6,0,0,4,2,17,4,4,4,43,24,26,25,23,0,18,19,20,21,5,5,5,5,42,29,28,27,0,22,12,23,6,6,6,42,50,49,47,0,0,2,1,7,7,7,43,41,40,39,42,0,3,6,5,4,8,8,8,8,42,38,37,36,0,7,9,8,9,9,9,43,35,32,33,34,0,10,13,12,11,10,10,10,10,42,43,31,30,0,4,14,17,3,3,3,42,51,46,47,0,13,13,16,3,3,3,42,49,48,44,0,2,2,15,3,3,3,42,52,51,47,0,1,13,16,3,3,3,42,49,44,45,0,2,15,15,3,3,3,42,30,52,47,0,17,1,16,3,3,3,42,49,45,43,0,2,15,4,3,3,3,42,30,47,49,0,17,16,2,11,11,11,42,30,49,43,0,17,2,4,7,7,7,43,56,54,53,55,0,18,21,20,19,12,12,12,12,42,59,57,58,0,22,23,12,13,13,13,43,23,25,53,54,0,21,20,20,21,14,14,14,14,43,2,3,40,41,0,3,6,6,3,15,15,15,15,43,26,24,56,55,0,19,18,18,19,16,16,16,16,43,7,14,31,43,0,4,14,14,4,3,3,3,3,43,24,23,54,56,0,18,21,21,18,17,17,17,17,43,10,8,45,44,0,15,15,15,15,3,3,3,3,43,14,0,30,31,0,14,17,17,14,18,18,18,18,43,25,26,55,53,0,20,19,19,20,19,19,19,19,43,9,4,47,46,0,13,16,16,13,20,20,20,20,43,18,22,33,32,0,13,12,12,13,20,20,20,20,43,27,28,58,57,0,23,12,12,23,21,21,21,21,43,6,11,48,49,0,2,2,2,2,3,3,3,3,43,22,21,34,33,0,12,11,11,12,22,22,22,22,43,29,27,57,59,0,22,23,23,22,23,23,23,23,43,4,5,50,47,0,1,0,0,1,24,24,24,24,43,21,19,35,34,0,11,10,10,11,25,25,25,25,43,28,29,59,58,0,12,22,22,12,26,26,26,26,43,17,20,36,37,0,9,8,8,9,27,27,27,27,43,5,6,49,50,0,0,2,2,0,28,28,28,28,43,20,16,38,36,0,8,7,7,8,29,29,29,29,43,8,7,43,45,0,15,4,4,15,30,30,30,30,43,19,18,32,35,0,10,13,13,10,31,31,31,31,43,13,9,46,51,0,13,13,13,13,3,3,3,3,43,16,17,37,38,0,7,9,9,7,32,32,32,32,43,11,10,44,48,0,2,15,15,2,3,3,3,3,43,3,1,39,40,0,6,5,5,6,33,33,33,33,43,0,12,52,30,0,17,1,1,17,34,34,34,34,43,15,2,41,42,0,4,3,3,4,35,35,35,35,43,12,13,51,52,0,1,13,13,1,24,24,24,24,43,1,15,42,39,0,5,4,4,5,17,17,17,17],
    "vertices":[-2.67276,0.532817,3.05796,-1.64686,0.532817,2.77601,-0.427795,0.532817,3.13292,-1.1209,0.532817,2.68978,-3.20426,0.532817,3.0779,-0.781086,0.532817,3.56498,-0.427795,0.532817,3.13292,-2.16212,0.532817,2.89381,-0.427795,0.532817,3.13292,-0.781086,0.532817,3.56498,-0.427795,0.532817,3.13292,-0.427795,0.532817,3.13292,-3.20426,0.532817,3.0779,-0.781086,0.532817,3.56498,-2.16212,0.532817,2.89381,-2.16212,0.532817,2.89381,-0.575538,0.532817,4.04984,-2.81164,0.532817,3.67669,-0.781086,0.532817,3.56498,-0.575538,0.532817,4.04984,-2.68014,0.532817,4.21159,-2.81164,0.532817,3.67669,-3.20426,0.532817,3.0779,-2.16212,-0.832629,2.89381,-1.64686,-0.832629,2.77601,-2.16212,0.532817,2.89381,-1.64686,0.532817,2.77601,-2.81164,0.532817,3.67669,-3.20426,0.532817,3.0779,-3.64158,0.532817,3.41431,-2.67642,0.631456,3.04193,-2.16578,0.631456,2.87778,-0.78475,0.631456,3.54895,-3.20793,0.631456,3.06187,-2.8153,0.631456,3.66066,-0.579202,0.631456,4.03382,-2.68381,0.631456,4.19556,-2.8153,0.631456,3.66066,-0.579202,0.631456,4.03382,-1.65053,0.631456,2.75998,-1.12456,0.631456,2.67376,-0.431459,0.631456,3.11689,-2.16578,0.631456,2.87778,-2.16578,0.631456,2.87778,-0.431459,0.631456,3.11689,-0.431459,0.631456,3.11689,-0.78475,0.631456,3.54895,-3.20793,0.631456,3.06187,-0.431459,0.631456,3.11689,-0.431459,0.631456,3.11689,-0.78475,0.631456,3.54895,-0.78475,0.631456,3.54895,-3.20793,0.631456,3.06187,-2.16578,0.631456,2.87778,-2.16578,-0.733989,2.87778,-1.65053,0.631456,2.75998,-1.65053,-0.733989,2.75998,-2.8153,0.631456,3.66066,-3.20793,0.631456,3.06187,-3.64525,0.631456,3.39829],
    "metadata":{
        "uvs":1,
        "materials":1,
        "faces":60,
        "colors":0,
        "type":"Geometry",
        "version":3,
        "generator":"io_three",
        "vertices":60,
        "normals":36
    }
}