{
    "vertices":[-0.0708097,0.632817,-2.29403,1.34328,0.632817,-1.0887,0.892477,0.632817,-0.805827,0.656273,0.632817,-0.337763,0.122919,0.632817,-0.322992,0.0551413,0.632817,-0.847555,0.678619,0.632817,-1.69136,0.247208,0.632817,-1.36935,-0.127876,0.632817,-1.76651,0.448139,0.632817,-2.41737,-0.0708097,-0.467183,-2.29403,0.448139,-0.467183,-2.41737,-0.127876,-0.467183,-1.76651,0.247208,-0.467183,-1.36935,0.678619,-0.467183,-1.69136,0.0551413,-0.467183,-0.847555,0.122919,-0.467183,-0.322992,0.656273,-0.467183,-0.337763,0.892477,-0.467183,-0.805827,1.34328,-0.467183,-1.0887],
    "metadata":{
        "version":3,
        "generator":"io_three",
        "vertices":20,
        "faces":26,
        "materials":1,
        "uvs":1,
        "normals":26,
        "type":"Geometry",
        "colors":0
    },
    "faces":[43,8,7,13,12,0,0,1,2,3,0,0,0,0,43,2,1,19,18,0,4,5,6,7,1,1,1,1,43,0,8,12,10,0,8,0,3,9,2,2,2,2,43,1,6,14,19,0,10,11,12,13,3,3,3,3,43,3,2,18,17,0,14,4,7,15,4,4,4,4,43,4,3,17,16,0,16,14,15,17,5,5,5,5,43,7,5,15,13,0,1,18,19,2,6,6,6,6,43,6,9,11,14,0,11,20,21,12,7,7,7,7,43,9,0,10,11,0,22,23,24,25,8,8,8,8,43,5,4,16,15,0,18,26,27,19,9,9,9,9,42,6,1,2,0,37,28,29,10,10,10,42,2,3,4,0,29,30,31,11,11,11,42,4,5,7,0,31,32,33,12,12,12,42,7,8,0,0,33,34,35,13,13,13,42,0,9,6,0,35,36,37,14,14,14,42,6,2,4,0,37,29,31,15,15,15,42,7,0,6,0,33,35,37,16,16,16,42,4,7,6,0,31,33,37,17,17,17,42,18,19,14,0,47,38,39,18,18,18,42,14,11,10,0,39,40,41,19,19,19,42,10,12,13,0,41,42,43,20,20,20,42,13,15,16,0,43,44,45,21,21,21,42,16,17,18,0,45,46,47,22,22,22,42,18,14,10,0,47,39,41,23,23,23,42,13,16,18,0,43,45,47,24,24,24,42,10,13,18,0,41,43,47,25,25,25],
    "materials":[{
        "transparent":false,
        "mapDiffuseRepeat":[1,1],
        "vertexColors":false,
        "colorEmissive":[0,0,0],
        "mapDiffuseAnisotropy":1,
        "wireframe":false,
        "colorSpecular":[0.5,0.5,0.5],
        "DbgColor":15658734,
        "doubleSided":false,
        "colorDiffuse":[0.64,0.64,0.64],
        "depthTest":true,
        "visible":true,
        "shading":"phong",
        "mapDiffuse":"grass.jpg",
        "DbgName":"Material.006",
        "opacity":1,
        "DbgIndex":0,
        "blending":1,
        "specularCoef":50,
        "depthWrite":true,
        "mapDiffuseWrap":["repeat","repeat"]
    }],
    "colors":[],
    "normals":[0.727025,-3.71964e-08,-0.686611,-0.531507,8.90882e-08,-0.847054,0.994199,-5.4253e-08,0.107552,-0.671714,1.0569e-07,0.740811,-0.892764,8.39735e-08,-0.450526,-0.0276847,-5.15714e-08,-0.999617,0.938444,-4.87267e-08,0.345431,-0.953124,1.06706e-07,0.302581,0.231232,-1.26982e-08,0.972899,0.991756,-6.08272e-08,-0.128143,0,-1,-0,3.5768e-09,-1,1.29148e-07,2.28489e-07,-1,8.41044e-08,-1.07346e-07,-1,1.01378e-07,1.81438e-08,-1,7.63394e-08,-6.72615e-08,-1,1.62438e-08,3.82856e-08,-1,5.12926e-08,4.66553e-08,-1,6.25058e-08,-1.83386e-08,1,-2.92258e-08,-9.07191e-09,1,-3.81697e-08,-1.76164e-08,1,-5.84012e-08,-1.14245e-07,1,-4.20522e-08,-1.7884e-09,1,-6.4574e-08,-1.57643e-08,1,-2.98475e-08,2.25359e-08,1,-2.58051e-08,8.04599e-08,1,-9.21318e-08],
    "uvs":[[1,0.143939,1,0.239789,0.707978,0.239789,0.707978,0.143939,0.584045,0.803261,0.584045,0.942546,0.292022,0.942546,0.292022,0.803261,1,0,0.707978,6.61297e-08,0.292022,0.565494,0.292022,0.800491,1.61786e-08,0.800491,6.47145e-08,0.565494,0.584045,0.705134,0.292022,0.705134,0.584045,0.565494,0.292022,0.565494,1,0.386228,0.707978,0.386228,0.292022,1,0,1,0.584045,0.565494,0.72565,0.565494,0.72565,0.863902,0.584045,0.863902,1,0.525632,0.707978,0.525632,0,0.168804,0.130765,0.114134,0.213815,0,0.353989,0.0208189,0.347879,0.16417,0.273931,0.294714,0.353989,0.418283,0.315091,0.556626,0.173752,0.565494,0.14646,0.360747,0.353989,0.39669,0.500448,0.204747,0.52774,0,0.66908,0.00886786,0.707978,0.147211,0.62792,0.27078,0.701868,0.401324,0.707978,0.544675,0.567804,0.565494,0.484753,0.45136]]
}