{
    "colors":[],
    "uvs":[[0.228752,0.108763,0.228974,0.108951,0.236669,0.103466,0.236138,0.0125577,0.237411,0.0182675,0.225382,0.104838,0.227067,0.0136322,0.228194,0.00705811,0.233568,0.0211615,0.236699,0.101886,0,0,0.237159,0.102051,0.225214,0.105373,0.228186,0.00568816]],
    "normals":[2.75636e-08,-1,1.15973e-07,0,0,0,0.531507,0,0.847054,-0.231232,0,-0.972899,0.671714,0,-0.740811,0,1,-0,0,1,0,-3.13572e-09,1,-1.13222e-07,1.70668e-07,1,-4.12167e-08,-6.09573e-08,1,-4.50406e-08,-2.75636e-08,1,-1.15973e-07,5.20646e-09,1,-5.58755e-08,-0.9942,0,-0.107552,0.953123,0,-0.302581,0.0276847,0,0.999617,-0.727025,0,0.686611,-0.938444,0,-0.345431,-0.991756,0,0.128143,0.892764,0,0.450526],
    "materials":[{
        "vertexColors":false,
        "transparent":false,
        "shading":"phong",
        "specularCoef":50,
        "colorEmissive":[0,0,0],
        "doubleSided":false,
        "depthTest":true,
        "DbgName":"Material.049",
        "visible":true,
        "colorSpecular":[0.5,0.5,0.5],
        "opacity":1,
        "wireframe":false,
        "blending":1,
        "depthWrite":true,
        "colorDiffuse":[0.62552,0.64,0],
        "DbgIndex":0,
        "DbgColor":15658734
    }],
    "faces":[42,7,9,10,0,0,1,2,0,0,0,43,13,12,23,24,0,3,4,4,3,1,1,1,1,43,18,17,28,29,0,5,6,6,5,1,1,1,1,43,28,26,36,38,0,6,7,7,6,1,1,1,1,43,7,10,21,18,0,0,2,2,0,1,1,1,1,43,2,4,16,11,0,8,9,9,8,1,1,1,1,43,10,9,20,21,0,2,1,1,2,1,1,1,1,43,5,4,16,17,0,10,10,10,10,1,1,1,1,43,4,10,21,16,0,9,11,11,9,1,1,1,1,43,5,6,15,17,0,6,7,7,6,1,1,1,1,43,10,8,19,21,0,11,12,12,11,1,1,1,1,43,0,3,12,13,0,3,4,4,3,1,1,1,1,43,8,7,18,19,0,12,5,5,12,1,1,1,1,43,3,2,11,12,0,4,8,8,4,1,1,1,1,43,9,7,18,20,0,1,0,0,1,1,1,1,1,43,1,0,13,14,0,13,3,3,13,1,1,1,1,43,7,5,17,18,0,5,6,6,5,1,1,1,1,43,6,1,14,15,0,7,13,13,7,1,1,1,1,43,29,28,38,40,0,5,6,6,5,1,1,1,1,43,11,16,27,22,0,8,9,9,8,1,1,1,1,43,18,21,31,29,0,0,2,2,0,1,1,1,1,43,12,11,22,23,0,4,8,8,4,1,1,1,1,43,16,17,28,27,0,10,10,10,10,1,1,1,1,43,21,20,30,31,0,2,1,1,2,1,1,1,1,43,14,13,24,25,0,13,3,3,13,1,1,1,1,43,20,18,29,30,0,1,0,0,1,1,1,1,1,43,17,15,26,28,0,6,7,7,6,1,1,1,1,43,16,21,31,27,0,9,11,11,9,1,1,1,1,43,15,14,25,26,0,7,13,13,7,1,1,1,1,43,25,24,34,35,0,13,3,3,13,1,1,1,1,43,33,32,42,43,0,4,8,8,4,2,2,2,2,43,41,39,49,51,0,2,1,1,2,3,3,3,3,43,32,37,47,42,0,8,9,9,8,4,4,4,4,43,26,25,35,36,0,7,13,13,7,1,1,1,1,43,24,23,33,34,0,3,4,4,3,1,1,1,1,43,22,27,37,32,0,8,9,9,8,1,1,1,1,43,31,30,39,41,0,2,1,1,2,1,1,1,1,43,23,22,32,33,0,4,8,8,4,1,1,1,1,43,30,29,40,39,0,1,0,0,1,1,1,1,1,43,27,31,41,37,0,9,11,11,9,1,1,1,1,42,43,42,47,0,4,8,9,5,5,5,42,47,48,46,0,9,10,7,6,6,6,42,46,45,44,0,7,13,3,7,7,7,42,44,43,47,0,3,4,9,8,8,8,42,47,46,44,0,9,7,3,9,9,9,42,49,50,51,0,1,0,2,10,10,10,43,50,48,47,51,0,10,10,10,10,11,11,11,11,43,39,40,50,49,0,1,0,0,1,12,12,12,12,43,37,41,51,47,0,9,11,11,9,13,13,13,13,43,35,34,44,45,0,13,3,3,13,14,14,14,14,43,40,38,48,50,0,5,6,6,5,15,15,15,15,43,38,36,46,48,0,6,7,7,6,16,16,16,16,43,36,35,45,46,0,7,13,13,7,17,17,17,17,43,34,33,43,44,0,3,4,4,3,18,18,18,18],
    "vertices":[0.656273,0.532817,-0.337763,0.122919,0.532817,-0.322992,1.34328,0.532817,-1.0887,0.892477,0.532817,-0.805827,0.678619,0.532817,-1.69136,0.247208,0.532817,-1.36935,0.0551413,0.532817,-0.847555,-0.127876,0.532817,-1.76651,-0.620969,0.532817,-2.09018,-0.0708097,0.532817,-2.29403,0.448139,0.532817,-2.41737,1.34328,0.532817,-1.0887,0.892477,0.532817,-0.805827,0.656273,0.532817,-0.337763,0.122919,0.532817,-0.322992,0.0551413,0.532817,-0.847555,0.678619,0.532817,-1.69136,0.247208,0.532817,-1.36935,-0.127876,0.532817,-1.76651,-0.620969,0.532817,-2.09018,-0.0708097,0.532817,-2.29403,0.448139,0.532817,-2.41737,1.34328,0.532817,-1.0887,0.892477,0.532817,-0.805827,0.656273,0.532817,-0.337763,0.122919,0.532817,-0.322992,0.0551413,0.532817,-0.847555,0.678619,0.532817,-1.69136,0.247208,0.532817,-1.36935,-0.127876,0.532817,-1.76651,-0.0708097,0.532817,-2.29403,0.448139,0.532817,-2.41737,1.34328,0.532817,-1.0887,0.892477,0.532817,-0.805827,0.656273,0.532817,-0.337763,0.122919,0.532817,-0.322992,0.0551413,0.532817,-0.847555,0.678619,0.532817,-1.69136,0.247208,0.532817,-1.36935,-0.0708097,0.532817,-2.29403,-0.127876,0.532817,-1.76651,0.448139,0.532817,-2.41737,1.34328,0.632817,-1.0887,0.892477,0.632817,-0.805827,0.656273,0.632817,-0.337763,0.122919,0.632817,-0.322992,0.0551413,0.632817,-0.847555,0.678619,0.632817,-1.69136,0.247208,0.632817,-1.36935,-0.0708097,0.632817,-2.29403,-0.127876,0.632817,-1.76651,0.448139,0.632817,-2.41737],
    "metadata":{
        "uvs":1,
        "materials":1,
        "faces":54,
        "colors":0,
        "type":"Geometry",
        "version":3,
        "generator":"io_three",
        "vertices":52,
        "normals":19
    }
}