{
    "colors":[],
    "uvs":[[0.246518,0.0992371,0.254221,0.101619,0.25464,0.10157,0.24519,0.100229,0.244991,0.100487,0.253274,0.102386,0.242457,0.104426,0.249107,0.106459,0.249309,0.105512,0.242468,0.105527,0.243641,0.10596,0.249088,0.107286,0.159524,0.168955,0.150926,0.170915,0.150885,0.171238]],
    "normals":[-0,-1,0,-3.50427e-08,-1,1.35234e-07,-3.55621e-08,-1,1.32746e-07,0,1,-0,3.50427e-08,1,-1.35234e-07,3.55621e-08,1,-1.32746e-07,0.258771,0,-0.965939,-0.38724,0,0.921979,-0.762958,0,-0.646447,0.991492,0,-0.130164,-0.217495,0,0.976061,-0.619065,0,-0.78534,0.887136,0,-0.461509],
    "materials":[{
        "vertexColors":false,
        "transparent":false,
        "shading":"phong",
        "specularCoef":50,
        "colorEmissive":[0,0,0],
        "doubleSided":false,
        "depthTest":true,
        "DbgName":"Material.063",
        "visible":true,
        "colorSpecular":[0.5,0.5,0.5],
        "opacity":1,
        "wireframe":false,
        "blending":1,
        "depthWrite":true,
        "colorDiffuse":[0.11926,0.64,0.603727],
        "DbgIndex":0,
        "DbgColor":15658734
    }],
    "faces":[42,3,6,2,0,0,1,2,0,0,0,42,3,1,6,0,3,4,5,0,0,0,42,1,5,6,0,6,7,8,1,1,1,42,1,0,5,0,9,10,11,2,2,2,42,4,1,3,0,12,13,14,0,0,0,42,10,11,13,0,0,2,1,3,3,3,42,10,13,8,0,3,5,4,3,3,3,42,8,13,12,0,6,8,7,4,4,4,42,8,12,7,0,9,11,10,5,5,5,42,9,10,8,0,12,14,13,3,3,3,43,5,0,7,12,0,11,10,10,11,6,6,6,6,43,3,2,11,10,0,0,2,2,0,7,7,7,7,43,1,4,9,8,0,13,12,12,13,8,8,8,8,43,2,6,13,11,0,2,1,1,2,9,9,9,9,43,4,3,10,9,0,12,14,14,12,10,10,10,10,43,0,1,8,7,0,10,9,9,10,11,11,11,11,43,6,5,12,13,0,8,7,7,8,12,12,12,12],
    "vertices":[3.03365,0.532817,-1.99509,2.60852,0.532817,-1.65997,3.88779,0.532817,-0.797149,3.36773,0.532817,-1.01558,2.26982,0.532817,-1.26023,3.55057,0.532817,-1.85661,3.81558,0.532817,-1.34719,3.03365,0.632817,-1.99509,2.60852,0.632817,-1.65997,2.26982,0.632817,-1.26023,3.36773,0.632817,-1.01558,3.88779,0.632817,-0.797149,3.55057,0.632817,-1.85661,3.81558,0.632817,-1.34719],
    "metadata":{
        "uvs":1,
        "materials":1,
        "faces":17,
        "colors":0,
        "type":"Geometry",
        "version":3,
        "generator":"io_three",
        "vertices":14,
        "normals":13
    }
}