{
    "vertices":[3.03365,0.632817,-1.99509,2.60852,0.632817,-1.65997,2.26982,0.632817,-1.26023,3.36773,0.632817,-1.01558,3.88779,0.632817,-0.797149,3.55057,0.632817,-1.85661,3.81558,0.632817,-1.34719,3.81558,-0.467183,-1.34719,3.55057,-0.467183,-1.85661,3.88779,-0.467183,-0.797149,3.36773,-0.467183,-1.01558,2.26982,-0.467183,-1.26023,2.60852,-0.467183,-1.65997,3.03365,-0.467183,-1.99509],
    "metadata":{
        "version":3,
        "generator":"io_three",
        "vertices":14,
        "faces":17,
        "materials":1,
        "uvs":1,
        "normals":16,
        "type":"Geometry",
        "colors":0
    },
    "faces":[43,3,2,11,10,0,0,1,2,3,0,0,0,0,43,1,0,13,12,0,4,5,6,7,1,1,1,1,42,12,13,8,0,14,8,9,2,2,2,42,8,7,9,0,9,10,11,3,3,3,42,10,11,12,0,12,13,14,4,4,4,42,8,9,10,0,9,11,12,5,5,5,42,8,10,12,0,9,12,14,6,6,6,42,5,0,1,0,21,15,16,7,7,7,42,1,2,3,0,16,17,18,8,8,8,42,3,4,6,0,18,19,20,9,9,9,42,6,5,1,0,20,21,16,10,10,10,42,1,3,6,0,16,18,20,8,8,8,43,5,6,7,8,0,22,23,24,25,11,11,11,11,43,0,5,8,13,0,5,26,27,6,12,12,12,12,43,2,1,12,11,0,28,4,7,29,13,13,13,13,43,4,3,10,9,0,30,0,3,31,14,14,14,14,43,6,4,9,7,0,23,32,33,24,15,15,15,15],
    "materials":[{
        "transparent":false,
        "mapDiffuseRepeat":[1,1],
        "vertexColors":false,
        "colorEmissive":[0,0,0],
        "mapDiffuseAnisotropy":1,
        "wireframe":false,
        "colorSpecular":[0.5,0.5,0.5],
        "DbgColor":15658734,
        "doubleSided":false,
        "colorDiffuse":[0.64,0.64,0.64],
        "depthTest":true,
        "visible":true,
        "shading":"phong",
        "mapDiffuse":"grass.jpg",
        "DbgName":"Material.006",
        "opacity":1,
        "DbgIndex":0,
        "blending":1,
        "specularCoef":50,
        "depthWrite":true,
        "mapDiffuseWrap":["repeat","repeat"]
    }],
    "colors":[],
    "normals":[-0.217495,0,0.976061,-0.619065,0,-0.785339,-0,-1,0,1.50413e-07,-1,-1.97464e-08,-1.39743e-08,-1,6.27128e-08,-1.36379e-08,-1,3.24705e-08,7.74828e-09,-1,3.71196e-08,3.55621e-08,1,-1.32746e-07,0,1,0,0,1,-0,3.50427e-08,1,-1.35234e-07,0.887135,0,-0.461509,0.258771,0,-0.965939,-0.762958,0,-0.646447,-0.38724,0,0.921979,0.991493,0,-0.130164],
    "uvs":[[0,0.400988,0,0,0.372685,8.72463e-08,0.372685,0.400988,0.448483,0.602334,0.558232,0.602334,0.558232,0.99603,0.448483,0.99603,0.689426,0.411877,0.686342,0.220373,0.827569,0.0790156,1,0,0.977334,0.200458,1,0.602333,0.838217,0.525157,0.375768,0.190457,0.524559,0.0771761,0.686342,0,0.663677,0.401876,0.686342,0.602334,0.513911,0.523318,0.372685,0.381961,4.1295e-08,1,0,0.797603,0.372685,0.797603,0.372685,1,0.739542,0.602334,0.739542,0.99603,0.372685,0.602334,0.372685,0.99603,0,0.602068,0.372685,0.602068,6.19425e-08,0.602068,0.372685,0.602068]]
}