{
    "metadata":{
        "vertices":38,
        "materials":1,
        "faces":53,
        "version":3,
        "uvs":1,
        "generator":"io_three",
        "type":"Geometry",
        "colors":0,
        "normals":49
    },
    "vertices":[-1.19735,0.632817,-1.00081,-1.69322,0.632817,-0.832784,-1.47603,0.632817,-1.44727,-4.69924,0.632817,-2.48347,-3.52191,0.632817,-3.21132,-2.93943,0.632817,-3.1526,-1.62489,0.632817,-1.96131,-2.13589,0.632817,-2.14668,-2.40497,0.632817,-2.59647,-4.4743,0.632817,-2.9591,-2.1937,0.632817,-0.524989,-4.39046,0.632817,-0.484552,-4.33173,0.632817,-1.74897,-4.81227,0.632817,-1.97183,-4.52195,0.632817,-1.01262,-3.99838,0.632817,-1.20003,-3.95277,0.632817,-2.89817,-3.26964,0.632817,-0.539944,-2.60369,0.632817,-0.172695,-1.19735,-0.467183,-1.00081,-1.69322,-0.467183,-0.832784,-1.47603,-0.467183,-1.44727,-3.52191,-0.467183,-3.21132,-2.93943,-0.467183,-3.1526,-1.62489,-0.467183,-1.96131,-2.13589,-0.467183,-2.14668,-2.40497,-0.467183,-2.59647,-4.39046,-0.467183,-0.484552,-3.26964,-0.467183,-0.539944,-4.33173,-0.467183,-1.74897,-4.81227,-0.467183,-1.97183,-4.52195,-0.467183,-1.01262,-3.99838,-0.467183,-1.20003,-4.69924,-0.467183,-2.48347,-4.4743,-0.467183,-2.9591,-3.95277,-0.467183,-2.89817,-2.60369,-0.467183,-0.172695,-2.1937,-0.467183,-0.524989],
    "materials":[{
        "mapDiffuseAnisotropy":1,
        "opacity":1,
        "wireframe":false,
        "shading":"phong",
        "mapDiffuse":"grass.jpg",
        "transparent":false,
        "doubleSided":false,
        "depthWrite":true,
        "colorDiffuse":[0.343612,0.853709,0.264554],
        "visible":true,
        "mapDiffuseRepeat":[1,1],
        "DbgColor":15658734,
        "specularCoef":50,
        "colorSpecular":[0.5,0.5,0.5],
        "vertexColors":false,
        "DbgName":"l2",
        "DbgIndex":0,
        "mapDiffuseWrap":["repeat","repeat"],
        "depthTest":true,
        "colorEmissive":[0,0,0],
        "blending":1
    }],
    "colors":[],
    "normals":[-1.86701e-08,1,-5.50986e-08,-6.51663e-08,1,1.88704e-08,-1.47712e-07,1,8.83669e-08,-0,1,0,6.93713e-09,1,-5.93774e-08,2.4504e-08,1,-5.28358e-08,-1.85481e-08,1,-5.18176e-08,-1.28306e-07,1,2.36238e-08,-3.29249e-08,1,-1.3113e-07,4.54135e-09,1,-4.68947e-08,4.34894e-09,1,-3.31009e-08,-2.11587e-09,1,-4.2813e-08,6.57329e-09,1,-5.00311e-08,2.62161e-08,1,-5.41973e-08,0,1,0,5.80009e-09,1,-5.15523e-08,7.65955e-10,1,-5.51045e-08,0.904003,0,0.427526,-2.31433e-09,-1,1.66497e-07,0,-1,0,0,-1,0,0,-1,-0,-4.70021e-08,-1,1.29564e-07,2.95424e-07,-1,-1.76734e-07,-1.68498e-08,-1,1.67156e-07,-0,-1,0,1.12511e-07,-1,2.48543e-08,-3.66013e-08,-1,8.84914e-08,2.91826e-08,-1,5.76884e-08,-2.14619e-07,-1,1.88536e-07,-4.4604e-09,-1,3.39493e-08,-0.0493609,-8.14829e-08,-0.998781,-0.651724,-1.25302e-08,-0.758456,-0.116042,0,0.993244,-0.320926,0,-0.947104,0.976459,0,0.215705,-0.848303,0,0.529511,0.854744,0,-0.51905,0.420731,0,-0.907185,-0.100295,0,0.994958,0.97037,0,-0.241626,0.33701,0,0.941501,-0.960539,0,0.278146,0.587925,0,0.808915,-0.721017,0,0.692917,-0.858159,0,0.513384,0.482903,-6.23439e-08,-0.875674,-0.341024,0,0.940054,-0.523859,0,-0.851805],
    "faces":[42,20,19,21,0,0,1,2,0,0,0,42,21,24,25,0,2,3,4,1,1,1,42,25,26,23,0,4,5,6,2,2,2,42,23,22,35,0,6,7,8,3,3,3,42,35,34,33,0,8,9,10,4,4,4,42,33,30,29,0,10,11,12,5,5,5,42,32,31,27,0,13,14,15,6,6,6,42,33,29,32,0,10,12,13,7,7,7,42,23,35,33,0,6,8,10,8,8,8,42,20,21,25,0,0,2,4,9,9,9,42,25,23,33,0,4,6,10,10,10,10,42,32,27,28,0,13,15,16,11,11,11,42,25,33,32,0,4,10,13,12,12,12,42,37,20,25,0,18,0,4,13,13,13,42,28,36,37,0,16,17,18,14,14,14,42,25,32,28,0,4,13,16,15,15,15,42,25,28,37,0,4,16,18,16,16,16,43,9,3,33,34,0,19,20,21,22,17,17,17,17,42,10,18,17,0,24,25,26,18,18,18,42,17,11,14,0,26,27,28,19,19,19,42,17,14,15,0,26,28,29,20,20,20,42,1,10,17,0,23,24,26,19,19,19,42,2,0,1,0,40,41,23,21,21,21,42,7,6,2,0,38,39,40,22,22,22,42,5,8,7,0,36,37,38,23,23,23,42,16,4,5,0,34,35,36,24,24,24,42,3,9,16,0,32,33,34,25,25,25,42,12,13,3,0,30,31,32,26,26,26,42,17,15,12,0,26,29,30,20,20,20,42,2,1,17,0,40,23,26,20,20,20,42,16,5,7,0,34,36,38,27,27,27,42,7,2,17,0,38,40,26,28,28,28,42,17,12,3,0,26,30,32,29,29,29,42,3,16,7,0,32,34,38,25,25,25,42,17,3,7,0,26,32,38,30,30,30,43,11,17,28,27,0,42,43,44,45,31,31,31,31,43,18,10,37,36,0,46,47,48,49,32,32,32,32,43,16,9,34,35,0,50,51,52,53,33,33,33,33,43,1,0,19,20,0,54,55,56,57,34,34,34,34,43,3,13,30,33,0,20,58,59,21,35,35,35,35,43,0,2,21,19,0,60,61,62,63,36,36,36,36,43,12,15,32,29,0,64,65,66,67,37,37,37,37,43,13,12,29,30,0,68,69,70,71,38,38,38,38,43,5,4,22,23,0,72,73,74,75,39,39,39,39,43,14,11,27,31,0,76,77,78,79,40,40,40,40,43,15,14,31,32,0,80,81,82,83,41,41,41,41,43,2,6,24,21,0,61,84,85,62,42,42,42,42,43,4,16,35,22,0,73,50,53,74,43,43,43,43,43,8,5,23,26,0,86,87,88,89,44,44,44,44,43,7,8,26,25,0,90,86,89,91,45,45,45,45,43,17,18,36,28,0,43,46,49,44,46,46,46,46,43,6,7,25,24,0,92,93,94,95,47,47,47,47,43,10,1,20,37,0,47,54,57,48,48,48,48,48],
    "uvs":[[0.560579,0.0816405,0.564708,0,0.643922,0.0228406,0.727773,0.023301,0.777564,0.0921612,0.856868,0.113418,0.96355,0.170006,0.997303,0.254998,0.968518,0.333056,1,0.408799,0.937919,0.462849,0.865626,0.501622,0.811487,0.438936,0.714489,0.41225,0.708622,0.498877,0.623398,0.501622,0.583831,0.330907,0.5,0.24652,0.535578,0.169929,0.486446,0.673367,0.420022,0.673367,0.420022,0.501622,0.486446,0.501622,0.439421,0.0816405,0.464422,0.169929,0.5,0.24652,0.416169,0.330907,0.376602,0.501622,0.291378,0.498877,0.285511,0.41225,0.188513,0.438936,0.134374,0.501622,0.0620812,0.462849,0,0.408799,0.0314815,0.333056,0.00269667,0.254998,0.0364496,0.170006,0.143132,0.113418,0.222437,0.0921612,0.272227,0.023301,0.356078,0.0228406,0.435292,0,0.5,1,0.5,0.825023,0.672356,0.825023,0.672356,1,0.5,0.720927,0.5,0.657029,0.672356,0.657029,0.672356,0.720927,0.172356,0.664466,0.172356,0.742699,3.81954e-08,0.742699,3.81954e-08,0.664466,0.5,0.578988,0.5,0.501622,0.672356,0.501622,0.672356,0.578988,0.344711,0.673367,0.344711,0.501622,0.672356,0.501622,0.7548,0.501622,0.7548,0.673367,0.672356,0.673367,0.392044,0.673368,0.486446,0.673367,0.486446,0.845113,0.392044,0.845113,0.172356,0.700733,0.247721,0.700733,0.247721,0.872478,0.172356,0.872478,0.172356,0.501622,0.172356,0.589268,4.77442e-09,0.589268,0,0.501622,0.843578,0.845113,0.758425,0.845113,0.758425,0.673367,0.843578,0.673367,0.672356,0.673367,0.758425,0.673367,0.758425,0.845113,0.672356,0.845113,0.835952,0.501622,0.835952,0.673367,0.344711,0.583455,0.344711,0.700733,0.172356,0.700733,0.172356,0.583455,0.344711,0.501622,0.172356,0.501622,0.247721,0.700733,0.32098,0.700733,0.32098,0.872478,0.247721,0.872478]]
}