{
    "colors":[],
    "uvs":[[0.0111673,0.123628,0.0107575,0.124219,0.00585152,0.139132,0.00523447,0.188844,0.00588521,0.139775,0.00819562,0.142001,0.161913,0.210078,0.162028,0.210234,0.0169757,0.156555,0.018535,0.157986,0.0255105,0.153503,0.0335584,0.130589,0.0330207,0.13059,0.0293848,0.129966,0.024183,0.126779,0,0,0.00811792,0.124398,0.0040079,0.132304,0.00358064,0.133828,0.00378015,0.137491,0.032595,0.144991,0.0296958,0.152333,0.0301557,0.152593]],
    "normals":[0,-1,0,0,1,-0,0.116042,0,-0.993244,0.191323,0,-0.981527,-0.172612,0,0.98499,-0,-1,0,-4.70021e-08,-1,1.29564e-07,1.12511e-07,-1,2.48543e-08,-7.59114e-07,-1,4.60978e-07,-1.27809e-08,-1,9.72784e-08,0,-1,-0,4.3208e-09,-1,4.4082e-08,-2.36791e-08,-1,1.39957e-07,-2.31433e-09,-1,1.66497e-07,-0,1,0,-1.12511e-07,1,-2.48543e-08,0,1,0,7.59114e-07,1,-4.60978e-07,4.70021e-08,1,-1.29564e-07,6.57329e-09,1,-5.00311e-08,-6.57118e-08,1,-2.32252e-08,7.63724e-09,1,-4.79378e-08,2.36791e-08,1,-1.39957e-07,2.31433e-09,1,-1.66497e-07,0.100295,0,-0.994958,0.967824,0,0.251628,0.0138988,0,-0.999903,0.960539,0,-0.278146,-0.115546,0,0.993302,0.0707288,0,-0.997496,-0.976459,0,-0.215705,0.858159,0,-0.513384,-0.854744,0,0.51905,0.341024,0,-0.940054,0.0938221,0,0.995589,0.172612,0,-0.98499,-0.970369,0,0.241626,0.727377,0,-0.686238,-0.587925,0,-0.808915,0.0184042,0,0.999831,0.788273,0,-0.615326,-0.420731,0,0.907185,-0.482903,0,0.875674,-0.33701,0,-0.941501,0.102546,0,-0.994728,0.721017,0,-0.692917,0.320926,0,0.947104,0.523859,0,0.851805,-0.191323,0,0.981527,0.848303,0,-0.529511,0.920088,0,-0.391712,-0.911271,0,-0.411808,-0.351617,0,0.936144,0.651724,0,0.758456,-0.904003,0,-0.427526],
    "materials":[{
        "vertexColors":false,
        "transparent":false,
        "shading":"phong",
        "specularCoef":50,
        "colorEmissive":[0,0,0],
        "doubleSided":false,
        "depthTest":true,
        "DbgName":"Material.045",
        "visible":true,
        "colorSpecular":[0.5,0.5,0.5],
        "opacity":1,
        "wireframe":false,
        "blending":1,
        "depthWrite":true,
        "colorDiffuse":[0.00689724,0.64,0],
        "DbgIndex":0,
        "DbgColor":15658734
    }],
    "faces":[42,0,2,1,0,0,1,2,0,0,0,42,4,3,5,0,0,2,1,1,1,1,43,2,0,4,5,0,1,0,0,1,2,2,2,2,43,1,2,5,3,0,2,1,1,2,3,3,3,3,43,0,1,3,4,0,0,2,2,0,4,4,4,4,42,13,12,9,0,15,3,4,5,5,5,42,7,6,8,0,5,6,7,6,6,6,42,13,9,7,0,15,4,5,5,5,5,42,19,20,13,0,14,15,15,7,7,7,42,18,21,22,0,11,12,13,0,0,0,42,22,19,13,0,13,14,15,8,8,8,42,13,7,8,0,15,5,7,9,9,9,42,8,10,11,0,7,8,9,10,10,10,42,11,17,18,0,9,10,11,0,0,0,42,22,13,8,0,13,15,7,11,11,11,42,11,18,22,0,9,11,13,0,0,0,42,8,11,22,0,7,9,13,0,0,0,43,23,15,16,9,0,16,17,18,19,12,12,12,12,42,25,17,27,0,20,21,22,13,13,13,42,37,38,31,0,4,3,15,14,14,14,42,31,42,41,0,15,15,14,15,15,15,42,44,43,40,0,13,12,11,16,16,16,42,31,41,44,0,15,14,13,17,17,17,42,36,37,31,0,5,4,15,14,14,14,42,30,35,36,0,7,6,5,18,18,18,42,29,28,30,0,9,8,7,1,1,1,42,40,39,29,0,11,10,9,16,16,16,42,36,31,44,0,5,15,13,19,19,19,42,44,40,29,0,13,11,9,16,16,16,42,29,30,36,0,9,7,5,20,20,20,42,44,29,36,0,13,9,5,21,21,21,43,45,37,34,33,0,16,19,18,17,22,22,22,22,42,47,49,39,0,20,22,21,23,23,23,43,16,15,33,34,0,18,17,17,18,24,24,24,24,43,19,14,32,41,0,15,15,15,15,25,25,25,25,43,17,25,47,39,0,21,20,20,21,26,26,26,26,43,8,6,35,30,0,7,6,6,7,27,27,27,27,43,19,24,46,41,0,15,15,15,15,28,28,28,28,43,7,14,32,36,0,15,15,15,15,29,29,29,29,43,13,20,42,31,0,15,15,15,15,30,30,30,30,43,7,9,37,36,0,5,4,4,5,31,31,31,31,43,19,22,44,41,0,14,13,13,14,32,32,32,32,43,6,7,36,35,0,6,5,5,6,33,33,33,33,43,22,26,48,44,0,15,15,15,15,34,34,34,34,43,9,12,38,37,0,4,3,3,4,35,35,35,35,43,21,18,40,43,0,12,11,11,12,36,36,36,36,43,8,7,36,30,0,15,15,15,15,37,37,37,37,43,15,23,45,33,0,17,16,16,17,38,38,38,38,43,18,17,39,40,0,11,10,10,11,39,39,39,39,43,26,24,46,48,0,15,15,15,15,40,40,40,40,43,20,19,41,42,0,15,14,14,15,41,41,41,41,43,25,27,49,47,0,20,22,22,20,42,42,42,42,43,22,21,43,44,0,13,12,12,13,43,43,43,43,43,8,24,46,30,0,15,15,15,15,44,44,44,44,43,9,16,34,37,0,19,18,18,19,45,45,45,45,43,11,10,28,29,0,9,8,8,9,46,46,46,46,43,17,11,29,39,0,10,9,9,10,47,47,47,47,43,23,9,37,45,0,16,19,19,16,48,48,48,48,43,10,8,30,28,0,8,7,7,8,49,49,49,49,43,14,12,38,32,0,15,15,15,15,50,50,50,50,43,24,22,44,46,0,15,15,15,15,51,51,51,51,43,13,14,32,31,0,15,15,15,15,52,52,52,52,43,27,17,39,49,0,22,21,21,22,53,53,53,53,43,12,13,31,38,0,3,15,15,3,54,54,54,54],
    "vertices":[-4.4743,0.532817,-2.9591,-2.40497,0.532817,-2.59647,-3.95277,0.532817,-2.89817,-2.40497,0.632817,-2.59647,-4.4743,0.632817,-2.9591,-3.95277,0.632817,-2.89817,-1.62489,0.532817,-1.96131,-2.13589,0.532817,-2.14668,-1.47603,0.532817,-1.44727,-2.40497,0.532817,-2.59647,-1.19735,0.532817,-1.00081,-1.69322,0.532817,-0.832784,-4.4743,0.532817,-2.9591,-4.69924,0.532817,-2.48347,-4.19045,0.532817,-2.29237,-3.52191,0.532817,-3.21132,-2.93943,0.532817,-3.1526,-2.1937,0.532817,-0.524989,-4.39046,0.532817,-0.484552,-4.33173,0.532817,-1.74897,-4.81227,0.532817,-1.97183,-4.52195,0.532817,-1.01262,-3.99838,0.532817,-1.20003,-3.95277,0.532817,-2.89817,-3.77935,0.532817,-1.68471,-3.26964,0.532817,-0.539944,-3.44195,0.532817,-1.25247,-2.60369,0.532817,-0.172695,-1.19735,0.632817,-1.00081,-1.69322,0.632817,-0.832784,-1.47603,0.632817,-1.44727,-4.69924,0.632817,-2.48347,-4.19045,0.632817,-2.29237,-3.52191,0.632817,-3.21132,-2.93943,0.632817,-3.1526,-1.62489,0.632817,-1.96131,-2.13589,0.632817,-2.14668,-2.40497,0.632817,-2.59647,-4.4743,0.632817,-2.9591,-2.1937,0.632817,-0.524989,-4.39046,0.632817,-0.484552,-4.33173,0.632817,-1.74897,-4.81227,0.632817,-1.97183,-4.52195,0.632817,-1.01262,-3.99838,0.632817,-1.20003,-3.95277,0.632817,-2.89817,-3.77935,0.632817,-1.68471,-3.26964,0.632817,-0.539944,-3.44195,0.632817,-1.25247,-2.60369,0.632817,-0.172695],
    "metadata":{
        "uvs":1,
        "materials":1,
        "faces":64,
        "colors":0,
        "type":"Geometry",
        "version":3,
        "generator":"io_three",
        "vertices":50,
        "normals":55
    }
}