{
    "colors":[],
    "uvs":[[0.181984,0.168991,0.150318,0.173659,0.143726,0.180118,0.144208,0.181327,0.161494,0.176421,0.178492,0.178246,0.164011,0.180515,0.162542,0.178285,0.145352,0.182662,0.149795,0.183908,0,0]],
    "normals":[-0,-1,0,-4.96047e-08,-1,1.18104e-07,1.27644e-07,-1,-3.31292e-07,-2.86579e-09,-1,7.9347e-08,1.26398e-08,-1,4.14141e-08,-0,1,0,-1.27644e-07,1,3.31292e-07,4.96047e-08,1,-1.18104e-07,2.86579e-09,1,-7.9347e-08,-1.26398e-08,1,-4.14141e-08,-0.150434,0,0.98862,0.976731,0,-0.214466,-0.359529,0,0.933134,0.38724,0,-0.921979,-0.286498,0,0.958081,-0.182038,0,-0.983292,-0.922592,0,0.385777,0.999753,0,0.0222144,0.287464,0,-0.957791,-0.103802,0,-0.994598,0.752747,0,0.65831,0.217495,0,-0.976061],
    "materials":[{
        "vertexColors":false,
        "transparent":false,
        "shading":"phong",
        "specularCoef":50,
        "colorEmissive":[0,0,0],
        "doubleSided":false,
        "depthTest":true,
        "DbgName":"Material.059",
        "visible":true,
        "colorSpecular":[0.5,0.5,0.5],
        "opacity":1,
        "wireframe":false,
        "blending":1,
        "depthWrite":true,
        "colorDiffuse":[0.0935236,0.0802237,0.64],
        "DbgIndex":0,
        "DbgColor":15658734
    }],
    "faces":[42,0,7,3,0,5,0,1,0,0,0,42,3,8,5,0,1,2,3,1,1,1,42,5,1,0,0,3,4,5,2,2,2,42,3,5,0,0,1,3,5,3,3,3,43,2,1,6,4,0,6,7,8,9,4,4,4,4,42,12,16,9,0,1,0,5,5,5,5,42,9,10,14,0,5,4,3,6,6,6,42,14,17,12,0,3,2,1,7,7,7,42,9,14,12,0,5,3,1,8,8,8,43,11,13,15,10,0,6,9,8,7,9,9,9,9,43,2,4,13,11,0,6,9,9,6,10,10,10,10,43,5,8,17,14,0,3,2,2,3,11,11,11,11,43,0,1,10,9,0,5,4,4,5,12,12,12,12,43,8,3,12,17,0,2,1,1,2,13,13,13,13,43,1,5,14,10,0,4,3,3,4,14,14,14,14,43,7,0,9,16,0,0,5,5,0,15,15,15,15,43,1,2,11,10,0,7,6,6,7,16,16,16,16,43,4,6,15,13,0,9,8,8,9,17,17,17,17,43,6,1,10,15,0,8,7,7,8,18,18,18,18,43,3,1,10,12,0,10,10,10,10,19,19,19,19,43,1,7,16,10,0,10,10,10,10,20,20,20,20,43,3,7,16,12,0,1,0,0,1,21,21,21,21],
    "vertices":[1.34328,0.532817,-1.0887,1.9241,0.532817,-0.864911,2.26187,0.532817,-0.0571098,3.36773,0.532817,-1.01558,3.41704,0.532817,0.118668,4.00986,0.532817,-0.241196,3.42886,0.532817,-0.413281,2.26982,0.532817,-1.26023,3.88779,0.532817,-0.797149,1.34328,0.632817,-1.0887,1.9241,0.632817,-0.864911,2.26187,0.632817,-0.0571098,3.36773,0.632817,-1.01558,3.41704,0.632817,0.118668,4.00986,0.632817,-0.241196,3.42886,0.632817,-0.413281,2.26982,0.632817,-1.26023,3.88779,0.632817,-0.797149],
    "metadata":{
        "uvs":1,
        "materials":1,
        "faces":22,
        "colors":0,
        "type":"Geometry",
        "version":3,
        "generator":"io_three",
        "vertices":18,
        "normals":22
    }
}