{
    "vertices":[3.03365,0.532817,-1.99509,2.28422,0.532817,-2.20872,1.99372,0.532817,-3.37694,1.52833,0.532817,-2.44599,2.60852,0.532817,-1.65997,2.63788,0.532817,-2.84352,1.85299,0.532817,-2.8605,1.52833,0.632817,-2.44599,2.63788,0.632817,-2.84352,3.03365,0.632817,-1.99509,2.60852,0.632817,-1.65997,2.28422,0.632817,-2.20872,1.85299,0.632817,-2.8605,1.99372,0.632817,-3.37694,1.52833,-0.467183,-2.44599,2.63788,-0.467183,-2.84352,3.03365,-0.467183,-1.99509,2.60852,-0.467183,-1.65997,2.28422,-0.467183,-2.20872,1.85299,-0.467183,-2.8605,1.99372,-0.467183,-3.37694],
    "metadata":{
        "version":3,
        "generator":"io_three",
        "vertices":21,
        "faces":24,
        "materials":1,
        "uvs":1,
        "normals":23,
        "type":"Geometry",
        "colors":0
    },
    "faces":[43,5,0,16,15,0,0,1,2,3,0,0,0,0,43,6,2,20,19,0,4,5,6,7,1,1,1,1,43,2,5,15,20,0,8,0,3,9,2,2,2,2,43,3,6,19,14,0,10,4,7,11,3,3,3,3,43,6,3,7,12,0,4,10,12,13,4,4,4,4,43,5,2,13,8,0,0,8,14,15,5,5,5,5,43,2,6,12,13,0,5,4,13,16,6,6,6,6,43,0,5,8,9,0,1,0,15,17,7,7,7,7,43,4,0,9,10,0,18,19,20,21,8,8,8,8,43,1,4,10,11,0,22,18,21,23,9,9,9,9,42,12,7,11,0,30,24,25,10,10,10,42,11,10,9,0,25,26,27,11,11,11,42,9,8,13,0,27,28,29,12,12,12,42,13,12,11,0,29,30,25,13,13,13,42,11,9,13,0,25,27,29,14,14,14,42,17,18,16,0,31,32,33,15,15,15,42,14,15,16,0,34,35,36,16,16,16,42,14,19,15,0,34,37,35,17,17,17,42,19,20,15,0,37,38,35,18,18,18,43,0,4,17,16,0,19,18,39,40,19,19,19,19,43,4,1,18,17,0,18,22,41,39,9,9,9,9,43,0,3,14,16,0,19,42,43,40,20,20,20,20,43,1,0,16,18,0,44,1,2,45,21,21,21,21,43,7,3,1,11,0,46,42,22,23,22,22,22,22],
    "materials":[{
        "transparent":false,
        "mapDiffuseRepeat":[1,1],
        "vertexColors":false,
        "colorEmissive":[0,0,0],
        "mapDiffuseAnisotropy":1,
        "wireframe":false,
        "colorSpecular":[0.5,0.5,0.5],
        "DbgColor":15658734,
        "doubleSided":false,
        "colorDiffuse":[0.64,0.64,0.64],
        "depthTest":true,
        "visible":true,
        "shading":"phong",
        "mapDiffuse":"grass.jpg",
        "DbgName":"Material.006",
        "opacity":1,
        "DbgIndex":0,
        "blending":1,
        "specularCoef":50,
        "depthWrite":true,
        "mapDiffuseWrap":["repeat","repeat"]
    }],
    "colors":[],
    "normals":[0.90625,0,-0.422742,-0.964822,0,-0.262906,0.637799,0,-0.770203,-0.787264,0,-0.616616,-0.787264,0,-0.616616,0.637799,0,-0.770203,-0.964822,0,-0.262906,0.90625,0,-0.422743,0.619065,0,0.78534,-0.860903,0,0.50877,0,1,0,3.7235e-08,1,-1.30624e-07,-1.50771e-07,1,7.03309e-08,1.23557e-07,1,-8.17466e-08,1.56537e-08,1,-5.49144e-08,2.92055e-08,-1,3.70498e-08,-1.44744e-09,-1,7.09287e-08,-1.53008e-09,-1,7.06981e-08,-0,-1,0,0.619065,0,0.785339,-0.286937,0,0.95795,0.274135,0,-0.961691,-0.299479,0,0.954103],
    "uvs":[[0.317266,0.256878,0.317266,0.499709,3.86698e-08,0.499709,0,0.256878,0.182528,0.530715,0.348992,0.530715,0.348992,0.840765,0.182528,0.840765,0.317266,0,3.86698e-08,5.66854e-08,0.0187821,0.530715,0.0187822,0.840765,0.0187821,0.49971,0.182528,0.49971,0.348992,5.66854e-08,0.348992,0.256878,0.348992,0.499709,0.348992,0.499709,0.380719,0.391649,0.380719,0.487202,0.348993,0.487202,0.348993,0.391649,0.380719,0.245633,0.348992,0.245633,0.674692,0.540358,0.594455,0.773145,0.674693,0.954554,0.509361,1,0.365589,0.746005,0.348992,0.487202,0.507747,0.546134,0.697985,0.487202,0.724962,0.291338,0.869732,0.487202,1,0.974414,0.778172,0.680229,1,0.487202,0.844462,0.914862,0.674693,0.919009,0.697985,0.391649,0.697985,0.487202,0.697985,0.245633,0.380719,3.77903e-08,0.697985,3.77903e-08,0.317266,0.267294,8.7007e-08,0.267294,0.348992,0]]
}