{
    "colors":[],
    "uvs":[[0.253128,0.190551,0.252808,0.189615,0.248292,0.197395,0.254024,0.180369,0.245676,0.193809,0.245869,0.193718,0.24953,0.179942,0.248999,0.180678,0.244451,0.188581,0.245287,0.178118,0.241129,0.184606,0.241146,0.184776,0,0]],
    "normals":[-3.7235e-08,-1,1.30624e-07,-0,-1,0,-2.48321e-09,-1,1.14738e-07,-0.787264,0,-0.616616,0.637799,0,-0.770203,-0.964822,0,-0.262906,0.90625,0,-0.422743,0.619065,0,0.78534,-0.860903,0,0.50877,0,1,0,3.7235e-08,1,-1.30624e-07,-1.50771e-07,1,7.03309e-08,1.23557e-07,1,-8.17466e-08,1.56537e-08,1,-5.49144e-08],
    "materials":[{
        "vertexColors":false,
        "transparent":false,
        "shading":"phong",
        "specularCoef":50,
        "colorEmissive":[0,0,0],
        "doubleSided":false,
        "depthTest":true,
        "DbgName":"Material.064",
        "visible":true,
        "colorSpecular":[0.5,0.5,0.5],
        "opacity":1,
        "wireframe":false,
        "blending":1,
        "depthWrite":true,
        "colorDiffuse":[0.543959,0.0430619,0.64],
        "DbgIndex":0,
        "DbgColor":15658734
    }],
    "faces":[42,4,1,0,0,0,1,2,0,0,0,42,3,5,0,0,3,4,5,1,1,1,42,3,6,5,0,6,7,8,1,1,1,42,6,2,5,0,9,10,11,2,2,2,43,6,3,7,12,0,7,6,6,7,3,3,3,3,43,5,2,13,8,0,11,10,10,11,4,4,4,4,43,2,6,12,13,0,10,9,9,10,5,5,5,5,43,0,5,8,9,0,5,4,4,5,6,6,6,6,43,4,0,9,10,0,0,2,2,0,7,7,7,7,43,1,4,10,11,0,1,0,0,1,8,8,8,8,42,12,7,11,0,7,12,12,9,9,9,42,11,10,9,0,12,12,5,10,10,10,42,9,8,13,0,5,11,10,11,11,11,42,13,12,11,0,10,7,12,12,12,12,42,11,9,13,0,12,5,10,13,13,13],
    "vertices":[3.03365,0.532817,-1.99509,2.28422,0.532817,-2.20872,1.99372,0.532817,-3.37694,1.52833,0.532817,-2.44599,2.60852,0.532817,-1.65997,2.63788,0.532817,-2.84352,1.85299,0.532817,-2.8605,1.52833,0.632817,-2.44599,2.63788,0.632817,-2.84352,3.03365,0.632817,-1.99509,2.60852,0.632817,-1.65997,2.28422,0.632817,-2.20872,1.85299,0.632817,-2.8605,1.99372,0.632817,-3.37694],
    "metadata":{
        "uvs":1,
        "materials":1,
        "faces":15,
        "colors":0,
        "type":"Geometry",
        "version":3,
        "generator":"io_three",
        "vertices":14,
        "normals":14
    }
}