{
    "colors":[],
    "uvs":[[0.0425176,0.0357793,0.0220898,0.0519955,0.0170065,0.0559062,0,0,0.155077,0.0376549,0.146187,0.0312662,0.143961,0.0253647,0.143452,0.0220304,0.148324,0.0179129,0.149509,0.0141798,0.144177,0.00994112,0.0462899,0.00791135,0.00646221,0.0332475,0.00654263,0.0254503,0.00577514,0.0250661,0.0225111,0.00545306,0.00311145,0.0197503,0.00263728,0.0191907,0.163885,0.0524011,0.159454,0.0492936,0.155694,0.0436641,0.157202,0.0426978,0.0139571,0.00790098,0.00225544,0.0171678,0.005739,0.0135523,0.0117438,0.00871616,0.159339,0.0140688,0.166704,0.0194237,0.166327,0.0192241,0.145369,0.00586791,0.158584,0.0153534,0.162075,0.0190656,0.162116,0.0195701,0.030397,0.0569211,0.0302694,0.0567569,0.0376742,0.0497014,0.0431486,0.0453627,0.248239,0.110042,0.0426407,0.0444192,0.0255271,0.0534299,0.0250396,0.053212,0.0424775,0.0442998,0.0634168,0.021975,0.0504422,0.0325693,0.0453079,0.0295863,0.0414206,0.0340831,0.0413771,0.034249,0.0167714,0.0510467,0.0108619,0.0486597,0.0093355,0.0503334,0.00704886,0.0446583,0.00681105,0.0439275,0.00879612,0.0381545,0.0497151,0.0108549,0.0571565,0.0103816,0.0583307,0.00939513,0.062776,0.0155521]],
    "normals":[0,1,0,-0,1,0,9.7724e-08,1,-5.76245e-08,-1.49954e-07,1,-2.55901e-07,6.33265e-09,1,-7.32898e-08,-1.79029e-08,1,8.51507e-09,6.07626e-09,1,-8.01199e-08,-7.89913e-09,1,-8.35617e-08,4.40995e-09,1,-5.81483e-08,-4.87779e-08,1,3.89706e-07,8.04982e-09,1,-1.16173e-07,-1.69682e-08,1,-3.0245e-09,1.94186e-08,1,-1.55166e-07,0,1,-0,1.19921e-09,-1,1.12283e-07,2.02902e-08,1,-8.53603e-08,2.70682e-08,1,-1.06327e-07,-2.25972e-07,1,-1.7699e-07,-4.06619e-09,1,-1.06829e-07,-3.08393e-09,1,-1.13899e-07,1.16592e-09,1,-6.34423e-08,-3.20234e-09,1,-1.12803e-07,-7.28486e-08,1,-7.55047e-08,6.96835e-10,1,-8.46373e-08,0,1,-0],
    "materials":[{
        "vertexColors":false,
        "transparent":false,
        "shading":"phong",
        "specularCoef":50,
        "colorEmissive":[0,0,0],
        "doubleSided":false,
        "depthTest":true,
        "DbgName":"Material.062",
        "visible":true,
        "colorSpecular":[0.5,0.5,0.5],
        "opacity":1,
        "wireframe":false,
        "blending":1,
        "depthWrite":true,
        "colorDiffuse":[0.450659,0.461198,0.64],
        "DbgIndex":0,
        "DbgColor":15658734
    }],
    "faces":[42,0,1,36,0,0,1,2,0,0,0,42,19,27,20,0,3,3,4,1,1,1,42,20,16,15,0,4,5,6,0,0,0,42,15,25,26,0,6,7,8,2,2,2,42,26,12,11,0,8,9,10,3,3,3,42,11,29,40,0,10,11,12,4,4,4,42,40,35,34,0,12,13,14,0,0,0,42,19,20,15,0,3,4,6,1,1,1,42,40,34,19,0,12,14,3,5,5,5,42,26,11,40,0,8,10,12,6,6,6,42,19,15,26,0,3,6,8,7,7,7,42,26,40,19,0,8,12,3,8,8,8,42,19,30,34,0,21,15,16,9,9,9,42,34,38,28,0,16,17,18,10,10,10,42,28,18,17,0,18,19,20,1,1,1,42,17,19,34,0,20,21,16,11,11,11,42,34,28,17,0,16,18,20,12,12,12,43,39,38,44,43,0,22,23,24,25,13,13,13,13,42,14,22,13,0,26,27,28,14,14,14,43,11,14,13,22,0,29,30,31,32,15,15,15,15,42,8,9,37,0,37,33,34,0,0,0,42,37,10,2,0,34,35,36,1,1,1,42,37,2,8,0,34,36,37,0,0,0,43,1,0,2,37,0,40,41,38,39,0,0,0,0,42,6,7,5,0,56,42,43,16,16,16,42,5,3,4,0,43,44,45,17,17,17,42,4,0,36,0,45,46,47,18,18,18,42,31,32,42,0,48,49,50,13,13,13,42,4,36,31,0,45,47,48,19,19,19,42,6,5,4,0,56,43,45,20,20,20,42,13,14,6,0,54,55,56,0,0,0,42,40,22,13,0,52,53,54,21,21,21,42,42,41,40,0,50,51,52,22,22,22,42,4,31,42,0,45,48,50,13,13,13,42,13,6,4,0,54,56,45,0,0,0,42,42,40,13,0,50,52,54,23,23,23,42,4,42,13,0,45,50,54,24,24,24],
    "vertices":[2.63788,0.632817,-2.84352,4.62263,0.632817,-2.85238,3.03365,0.632817,-1.99509,1.85299,0.632817,-2.8605,1.99372,0.632817,-3.37694,1.52833,0.632817,-2.44599,-0.075981,0.632817,-3.41498,-0.0179913,0.632817,-2.83964,3.55057,0.632817,-1.85661,4.0649,0.632817,-1.98715,3.58215,0.632817,-2.41275,-1.64926,0.632817,-4.4918,-1.3318,0.632817,-4.91075,0.110915,0.632817,-4.07341,-0.425025,0.632817,-4.06768,-0.697796,0.632817,-5.90744,-0.275434,0.632817,-6.22373,1.04632,0.632817,-6.58876,1.51392,0.632817,-6.83045,0.952683,0.632817,-6.06346,0.25755,0.632817,-6.25696,0.741041,0.632817,-5.58026,0.249055,0.632817,-4.60572,1.21677,0.632817,-5.18937,0.834857,0.632817,-4.82618,-1.16651,0.632817,-5.66796,-0.877119,0.632817,-5.17719,0.512593,0.632817,-6.71616,2.10711,0.632817,-6.456,0.686375,0.632817,-4.28999,2.03102,0.632817,-5.92849,5.08968,0.632817,-3.46077,5.55655,0.632817,-3.71816,4.54414,0.632817,-4.29737,4.41542,0.632817,-5.78299,4.71682,0.632817,-5.3225,5.14583,0.632817,-2.93898,4.45956,0.632817,-2.33317,4.31348,0.632817,-6.30312,2.63289,0.632817,-6.39286,4.91239,0.632817,-4.73811,5.38535,0.632817,-4.40502,4.99993,0.632817,-4.03315,3.13725,0.632817,-6.5666,3.69997,0.632817,-6.61793],
    "metadata":{
        "uvs":1,
        "materials":1,
        "faces":37,
        "colors":0,
        "type":"Geometry",
        "version":3,
        "generator":"io_three",
        "vertices":45,
        "normals":25
    }
}