{
    "metadata":{
        "vertices":180,
        "materials":1,
        "faces":206,
        "version":3,
        "uvs":1,
        "generator":"io_three",
        "type":"Geometry",
        "colors":0,
        "normals":80
    },
    "vertices":[0.249055,-0.367183,-4.60572,4.91239,-0.367183,-4.73811,4.71682,-0.367183,-5.3225,4.41542,-0.367183,-5.78299,4.99993,-0.367183,-4.03315,3.55057,-0.367183,-1.85661,3.03365,-0.367183,-1.99509,5.14583,-0.367183,-2.93898,5.08968,-0.367183,-3.46077,-0.075981,-0.367183,-3.41498,-0.0179913,-0.367183,-2.83964,1.52833,-0.367183,-2.44599,1.85299,-0.367183,-2.8605,1.99372,-0.367183,-3.37694,2.63788,-0.367183,-2.84352,4.62263,-0.367183,-2.85238,5.38535,-0.367183,-4.40502,4.45956,-0.367183,-2.33317,4.31348,-0.367183,-6.30312,2.63289,-0.367183,-6.39286,3.69997,-0.367183,-6.61793,5.55655,-0.367183,-3.71816,2.10711,-0.367183,-6.456,1.51392,-0.367183,-6.83045,1.04632,-0.367183,-6.58876,3.13725,-0.367183,-6.5666,4.0649,-0.367183,-1.98715,0.952683,-0.367183,-6.06346,-0.425025,-0.367183,-4.06768,0.834857,-0.367183,-4.82618,0.249055,-0.367183,-4.60572,4.91239,-0.367183,-4.73811,4.71682,-0.367183,-5.3225,4.41542,-0.367183,-5.78299,4.99993,-0.367183,-4.03315,3.55057,-0.367183,-1.85661,3.03365,-0.367183,-1.99509,5.14583,-0.367183,-2.93898,5.08968,-0.367183,-3.46077,-0.075981,-0.367183,-3.41498,-0.0179913,-0.367183,-2.83964,1.52833,-0.367183,-2.44599,1.85299,-0.367183,-2.8605,1.99372,-0.367183,-3.37694,2.63788,-0.367183,-2.84352,4.62263,-0.367183,-2.85238,5.38535,-0.367183,-4.40502,4.45956,-0.367183,-2.33317,4.31348,-0.367183,-6.30312,2.63289,-0.367183,-6.39286,3.69997,-0.367183,-6.61793,5.55655,-0.367183,-3.71816,2.10711,-0.367183,-6.456,1.51392,-0.367183,-6.83045,1.04632,-0.367183,-6.58876,3.13725,-0.367183,-6.5666,4.0649,-0.367183,-1.98715,0.952683,-0.367183,-6.06346,-0.425025,-0.367183,-4.06768,0.834857,-0.367183,-4.82618,0.249055,-0.367183,-4.60572,4.91239,-0.367183,-4.73811,4.71682,-0.367183,-5.3225,4.41542,-0.367183,-5.78299,4.99993,-0.367183,-4.03315,3.55057,-0.367183,-1.85661,3.03365,-0.367183,-1.99509,5.14583,-0.367183,-2.93898,5.08968,-0.367183,-3.46077,-0.075981,-0.367183,-3.41498,-0.0179913,-0.367183,-2.83964,1.52833,-0.367183,-2.44599,1.85299,-0.367183,-2.8605,1.99372,-0.367183,-3.37694,2.63788,-0.367183,-2.84352,4.62263,-0.367183,-2.85238,5.38535,-0.367183,-4.40502,4.45956,-0.367183,-2.33317,4.31348,-0.367183,-6.30312,2.63289,-0.367183,-6.39286,3.69997,-0.367183,-6.61793,5.55655,-0.367183,-3.71816,2.10711,-0.367183,-6.456,1.51392,-0.367183,-6.83045,1.04632,-0.367183,-6.58876,3.13725,-0.367183,-6.5666,4.0649,-0.367183,-1.98715,0.952683,-0.367183,-6.06346,-0.425025,-0.367183,-4.06768,0.834857,-0.367183,-4.82618,0.249055,0.632817,-4.60572,4.91239,0.632817,-4.73811,4.71682,0.632817,-5.3225,4.41542,0.632817,-5.78299,4.99993,0.632817,-4.03315,3.55057,0.632817,-1.85661,3.03365,0.632817,-1.99509,5.14583,0.632817,-2.93898,5.08968,0.632817,-3.46077,-0.075981,0.632817,-3.41498,-0.0179913,0.632817,-2.83964,1.52833,0.632817,-2.44599,1.85299,0.632817,-2.8605,1.99372,0.632817,-3.37694,2.63788,0.632817,-2.84352,4.62263,0.632817,-2.85238,5.38535,0.632817,-4.40502,4.45956,0.632817,-2.33317,4.31348,0.632817,-6.30312,2.63289,0.632817,-6.39286,3.69997,0.632817,-6.61793,5.55655,0.632817,-3.71816,2.10711,0.632817,-6.456,1.51392,0.632817,-6.83045,1.04632,0.632817,-6.58876,3.13725,0.632817,-6.5666,4.0649,0.632817,-1.98715,0.952683,0.632817,-6.06346,-0.425025,0.632817,-4.06768,0.834857,0.632817,-4.82618,0.249055,0.632817,-4.60572,4.91239,0.632817,-4.73811,4.71682,0.632817,-5.3225,4.41542,0.632817,-5.78299,4.99993,0.632817,-4.03315,3.55057,0.632817,-1.85661,3.03365,0.632817,-1.99509,5.14583,0.632817,-2.93898,5.08968,0.632817,-3.46077,-0.075981,0.632817,-3.41498,-0.0179913,0.632817,-2.83964,1.52833,0.632817,-2.44599,1.85299,0.632817,-2.8605,1.99372,0.632817,-3.37694,2.63788,0.632817,-2.84352,4.62263,0.632817,-2.85238,5.38535,0.632817,-4.40502,4.45956,0.632817,-2.33317,4.31348,0.632817,-6.30312,2.63289,0.632817,-6.39286,3.69997,0.632817,-6.61793,5.55655,0.632817,-3.71816,2.10711,0.632817,-6.456,1.51392,0.632817,-6.83045,1.04632,0.632817,-6.58876,3.13725,0.632817,-6.5666,4.0649,0.632817,-1.98715,0.952683,0.632817,-6.06346,-0.425025,0.632817,-4.06768,0.834857,0.632817,-4.82618,0.249055,0.632817,-4.60572,4.91239,0.632817,-4.73811,4.71682,0.632817,-5.3225,4.41542,0.632817,-5.78299,4.99993,0.632817,-4.03315,3.55057,0.632817,-1.85661,3.03365,0.632817,-1.99509,5.14583,0.632817,-2.93898,5.08968,0.632817,-3.46077,-0.075981,0.632817,-3.41498,-0.0179913,0.632817,-2.83964,1.52833,0.632817,-2.44599,1.85299,0.632817,-2.8605,1.99372,0.632817,-3.37694,2.63788,0.632817,-2.84352,4.62263,0.632817,-2.85238,5.38535,0.632817,-4.40502,4.45956,0.632817,-2.33317,4.31348,0.632817,-6.30312,2.63289,0.632817,-6.39286,3.69997,0.632817,-6.61793,5.55655,0.632817,-3.71816,2.10711,0.632817,-6.456,1.51392,0.632817,-6.83045,1.04632,0.632817,-6.58876,3.13725,0.632817,-6.5666,4.0649,0.632817,-1.98715,0.952683,0.632817,-6.06346,-0.425025,0.632817,-4.06768,0.834857,0.632817,-4.82618],
    "materials":[{
        "mapDiffuseAnisotropy":1,
        "opacity":1,
        "wireframe":false,
        "shading":"phong",
        "mapDiffuse":"grass.jpg",
        "transparent":false,
        "doubleSided":false,
        "depthWrite":true,
        "colorDiffuse":[0,0.92658,0.0938252],
        "visible":true,
        "mapDiffuseRepeat":[1,1],
        "DbgColor":15658734,
        "specularCoef":50,
        "colorSpecular":[0.5,0.5,0.5],
        "vertexColors":false,
        "DbgName":"l4",
        "DbgIndex":0,
        "mapDiffuseWrap":["repeat","repeat"],
        "depthTest":true,
        "colorEmissive":[0,0,0],
        "blending":1
    }],
    "colors":[],
    "normals":[0,0,0,4.28989e-08,-1,3.66407e-08,0,-1,-0,-5.9134e-09,-1,1.05061e-07,-3.47614e-08,-1,4.64817e-08,0,-1,0,-5.42831e-10,-1,7.05067e-08,1.12639e-07,-1,8.64714e-08,3.08499e-10,-1,6.90881e-08,-1.40767e-07,-1,-3.83578e-08,-1.13766e-07,-1,1.4127e-08,5.40089e-08,-1,-1.05854e-08,4.04209e-08,-1,3.78193e-08,9.86769e-09,-1,3.69455e-08,-8.23275e-09,-1,4.12594e-08,3.01989e-09,-1,3.31061e-08,8.38823e-09,-1,2.43497e-08,1.80983e-08,-1,6.77618e-08,5.10849e-08,-1,6.40011e-08,-2.52024e-08,-1,2.5402e-09,-9.04357e-09,-1,7.52995e-08,-1.24234e-08,-1,9.92701e-08,-1.03109e-07,-1,3.83551e-08,2.0995e-08,-1,5.57875e-08,-1.13764e-09,-1,4.81838e-08,-6.25423e-09,-1,4.99749e-08,-9.336e-08,-1,-1.80209e-08,0,1,0,6.53783e-08,1,-1.27409e-07,-0,1,0,-1.27527e-08,1,-6.046e-08,1.80871e-08,1,-1.50599e-07,-7.28486e-08,1,-7.55047e-08,-2.99792e-08,1,1.42589e-08,-1.6929e-08,1,-4.97863e-08,-7.88844e-08,1,-2.0961e-07,2.70682e-08,1,-1.06327e-07,3.57878e-08,1,-1.91381e-08,7.76833e-10,1,-3.59649e-08,0,1,-0,1.83119e-09,1,-8.47781e-08,-8.37664e-09,1,-4.76432e-08,-2.25972e-07,1,-1.7699e-07,1.76193e-08,1,-5.52172e-08,-1.73083e-07,1,9.72751e-08,-1.4751e-08,1,2.31305e-09,-1.8576e-08,1,-1.12232e-07,7.94286e-08,1,-1.32357e-07,1.39857e-08,1,-8.72345e-08,-2.35587e-08,1,-1.51861e-08,0.163293,0,0.986578,-0.90625,0,0.422742,-0.325705,0,-0.945471,0.95405,0,0.299647,-0.246007,0,-0.969268,0.981329,0,-0.192334,-0.984483,0,-0.17548,0.45654,0,-0.889703,-0.995496,0,-0.0948012,0.694336,0,0.719651,0.352222,0,0.935917,0.482797,0,0.875732,0.836715,0,-0.547638,-0.623831,0,-0.781559,0.492511,0,-0.870306,0.948303,0,-0.317367,0.881828,0,-0.471572,0.533793,0,-0.845615,0.258771,0,-0.965939,-0.575799,0,0.817591,-0.246705,0,0.969091,0.994261,0,-0.106978,0.459166,0,0.88835,-0.994959,0,0.100284,0.119244,0,-0.992865,0.787264,0,0.616616,-0.0908412,0,-0.995865,-0.637799,0,0.770203,0.659247,0,0.751926,0.964822,0,0.262906],