{
    "vertices":[0.137878,-0.467183,1.51399,0.68933,-0.467183,0.239422,1.28141,-0.467183,0.881971,1.28141,0.632817,0.881971,0.68933,0.632817,0.239422,0.137878,0.632817,1.51399,-0.41025,0.632817,1.30646,1.75124,0.632817,0.0841396,-0.0719178,0.632817,0.877724,-0.351338,0.632817,0.434587,0.912977,0.632817,1.27101,2.1928,0.632817,0.536693,1.80239,0.632817,0.95158,-0.41025,-0.467183,1.30646,1.75124,-0.467183,0.0841397,-0.0719178,-0.467183,0.877724,-0.351338,-0.467183,0.434587,0.912977,-0.467183,1.27101,2.1928,-0.467183,0.536693,1.80239,-0.467183,0.95158],
    "metadata":{
        "version":3,
        "generator":"io_three",
        "vertices":20,
        "faces":26,
        "materials":1,
        "uvs":1,
        "normals":24,
        "type":"Geometry",
        "colors":0
    },
    "faces":[43,11,7,14,18,0,0,1,2,3,0,0,0,0,42,13,0,17,0,13,4,5,1,1,1,42,2,19,18,0,6,7,8,2,2,2,42,13,17,2,0,13,5,6,3,3,3,42,1,16,15,0,10,11,12,4,4,4,42,15,13,2,0,12,13,6,5,5,5,42,2,18,14,0,6,8,9,6,6,6,42,14,1,15,0,9,10,12,7,7,7,42,2,14,15,0,6,9,12,8,8,8,42,10,5,6,0,23,14,15,9,9,9,42,8,9,4,0,16,17,18,9,9,9,42,10,6,8,0,23,15,16,10,10,10,42,11,12,3,0,20,21,22,11,11,11,42,3,10,8,0,22,23,16,12,12,12,42,8,4,7,0,16,18,19,9,9,9,42,7,11,3,0,19,20,22,13,13,13,42,8,7,3,0,16,19,22,14,14,14,43,7,4,1,14,0,24,25,26,27,15,15,15,15,43,4,9,16,1,0,25,28,29,26,16,16,16,16,43,12,11,18,19,0,30,31,32,33,17,17,17,17,43,9,8,15,16,0,34,35,36,37,18,18,18,18,43,8,6,13,15,0,38,39,40,41,19,19,19,19,43,3,12,19,2,0,42,30,33,43,20,20,20,20,43,17,0,5,10,0,46,47,44,45,21,21,21,21,43,10,3,2,17,0,45,42,43,46,22,22,22,22,43,0,13,6,5,0,50,51,48,49,23,23,23,23],
    "materials":[{
        "transparent":false,
        "mapDiffuseRepeat":[1,1],
        "vertexColors":false,
        "colorEmissive":[0,0,0],
        "mapDiffuseAnisotropy":1,
        "wireframe":false,
        "colorSpecular":[0.5,0.5,0.5],
        "DbgColor":15658734,
        "doubleSided":false,
        "colorDiffuse":[0.64,0.64,0.64],
        "depthTest":true,
        "visible":true,
        "shading":"phong",
        "mapDiffuse":"grass.jpg",
        "DbgName":"Material.006",
        "opacity":1,
        "DbgIndex":0,
        "blending":1,
        "specularCoef":50,
        "depthWrite":true,
        "mapDiffuseWrap":["repeat","repeat"]
    }],
    "colors":[],
    "normals":[-0.71574,1.07123e-08,0.698366,2.10341e-08,1,-5.55538e-08,8.52576e-09,1,-6.38095e-08,2.31088e-08,1,2.1885e-08,-1.12788e-08,1,-6.01412e-08,2.17577e-10,1,-6.93406e-08,2.38745e-08,1,-2.3295e-08,-8.26969e-09,1,-5.65526e-08,1.16994e-10,1,-3.72853e-08,0,-1,0,3.80518e-09,-1,1.42027e-07,8.4579e-08,-1,2.23254e-07,-4.7932e-10,-1,1.52757e-07,0,-1,-0,-0,-1,-0,0.144691,4.41789e-08,0.989477,0.184325,5.11764e-08,0.982865,-0.728262,-3.56678e-08,-0.685299,0.845882,-3.87874e-08,-0.533371,0.78501,3.72053e-08,0.619483,0.132436,-1.06313e-07,-0.991192,-0.299137,0,-0.95421,-0.72607,-3.79234e-08,-0.68762,0.354094,0,-0.93521],
    "uvs":[[0.338339,0.709323,0.524187,0.709323,0.524187,0.99827,0.338339,0.99827,0,0.577857,0.0282036,0.365978,0.120632,0.252019,0.0722967,0.120884,0.171003,0,0.325666,0.0920915,0.338339,0.373771,0.338339,0.651899,0.195181,0.601214,0.0896523,0.709323,0.338339,0.131466,0.427991,0,0.533519,0.108109,0.676677,0.0574244,0.676677,0.335552,0.664005,0.617231,0.509342,0.709323,0.410635,0.588439,0.458971,0.457303,0.366542,0.343345,0.676677,1,0.676677,0.795181,1,0.795181,1,1,0.676677,0.585594,1,0.585594,1,0.438105,1,0.585594,0.676677,0.585594,0.676677,0.438105,0.177808,0.99827,0.0238255,0.99827,0.0238255,0.709323,0.177808,0.709323,0.338339,0.99827,0.177808,0.99827,0.177808,0.709323,0.338339,0.709323,1,0.339811,0.676677,0.339811,1,0,1,0.20102,0.676677,0.20102,0.676677,5.20268e-08,0.524187,0.709323,0.661718,0.709323,0.661718,0.99827,0.524187,0.99827]]
}