{
    "colors":[],
    "uvs":[[0.204838,0.0654093,0.217182,0.0884599,0.217097,0.0878369,0.210137,0.0637944,0.209888,0.0636778,0.207856,0.0635728,0.203684,0.0680013,0.209275,0.0778279,0.176525,0.218196,0.211205,0.0879763,0.210733,0.0808685,0.214542,0.0762796,0,0]],
    "normals":[2.52052e-08,-1,1.67383e-07,0,-1,0,3.80518e-09,-1,1.42027e-07,0,-1,-0,-4.7932e-10,-1,1.52757e-07,-0,-1,-0,-2.52052e-08,1,-1.67383e-07,0,1,0,0,1,-0,-4.21167e-09,1,-1.572e-07,4.35153e-10,1,-1.38681e-07,-0,1,-0,-0,1,0,0.354275,0,0.935141,0.999694,0,0.0247464,0.728262,0,0.685299,-0.0393739,0,0.999225,0.735396,0,-0.677637,0.00313778,0,-0.999995,-0.354094,0,0.93521,-0.148905,0,-0.988851,-0.50624,0,-0.862393,-0.184325,0,-0.982865,-0.144691,0,-0.989477,-0.78501,0,-0.619483,-0.845882,0,0.533371,0.72607,0,0.68762,0.299137,0,0.95421,0.71574,0,-0.698366],
    "materials":[{
        "vertexColors":false,
        "transparent":false,
        "shading":"phong",
        "specularCoef":50,
        "colorEmissive":[0,0,0],
        "doubleSided":false,
        "depthTest":true,
        "DbgName":"Material.051",
        "visible":true,
        "colorSpecular":[0.5,0.5,0.5],
        "opacity":1,
        "wireframe":false,
        "blending":1,
        "depthWrite":true,
        "colorDiffuse":[0.29366,0.0805363,0.64],
        "DbgIndex":0,
        "DbgColor":15658734
    }],
    "faces":[42,6,9,10,0,0,1,2,0,0,0,42,8,4,5,0,11,3,4,1,1,1,42,6,7,1,0,5,6,7,1,1,1,42,8,5,6,0,11,4,5,2,2,2,42,3,9,0,0,8,9,10,3,3,3,42,0,8,6,0,10,11,5,4,4,4,42,6,1,3,0,5,7,8,1,1,1,42,6,3,0,0,5,8,10,5,5,5,42,17,21,20,0,0,2,1,6,6,6,42,15,14,19,0,4,3,11,7,7,7,42,11,20,16,0,10,9,8,8,8,8,42,15,19,11,0,4,11,10,9,9,9,42,13,18,17,0,7,6,5,7,7,7,42,17,15,11,0,5,4,10,10,10,10,42,11,16,13,0,10,8,7,11,11,11,42,11,13,17,0,10,7,5,12,12,12,43,0,9,20,11,0,10,9,9,10,13,13,13,13,43,0,2,12,11,0,12,12,12,12,14,14,14,14,43,10,9,20,21,0,2,1,1,2,15,15,15,15,43,6,10,21,17,0,0,2,2,0,16,16,16,16,43,0,1,13,11,0,12,12,12,12,17,17,17,17,43,0,6,17,11,0,12,12,12,12,18,18,18,18,43,5,4,14,15,0,4,3,3,4,19,19,19,19,43,9,6,17,20,0,1,0,0,1,20,20,20,20,43,3,2,12,16,0,12,12,12,12,21,21,21,21,43,1,7,18,13,0,7,6,6,7,22,22,22,22,43,3,1,13,16,0,8,7,7,8,23,23,23,23,43,6,5,15,17,0,5,4,4,5,24,24,24,24,43,7,6,17,18,0,6,5,5,6,25,25,25,25,43,8,0,11,19,0,11,10,10,11,26,26,26,26,43,4,8,19,14,0,3,11,11,3,27,27,27,27,43,9,3,16,20,0,9,8,8,9,28,28,28,28],
    "vertices":[1.28141,0.532817,0.881971,0.68933,0.532817,0.239422,1.29452,0.532817,0.352237,1.75124,0.532817,0.0841396,0.137878,0.532817,1.51399,-0.41025,0.532817,1.30646,-0.0719178,0.532817,0.877724,-0.351338,0.532817,0.434587,0.912977,0.532817,1.27101,2.1928,0.532817,0.536693,1.80239,0.532817,0.95158,1.28141,0.632817,0.881971,1.29452,0.632817,0.352237,0.68933,0.632817,0.239422,0.137878,0.632817,1.51399,-0.41025,0.632817,1.30646,1.75124,0.632817,0.0841396,-0.0719178,0.632817,0.877724,-0.351338,0.632817,0.434587,0.912977,0.632817,1.27101,2.1928,0.632817,0.536693,1.80239,0.632817,0.95158],
    "metadata":{
        "uvs":1,
        "materials":1,
        "faces":32,
        "colors":0,
        "type":"Geometry",
        "version":3,
        "generator":"io_three",
        "vertices":22,
        "normals":29
    }
}