{
    "metadata":{
        "normals":95,
        "type":"Geometry",
        "uvs":1,
        "materials":3,
        "version":3,
        "generator":"io_three",
        "vertices":128,
        "faces":134,
        "colors":0
    },
    "normals":[0,1,0,2.04805e-07,1,-1.7526e-07,9.99668e-08,1,-1.61414e-07,-1.9969e-06,1,1.44389e-07,0,1,-0,7.32866e-08,1,-1.05063e-07,-0,1,0,-1.24538e-07,1,5.57406e-09,4.9688e-07,1,-9.89577e-08,-5.41158e-08,1,-9.61207e-09,-1.97734e-08,1,-1.54027e-07,-3.68025e-08,1,-2.31572e-08,2.05652e-08,-1,5.39157e-08,1.52439e-08,-1,1.18744e-07,1.26313e-07,-1,-3.65767e-08,1.04831e-08,-1,5.40528e-08,5.24753e-09,-1,4.08762e-08,6.2776e-08,-1,-3.03833e-08,2.00532e-07,-1,3.09032e-08,5.7172e-08,-1,2.10444e-08,-3.66433e-08,-1,5.25314e-08,-8.23903e-09,-1,3.95805e-08,-3.32291e-08,-1,5.0622e-08,-1.77607e-07,-1,6.78025e-08,-3.08215e-08,-1,4.69542e-08,0.994199,5.4253e-08,0.107552,-0.665074,-1.16399e-08,0.746778,0.727025,3.71964e-08,-0.686611,0.572113,2.88681e-08,-0.820175,-0.848303,-4.50437e-08,0.529511,0,0,1,-0.900115,-3.46842e-08,0.435652,-0.341024,0,0.940054,0.0372695,0,-0.999305,-0.957866,-3.73542e-08,0.287216,0.991756,4.80215e-08,-0.128143,-0.960539,0,0.278146,0.997396,5.01734e-08,-0.0721183,-0.999,-5.43846e-08,0.0447131,0.938444,4.87267e-08,0.345431,0.190394,6.37255e-08,0.981708,0.0980198,0,-0.995184,0.290281,0,-0.956941,0.471394,0,-0.881923,0.634396,0,-0.773008,0.77301,0,-0.634394,0.88192,0,-0.4714,0.956941,0,-0.290284,0.995185,0,-0.0980146,0.995185,0,0.0980152,0.95694,0,0.290284,0.88192,0,0.471398,0.773011,0,0.634393,0.634394,0,0.77301,0.471397,0,0.881921,0.290283,0,0.956941,0.0980155,0,0.995185,-0.098015,0,0.995185,-0.290289,0,0.956939,-0.471396,0,0.881921,-0.634392,0,0.773011,-0.773012,0,0.634392,-0.881923,0,0.471393,-0.95694,0,0.290284,-0.995184,0,0.0980209,-0.995184,0,-0.0980209,-0.956941,0,-0.290283,-0.881921,0,-0.471397,-0.773008,0,-0.634396,-0.634393,0,-0.773011,-0.471395,0,-0.881922,-0.290284,0,-0.95694,-0.0980119,0,-0.995185,-0,-1,0,0,-1,0,2.8321e-06,-1,-2.32424e-06,0,-1,0,0,-1,-0,-2.83206e-06,-1,-2.32422e-06,8.66949e-07,-1,-3.59103e-07,3.59098e-07,-1,8.66943e-07,-5.05085e-08,-1,2.53922e-07,-2.53921e-07,-1,-5.05079e-08,8.23782e-08,-1,5.50434e-08,-5.50434e-08,-1,8.2378e-08,0,1,0,-1.72701e-06,1,-3.23102e-06,1.72696e-06,1,-3.23095e-06,-0,1,0,7.80229e-07,1,5.21334e-07,-7.80232e-07,1,5.21336e-07,3.79164e-13,1,-2.58896e-07,-2.58896e-07,1,0,9.15337e-08,1,-3.79145e-08,-3.79145e-08,1,-9.15337e-08],
    "vertices":[-0.648117,0.532817,-2.69673,-1.62489,0.632817,-1.96131,-2.13589,0.632817,-2.14668,0.122919,0.632817,-0.322992,0.0551413,0.632817,-0.847555,0.170381,0.632817,0.333404,-0.620969,0.632817,-2.09018,-0.648117,0.632817,-2.69673,-0.351338,0.632817,0.434587,-0.762803,0.632817,-0.6138,-1.19735,0.632817,-1.00081,-0.0708097,0.632817,-2.29403,-0.507576,0.632817,-0.0864679,-1.47603,0.632817,-1.44727,0.247208,0.632817,-1.36935,-0.127876,0.632817,-1.76651,-1.19735,-0.467183,-1.00081,-1.47603,-0.467183,-1.44727,-1.62489,-0.467183,-1.96131,-2.13589,-0.467183,-2.14668,0.122919,-0.467183,-0.322992,0.0551414,-0.467183,-0.847555,0.170381,-0.467183,0.333404,-0.620969,-0.467183,-2.09018,-0.648117,-0.467183,-2.69673,-0.351338,-0.467183,0.434587,-0.762803,-0.467183,-0.6138,-0.0708096,-0.467183,-2.29403,-0.507576,-0.467183,-0.0864678,0.247208,-0.467183,-1.36935,-0.127876,-0.467183,-1.76651,-0.648117,-0.567183,-2.69673,-0.84988,0.62964,-1.8775,-0.84988,0.736516,-1.8775,-0.766888,0.62964,-1.86933,-0.766888,0.736516,-1.86933,-0.687085,0.62964,-1.84512,-0.687085,0.736516,-1.84512,-0.613539,0.62964,-1.80581,-0.613539,0.736516,-1.80581,-0.549075,0.62964,-1.75291,-0.549075,0.736516,-1.75291,-0.496171,0.62964,-1.68844,-0.496171,0.736516,-1.68844,-0.456859,0.62964,-1.6149,-0.456859,0.736516,-1.6149,-0.432652,0.62964,-1.53509,-0.432652,0.736516,-1.53509,-0.424478,0.62964,-1.4521,-0.424478,0.736516,-1.4521,-0.432652,0.62964,-1.36911,-0.432652,0.736516,-1.36911,-0.456859,0.62964,-1.28931,-0.456859,0.736516,-1.28931,-0.496171,0.62964,-1.21576,-0.496171,0.736516,-1.21576,-0.549075,0.62964,-1.1513,-0.549075,0.736516,-1.1513,-0.613539,0.62964,-1.09839,-0.613539,0.736516,-1.09839,-0.687086,0.62964,-1.05908,-0.687086,0.736516,-1.05908,-0.766888,0.62964,-1.03487,-0.766888,0.736516,-1.03487,-0.84988,0.62964,-1.0267,-0.84988,0.736516,-1.0267,-0.932872,0.62964,-1.03487,-0.932872,0.736516,-1.03487,-1.01267,0.62964,-1.05908,-1.01267,0.736516,-1.05908,-1.08622,0.62964,-1.09839,-1.08622,0.736516,-1.09839,-1.15068,0.62964,-1.1513,-1.15068,0.736516,-1.1513,-1.20359,0.62964,-1.21576,-1.20359,0.736516,-1.21576,-1.2429,0.62964,-1.28931,-1.2429,0.736516,-1.28931,-1.26711,0.62964,-1.36911,-1.26711,0.736516,-1.36911,-1.27528,0.62964,-1.4521,-1.27528,0.736516,-1.4521,-1.26711,0.62964,-1.53509,-1.26711,0.736516,-1.53509,-1.2429,0.62964,-1.6149,-1.2429,0.736516,-1.6149,-1.20359,0.62964,-1.68844,-1.20359,0.736516,-1.68844,-1.15068,0.62964,-1.75291,-1.15068,0.736516,-1.75291,-1.08622,0.62964,-1.80581,-1.08622,0.736516,-1.80581,-1.01267,0.62964,-1.84512,-1.01267,0.736516,-1.84512,-0.932871,0.62964,-1.86933,-0.932871,0.736516,-1.86933,-0.84988,0.736516,-1.8775,-0.766888,0.736516,-1.86933,-0.687085,0.736516,-1.84512,-0.613539,0.736516,-1.80581,-0.549075,0.736516,-1.75291,-0.496171,0.736516,-1.68844,-0.456859,0.736516,-1.6149,-0.432652,0.736516,-1.53509,-0.424478,0.736516,-1.4521,-0.432652,0.736516,-1.36911,-0.456859,0.736516,-1.28931,-0.496171,0.736516,-1.21576,-0.549075,0.736516,-1.1513,-0.613539,0.736516,-1.09839,-0.687086,0.736516,-1.05908,-0.766888,0.736516,-1.03487,-0.84988,0.736516,-1.0267,-0.932872,0.736516,-1.03487,-1.01267,0.736516,-1.05908,-1.08622,0.736516,-1.09839,-1.15068,0.736516,-1.1513,-1.20359,0.736516,-1.21576,-1.2429,0.736516,-1.28931,-1.26711,0.736516,-1.36911,-1.27528,0.736516,-1.4521,-1.26711,0.736516,-1.53509,-1.2429,0.736516,-1.6149,-1.20359,0.736516,-1.68844,-1.15068,0.736516,-1.75291,-1.08622,0.736516,-1.80581,-1.01267,0.736516,-1.84512,-0.932871,0.736516,-1.86933],