{
    "colors":[],
    "uvs":[[0.0508914,0.173422,0.0504724,0.174016,0.0501319,0.18042,0.0496077,0.181695,0.0446335,0.192504,0.0633312,0.185832,0.0632323,0.184763,0.0587845,0.180241,0.0581036,0.172743,0.0518894,0.193785,0.060895,0.191101,0.0610385,0.190651,0.227834,0.113479,0.227557,0.113775,0.0629942,0.196618,0.0631517,0.196862,0.0498537,0.196207,0.166039,0.205126,0.149762,0.21285,0.0607111,0.192117,0.0546959,0.194163,0.0466675,0.195427]],
    "normals":[0,-1,0,-9.99668e-08,-1,1.61414e-07,1.9969e-06,-1,-1.44389e-07,0,-1,-0,4.8608e-07,-1,-4.15958e-07,-2.05536e-08,-1,5.2477e-08,6.57113e-08,-1,-6.20585e-08,-1.9666e-08,1,-5.30775e-08,-0,-1,0,6.16008e-08,-1,9.03059e-08,-7.41987e-09,-1,1.64098e-07,-0,-1,-0,-3.80505e-08,-1,1.26972e-07,-0.957866,0,0.287216,0.548754,0,-0.835984,0.190394,1.40196e-07,0.981708,-0.900115,0,0.435652,0,0,0,0,1,0,-1.9969e-06,1,1.44389e-07,0,1,-0,9.99668e-08,1,-1.61414e-07,2.05536e-08,1,-5.2477e-08,-4.8608e-07,1,4.15958e-07,-6.57113e-08,1,6.20585e-08,1.9666e-08,-1,5.30775e-08,5.31253e-09,1,-1.17492e-07,-6.16008e-08,1,-9.03059e-08,5.7741e-07,1,-1.92678e-06,-0,1,0,0.04517,0,-0.998979,0.307679,0,-0.95149,-0.341024,0,0.940054,-0.9942,0,-0.107552,0.0269682,0,-0.999636,0.0372695,0,-0.999305,-0.307679,0,0.95149,-0.665073,0,0.746778,0.991756,0,-0.128143,0.727025,0,-0.686611,0.938444,0,0.345431,-0.960539,0,0.278146,-0.572113,0,0.820175,0.997396,0,-0.0721183,-0.04517,0,0.998979,-0.848303,0,0.529511,0.999,0,-0.0447131,-0.0269682,0,0.999636],
    "materials":[{
        "vertexColors":false,
        "transparent":false,
        "shading":"phong",
        "specularCoef":50,
        "colorEmissive":[0,0,0],
        "doubleSided":false,
        "depthTest":true,
        "DbgName":"Material.047",
        "visible":true,
        "colorSpecular":[0.5,0.5,0.5],
        "opacity":1,
        "wireframe":false,
        "blending":1,
        "depthWrite":true,
        "colorDiffuse":[0.64,0.0101495,0],
        "DbgIndex":0,
        "DbgColor":15658734
    }],
    "faces":[42,7,10,13,0,8,0,1,0,0,0,42,16,11,12,0,2,3,4,0,0,0,42,7,13,16,0,8,1,2,1,1,1,42,5,4,7,0,6,7,8,2,2,2,42,12,6,5,0,4,5,6,3,3,3,42,7,16,12,0,8,2,4,4,4,4,42,12,5,7,0,4,6,8,5,5,5,42,15,14,6,0,9,10,11,6,6,6,43,9,8,14,17,0,12,13,14,15,7,7,7,7,42,2,3,0,0,16,17,18,8,8,8,42,0,20,1,0,18,19,20,9,9,9,42,1,19,18,0,20,11,21,10,10,10,42,2,0,1,0,16,18,20,11,11,11,42,2,1,18,0,16,20,21,12,12,12,43,37,30,51,58,0,1,0,0,1,13,13,13,13,43,40,23,44,61,0,19,18,18,19,14,14,14,14,43,30,27,48,51,0,0,8,8,0,15,15,15,15,43,34,37,58,55,0,2,1,1,2,16,16,16,16,43,13,10,30,37,0,1,0,0,1,17,17,17,17,43,6,12,31,26,0,5,4,4,5,17,17,17,17,43,19,1,41,39,0,11,20,20,11,17,17,17,17,43,3,2,21,22,0,17,16,16,17,17,17,17,17,43,17,14,32,36,0,15,14,14,15,17,17,17,17,43,14,15,33,32,0,10,9,9,10,17,17,17,17,43,0,3,22,23,0,18,17,17,18,17,17,17,17,43,15,6,26,33,0,9,11,11,9,17,17,17,17,43,11,16,34,35,0,3,2,2,3,17,17,17,17,43,4,5,25,24,0,7,6,6,7,17,17,17,17,43,6,14,32,26,0,11,10,10,11,17,17,17,17,43,14,8,28,32,0,14,13,13,14,17,17,17,17,43,5,6,26,25,0,6,5,5,6,17,17,17,17,43,2,18,38,21,0,16,21,21,16,17,17,17,17,43,9,17,36,29,0,12,15,15,12,17,17,17,17,43,7,4,24,27,0,8,7,7,8,17,17,17,17,43,18,19,39,38,0,21,11,11,21,17,17,17,17,43,12,11,35,31,0,4,3,3,4,17,17,17,17,43,8,9,29,28,0,13,12,12,13,17,17,17,17,43,1,20,40,41,0,20,19,19,20,17,17,17,17,43,16,13,37,34,0,2,1,1,2,17,17,17,17,43,10,7,27,30,0,0,8,8,0,17,17,17,17,43,20,0,23,40,0,19,18,18,19,17,17,17,17,42,58,51,48,0,1,0,8,18,18,18,42,48,45,46,0,8,7,6,19,19,19,42,46,47,52,0,6,5,4,20,20,20,42,52,56,55,0,4,3,2,18,18,18,42,55,58,48,0,2,1,8,21,21,21,42,48,46,52,0,8,6,4,22,22,22,42,48,52,55,0,8,4,2,23,23,23,42,54,47,53,0,9,11,10,24,24,24,43,50,57,53,49,0,12,15,14,13,25,25,25,25,42,42,59,60,0,16,21,11,26,26,26,42,62,61,44,0,20,19,18,27,27,27,42,42,60,62,0,16,11,20,28,28,28,42,44,43,42,0,18,17,16,29,29,29,42,42,62,44,0,16,20,18,18,18,18,43,26,31,52,47,0,5,4,4,5,30,30,30,30,43,39,41,62,60,0,11,20,20,11,31,31,31,31,43,22,21,42,43,0,17,16,16,17,32,32,32,32,43,36,32,53,57,0,15,14,14,15,33,33,33,33,43,32,33,54,53,0,10,9,9,10,34,34,34,34,43,23,22,43,44,0,18,17,17,18,35,35,35,35,43,33,26,47,54,0,9,11,11,9,36,36,36,36,43,35,34,55,56,0,3,2,2,3,37,37,37,37,43,24,25,46,45,0,7,6,6,7,38,38,38,38,43,26,32,53,47,0,11,10,10,11,39,39,39,39,43,32,28,49,53,0,14,13,13,14,14,14,14,14,43,25,26,47,46,0,6,5,5,6,40,40,40,40,43,21,38,59,42,0,16,21,21,16,41,41,41,41,43,29,36,57,50,0,12,15,15,12,42,42,42,42,43,27,24,45,48,0,8,7,7,8,43,43,43,43,43,38,39,60,59,0,21,11,11,21,44,44,44,44,43,31,35,56,52,0,4,3,3,4,45,45,45,45,43,28,29,50,49,0,13,12,12,13,46,46,46,46,43,41,40,61,62,0,20,19,19,20,47,47,47,47],
    "vertices":[-0.620969,0.532817,-2.09018,-1.05866,0.532817,-1.79162,-1.62489,0.532817,-1.96131,-2.13589,0.532817,-2.14668,0.122919,0.532817,-0.322992,0.0551413,0.532817,-0.847555,0.247208,0.532817,-1.36935,0.170381,0.532817,0.333404,-0.620969,0.532817,-2.09018,-0.648117,0.532817,-2.69673,-0.351338,0.532817,0.434587,-1.19735,0.532817,-1.00081,-1.47603,0.532817,-1.44727,-0.507576,0.532817,-0.0864679,-0.127876,0.532817,-1.76651,-1.05866,0.532817,-1.79162,-0.762803,0.532817,-0.6138,-0.0708097,0.532817,-2.29403,-1.47603,0.532817,-1.44727,0.247208,0.532817,-1.36935,-0.127876,0.532817,-1.76651,-1.62489,0.532817,-1.96131,-2.13589,0.532817,-2.14668,-0.620969,0.532817,-2.09018,0.122919,0.532817,-0.322992,0.0551413,0.532817,-0.847555,0.247208,0.532817,-1.36935,0.170381,0.532817,0.333404,-0.620969,0.532817,-2.09018,-0.648117,0.532817,-2.69673,-0.351338,0.532817,0.434587,-1.47603,0.532817,-1.44727,-0.127876,0.532817,-1.76651,-1.05866,0.532817,-1.79162,-0.762803,0.532817,-0.6138,-1.19735,0.532817,-1.00081,-0.0708097,0.532817,-2.29403,-0.507576,0.532817,-0.0864679,-1.47603,0.532817,-1.44727,0.247208,0.532817,-1.36935,-0.127876,0.532817,-1.76651,-1.05866,0.532817,-1.79162,-1.62489,0.632817,-1.96131,-2.13589,0.632817,-2.14668,-0.620969,0.632817,-2.09018,0.122919,0.632817,-0.322992,0.0551413,0.632817,-0.847555,0.247208,0.632817,-1.36935,0.170381,0.632817,0.333404,-0.620969,0.632817,-2.09018,-0.648117,0.632817,-2.69673,-0.351338,0.632817,0.434587,-1.47603,0.632817,-1.44727,-0.127876,0.632817,-1.76651,-1.05866,0.632817,-1.79162,-0.762803,0.632817,-0.6138,-1.19735,0.632817,-1.00081,-0.0708097,0.632817,-2.29403,-0.507576,0.632817,-0.0864679,-1.47603,0.632817,-1.44727,0.247208,0.632817,-1.36935,-0.127876,0.632817,-1.76651,-1.05866,0.632817,-1.79162],
    "metadata":{
        "uvs":1,
        "materials":1,
        "faces":74,
        "colors":0,
        "type":"Geometry",
        "version":3,
        "generator":"io_three",
        "vertices":63,
        "normals":48
    }
}