{
    "vertices":[-0.620969,0.632817,-2.09018,-1.6537,0.632817,-3.01652,-0.778685,0.632817,-3.23385,-0.906483,0.632817,-3.78352,-1.28785,0.632817,-3.41572,-0.648117,0.632817,-2.69673,-2.2142,0.632817,-3.10571,-2.40497,0.632817,-2.59647,-2.13589,0.632817,-2.14668,-0.620969,-0.467183,-2.09018,-1.6537,-0.467183,-3.01652,-0.778685,-0.467183,-3.23385,-0.906483,-0.467183,-3.78352,-1.28785,-0.467183,-3.41572,-0.648117,-0.467183,-2.69673,-2.2142,-0.467183,-3.10571,-2.40497,-0.467183,-2.59647,-2.13589,-0.467183,-2.14668],
    "metadata":{
        "version":3,
        "generator":"io_three",
        "vertices":18,
        "faces":23,
        "materials":1,
        "uvs":1,
        "normals":22,
        "type":"Geometry",
        "colors":0
    },
    "faces":[42,4,3,2,0,8,0,1,0,0,0,42,2,5,0,0,1,2,3,1,1,1,42,0,8,7,0,3,4,5,2,2,2,42,7,6,1,0,5,6,7,0,0,0,42,1,4,2,0,7,8,1,3,3,3,42,2,0,7,0,1,3,5,4,4,4,42,2,7,1,0,1,5,7,5,5,5,42,11,12,13,0,17,9,10,6,6,6,42,10,15,16,0,11,12,13,7,7,7,42,11,13,10,0,17,10,11,8,8,8,42,9,14,11,0,15,16,17,9,9,9,42,16,17,9,0,13,14,15,10,10,10,42,11,10,16,0,17,11,13,11,11,11,42,16,9,11,0,13,15,17,12,12,12,43,6,7,16,15,0,18,19,20,21,13,13,13,13,43,0,5,14,9,0,22,23,24,25,14,14,14,14,43,8,0,9,17,0,26,27,28,29,15,15,15,15,43,3,4,13,12,0,30,31,32,33,16,16,16,16,43,4,1,10,13,0,31,34,35,32,17,17,17,17,43,5,2,11,14,0,23,36,37,24,18,18,18,18,43,1,6,15,10,0,34,18,21,35,19,19,19,19,43,2,3,12,11,0,36,38,39,37,20,20,20,20,43,7,8,17,16,0,40,26,29,41,21,21,21,21],
    "materials":[{
        "transparent":false,
        "mapDiffuseRepeat":[1,1],
        "vertexColors":false,
        "colorEmissive":[0,0,0],
        "mapDiffuseAnisotropy":1,
        "wireframe":false,
        "colorSpecular":[0.5,0.5,0.5],
        "DbgColor":15658734,
        "doubleSided":false,
        "colorDiffuse":[0.64,0.64,0.64],
        "depthTest":true,
        "visible":true,
        "shading":"phong",
        "mapDiffuse":"grass.jpg",
        "DbgName":"Material.006",
        "opacity":1,
        "DbgIndex":0,
        "blending":1,
        "specularCoef":50,
        "depthWrite":true,
        "mapDiffuseWrap":["repeat","repeat"]
    }],
    "colors":[],
    "normals":[-0,-1,0,5.5952e-07,-1,-2.50429e-08,0,-1,0,-4.01806e-08,-1,1.12488e-07,-1.53928e-08,-1,5.42401e-08,-1.2256e-07,-1,-2.19201e-07,2.11206e-08,1,-5.91287e-08,8.78784e-09,1,-5.52312e-08,-0,1,0,-3.20212e-08,1,-4.77015e-08,-2.01214e-08,1,1.20374e-08,-3.17042e-08,1,-1.27652e-07,-1.99289e-09,1,-5.18426e-08,0.936444,0,0.350817,-0.999,0,0.0447131,0.0372695,0,-0.999305,0.694195,0,0.719787,0.737225,0,0.675647,-0.971702,0,0.236212,-0.157134,0,0.987577,-0.974021,0,0.226458,0.858159,0,-0.513384],
    "uvs":[[0.875674,0.484297,0.731472,0.483514,0.590228,0.484297,0.437837,0.452463,0.541416,0.0440999,0.669134,0,0.784456,0.0848107,0.72916,0.231485,0.806777,0.356796,0,0.484297,0.0688972,0.356796,0.146515,0.231485,0.0912182,0.0848107,0.20654,0,0.334259,0.0440999,0.437837,0.452463,0.285446,0.484297,0.144202,0.483514,0.437837,0.630522,0.437837,0.484297,0.718919,0.484297,0.718919,0.630522,0.718919,0.96435,0.718919,0.795964,1,0.795963,1,0.96435,0.156756,0.90809,0.156756,0.484297,0.437837,0.484297,0.437837,0.90809,0.437837,1,0.437837,0.853973,0.718919,0.853973,0.718919,1,0.437837,0.703457,0.718919,0.703457,0.718919,0.641794,1,0.641794,0.718919,0.484297,1,0.484297,0.156756,0.987945,0.437837,0.987945]]
}