{
    "metadata":{
        "normals":75,
        "type":"Geometry",
        "uvs":1,
        "materials":3,
        "version":3,
        "generator":"io_three",
        "vertices":114,
        "faces":115,
        "colors":0
    },
    "normals":[-0,-1,0,5.5952e-07,-1,-2.50429e-08,0,-1,0,-4.01806e-08,-1,1.12488e-07,-1.53928e-08,-1,5.42401e-08,-1.2256e-07,-1,-2.19201e-07,2.11206e-08,1,-5.91287e-08,8.78784e-09,1,-5.52312e-08,-0,1,0,-3.20212e-08,1,-4.77015e-08,-2.01214e-08,1,1.20374e-08,-3.17042e-08,1,-1.27652e-07,-1.99289e-09,1,-5.18426e-08,0.936444,0,0.350817,-0.999,0,0.0447131,0.0372695,0,-0.999305,0.694195,0,0.719787,0.737225,0,0.675647,-0.971702,0,0.236212,-0.157134,0,0.987577,-0.974021,0,0.226458,0.858159,0,-0.513384,0.0980198,0,-0.995184,0.290281,0,-0.956942,0.471397,0,-0.881921,0.634394,0,-0.77301,0.773011,0,-0.634392,0.881919,0,-0.4714,0.956941,0,-0.290283,0.995185,0,-0.0980143,0.995185,0,0.0980148,0.95694,0,0.290284,0.88192,0,0.471399,0.773011,0,0.634392,0.634394,0,0.77301,0.471398,0,0.881921,0.290281,0,0.956941,0.0980169,0,0.995185,-0.0980164,0,0.995185,-0.290288,0,0.956939,-0.471396,0,0.881921,-0.634392,0,0.773011,-0.773013,0,0.634391,-0.881922,0,0.471395,-0.956941,0,0.290282,-0.995184,0,0.0980223,-0.995184,0,-0.0980223,-0.956941,0,-0.290282,-0.88192,0,-0.471398,-0.77301,0,-0.634394,-0.634391,0,-0.773012,-0.471395,0,-0.881922,-0.290282,0,-0.956941,-0.0980176,0,-0.995185,0,-1,0,3.50579e-06,-1,-1.06346e-06,0,-1,-0,-3.50582e-06,-1,-1.06347e-06,-6.63535e-07,-1,6.63533e-07,-9.38375e-07,-1,0,-5.05083e-08,-1,2.53922e-07,1.43834e-07,-1,2.15264e-07,8.23782e-08,-1,5.50434e-08,-5.50434e-08,-1,8.23781e-08,0,1,0,-2.83205e-06,1,-2.32421e-06,0,1,0,2.83211e-06,1,-2.32425e-06,-5.21329e-07,1,-7.80228e-07,0,1,-0,5.21335e-07,1,-7.80231e-07,1.89582e-13,1,-2.58897e-07,-2.58896e-07,1,0,9.15337e-08,1,-3.79144e-08,-3.79145e-08,1,-9.15337e-08],
    "vertices":[-0.620969,0.632817,-2.09018,-1.6537,0.632817,-3.01652,-0.778685,0.632817,-3.23385,-0.906483,0.632817,-3.78352,-1.28785,0.632817,-3.41572,-0.648117,0.632817,-2.69673,-2.2142,0.632817,-3.10571,-2.40497,0.632817,-2.59647,-2.13589,0.632817,-2.14668,-0.620969,-0.467183,-2.09018,-1.6537,-0.467183,-3.01652,-0.778685,-0.467183,-3.23385,-0.906483,-0.467183,-3.78352,-1.28785,-0.467183,-3.41572,-0.648117,-0.467183,-2.69673,-2.2142,-0.467183,-3.10571,-2.40497,-0.467183,-2.59647,-2.13589,-0.467183,-2.14668,-1.27778,0.62964,-3.36039,-1.27778,0.736516,-3.36039,-1.19479,0.62964,-3.35222,-1.19479,0.736516,-3.35222,-1.11499,0.62964,-3.32801,-1.11499,0.736516,-3.32801,-1.04144,0.62964,-3.2887,-1.04144,0.736516,-3.2887,-0.976977,0.62964,-3.2358,-0.976977,0.736516,-3.2358,-0.924073,0.62964,-3.17133,-0.924073,0.736516,-3.17133,-0.884761,0.62964,-3.09779,-0.884761,0.736516,-3.09779,-0.860553,0.62964,-3.01798,-0.860553,0.736516,-3.01798,-0.852379,0.62964,-2.93499,-0.852379,0.736516,-2.93499,-0.860553,0.62964,-2.852,-0.860553,0.736516,-2.852,-0.884761,0.62964,-2.7722,-0.884761,0.736516,-2.7722,-0.924073,0.62964,-2.69865,-0.924073,0.736516,-2.69865,-0.976977,0.62964,-2.63419,-0.976977,0.736516,-2.63419,-1.04144,0.62964,-2.58128,-1.04144,0.736516,-2.58128,-1.11499,0.62964,-2.54197,-1.11499,0.736516,-2.54197,-1.19479,0.62964,-2.51777,-1.19479,0.736516,-2.51777,-1.27778,0.62964,-2.50959,-1.27778,0.736516,-2.50959,-1.36077,0.62964,-2.51777,-1.36077,0.736516,-2.51777,-1.44058,0.62964,-2.54197,-1.44058,0.736516,-2.54197,-1.51412,0.62964,-2.58128,-1.51412,0.736516,-2.58128,-1.57859,0.62964,-2.63419,-1.57859,0.736516,-2.63419,-1.63149,0.62964,-2.69865,-1.63149,0.736516,-2.69865,-1.6708,0.62964,-2.7722,-1.6708,0.736516,-2.7722,-1.69501,0.62964,-2.852,-1.69501,0.736516,-2.852,-1.70318,0.62964,-2.93499,-1.70318,0.736516,-2.93499,-1.69501,0.62964,-3.01799,-1.69501,0.736516,-3.01799,-1.6708,0.62964,-3.09779,-1.6708,0.736516,-3.09779,-1.63149,0.62964,-3.17133,-1.63149,0.736516,-3.17133,-1.57859,0.62964,-3.2358,-1.57859,0.736516,-3.2358,-1.51412,0.62964,-3.2887,-1.51412,0.736516,-3.2887,-1.44058,0.62964,-3.32801,-1.44058,0.736516,-3.32801,-1.36077,0.62964,-3.35222,-1.36077,0.736516,-3.35222,-1.27778,0.736516,-3.36039,-1.19479,0.736516,-3.35222,-1.11499,0.736516,-3.32801,-1.04144,0.736516,-3.2887,-0.976977,0.736516,-3.2358,-0.924073,0.736516,-3.17133,-0.884761,0.736516,-3.09779,-0.860553,0.736516,-3.01798,-0.852379,0.736516,-2.93499,-0.860553,0.736516,-2.852,-0.884761,0.736516,-2.7722,-0.924073,0.736516,-2.69865,-0.976977,0.736516,-2.63419,-1.04144,0.736516,-2.58128,-1.11499,0.736516,-2.54197,-1.19479,0.736516,-2.51777,-1.27778,0.736516,-2.50959,-1.36077,0.736516,-2.51777,-1.44058,0.736516,-2.54197,-1.51412,0.736516,-2.58128,-1.57859,0.736516,-2.63419,-1.63149,0.736516,-2.69865,-1.6708,0.736516,-2.7722,-1.69501,0.736516,-2.852,-1.70318,0.736516,-2.93499,-1.69501,0.736516,-3.01799,-1.6708,0.736516,-3.09779,-1.63149,0.736516,-3.17133,-1.57859,0.736516,-3.2358,-1.51412,0.736516,-3.2887,-1.44058,0.736516,-3.32801,-1.36077,0.736516,-3.35222],
    "uvs":[[0.875674,0.484297,0.731472,0.483514,0.590228,0.484297,0.437837,0.452463,0.541416,0.0440999,0.669134,0,0.784456,0.0848107,0.72916,0.231485,0.806777,0.356796,0,0.484297,0.0688972,0.356796,0.146515,0.231485,0.0912182,0.0848107,0.20654,0,0.334259,0.0440999,0.437837,0.452463,0.285446,0.484297,0.144202,0.483514,0.437837,0.630522,0.437837,0.484297,0.718919,0.484297,0.718919,0.630522,0.718919,0.96435,0.718919,0.795964,1,0.795963,1,0.96435,0.156756,0.90809,0.156756,0.484297,0.437837,0.484297,0.437837,0.90809,0.437837,1,0.437837,0.853973,0.718919,0.853973,0.718919,1,0.437837,0.703457,0.718919,0.703457,0.718919,0.641794,1,0.641794,0.718919,0.484297,1,0.484297,0.156756,0.987945,0.437837,0.987945,0.777182,0.55794,0.554363,0.55794,0.554363,0.509641,0.777182,0.509641,0.554363,0.464144,0.777182,0.464144,0.554363,0.423197,0.777182,0.423197,0.554363,0.388375,0.777182,0.388375,0.777182,0.388375,0.554363,0.388375,0.554363,0.353553,0.777182,0.353553,0.554363,0.312607,0.777182,0.312607,0.554363,0.26711,0.777182,0.26711,0.554363,0.218811,0.777182,0.218811,0.554363,0.169565,0.777182,0.169565,0.554363,0.121265,0.777182,0.121265,0.554363,0.0757683,0.777182,0.0757683,0.554363,0.034822,0.777182,0.034822,0.554363,5.9893e-08,0.777182,0,1,0.637463,0.777182,0.637463,0.777182,0.596517,1,0.596517,0.777182,0.55102,1,0.55102,0.777182,0.50272,1,0.50272,0.777182,0.453474,1,0.453474,0.777182,0.405175,1,0.405175,0.777182,0.359678,1,0.359678,0.777182,0.318732,1,0.318732,0.777182,0,1,0,1,0.0409463,0.777182,0.0409463,1,0.0864434,0.777182,0.0864434,1,0.134743,0.777182,0.134743,1,0.183989,0.777182,0.183989,1,0.232288,0.777182,0.232288,1,0.277785,0.777182,0.277785,0.777182,0.318732,0.777182,0.776751,0.554363,0.776751,0.554363,0.741929,0.777182,0.741929,0.554363,0.700982,0.777182,0.700982,0.554363,0.655485,0.777182,0.655485,0.554363,0.607186,0.777182,0.607186,0.145887,0.471547,0.100489,0.444188,0.0618808,0.409366,0.0315467,0.36842,0.0106521,0.322923,3.32025e-08,0.274623,0,0.225378,0.0106518,0.177078,0.0315463,0.131581,0.0618803,0.0906346,0.100488,0.0558126,0.145887,0.0284531,0.19633,0.00960747,0.249881,2.99465e-08,0.304481,0,0.358032,0.00960731,0.408476,0.0284528,0.453874,0.0558122,0.492483,0.0906341,0.522817,0.13158,0.543711,0.177078,0.554363,0.225377,0.554363,0.274623,0.543711,0.322922,0.522817,0.368419,0.492483,0.409366,0.453875,0.444188,0.408476,0.471547,0.358033,0.490393,0.304482,0.5,0.249882,0.5,0.196331,0.490393,0.645811,0.98069,0.549232,0.9999,0.450762,0.9999,0.354183,0.980689,0.263208,0.943005,0.181331,0.888297,0.111702,0.818667,0.0569944,0.736791,0.0193108,0.645815,9.99799e-05,0.549236,0.000100351,0.450764,0.0193119,0.354185,0.0569952,0.263209,0.111703,0.181333,0.181332,0.111703,0.263208,0.0569946,0.354184,0.019311,0.450763,9.99799e-05,0.549235,9.99799e-05,0.645813,0.0193106,0.73679,0.056994,0.818665,0.111701,0.888295,0.18133,0.943003,0.263206,0.980687,0.354183,0.999898,0.450762,0.999898,0.549235,0.980687,0.645815,0.943003,0.736791,0.888295,0.818668,0.818664,0.888298,0.736788,0.943006]],