{
    "colors":[],
    "uvs":[[0.162441,0.201662,0.146044,0.209785,0.146164,0.210159,0.150219,0.198281,0.152157,0.196837,0.146311,0.201008,0.166246,0.19891,0.15758,0.198934,0.153251,0.201332,0.147965,0.206448,0.146332,0.201645,0.145918,0.201978,0.163811,0.200128,0.152154,0.196737,0.14596,0.199661,0,0]],
    "normals":[-0,-1,0,-3.87962e-08,-1,1.18063e-07,0,-1,0,0,-1,0,-3.68749e-08,-1,1.19935e-07,-2.05926e-08,-1,5.76504e-08,-0.312183,0,0.950022,-0.737225,0,-0.675647,0.971702,0,-0.236212,0.716138,0,0.697959,0,0,0,0,1,-0,3.87962e-08,1,-1.18063e-07,0,1,0,3.68749e-08,1,-1.19935e-07,0,1,0,2.05926e-08,1,-5.76504e-08,0.157134,0,-0.987577,0.312183,0,-0.950022,-0.936444,0,-0.350817,0.974021,0,-0.226458,-0.694195,0,-0.719787,-0.716138,0,-0.697959,-0.0372695,0,0.999305,0.346768,0,0.937951,-0.241042,0,-0.970515,0.999,0,-0.0447131,-0.858159,0,0.513384,0.336382,0,-0.941726,-0.346768,0,-0.937951,0.241042,0,0.970515,-0.293881,0,0.955842],
    "materials":[{
        "vertexColors":false,
        "transparent":false,
        "shading":"phong",
        "specularCoef":50,
        "colorEmissive":[0,0,0],
        "doubleSided":false,
        "depthTest":true,
        "DbgName":"Material.046",
        "visible":true,
        "colorSpecular":[0.5,0.5,0.5],
        "opacity":1,
        "wireframe":false,
        "blending":1,
        "depthWrite":true,
        "colorDiffuse":[0.64,0,0.429986],
        "DbgIndex":0,
        "DbgColor":15658734
    }],
    "faces":[42,2,0,1,0,0,1,2,0,0,0,42,4,5,3,0,3,4,5,1,1,1,42,14,13,12,0,12,6,7,2,2,2,42,12,7,6,0,7,8,9,3,3,3,42,6,8,11,0,9,10,11,4,4,4,42,11,14,12,0,11,12,7,2,2,2,42,12,6,11,0,7,9,11,2,2,2,43,7,10,9,8,0,13,14,15,15,5,5,5,5,43,20,19,34,35,0,4,3,3,4,6,6,6,6,43,25,22,37,40,0,14,13,13,14,7,7,7,7,43,26,23,38,41,0,11,10,10,11,8,8,8,8,43,19,18,33,34,0,3,5,5,3,9,9,9,9,43,8,6,21,23,0,10,9,9,10,10,10,10,10,43,2,1,15,16,0,0,2,2,0,10,10,10,10,43,14,11,26,29,0,12,11,11,12,10,10,10,10,43,3,5,20,18,0,5,4,4,5,10,10,10,10,43,1,0,17,15,0,2,1,1,2,10,10,10,10,43,13,14,29,28,0,6,12,12,6,10,10,10,10,43,8,10,25,23,0,15,15,15,15,10,10,10,10,43,0,2,16,17,0,1,0,0,1,10,10,10,10,43,7,8,23,22,0,13,15,15,13,10,10,10,10,43,6,11,26,21,0,15,15,15,15,10,10,10,10,43,4,3,18,19,0,3,5,5,3,10,10,10,10,43,11,8,23,26,0,11,10,10,11,10,10,10,10,43,10,7,22,25,0,14,13,13,14,10,10,10,10,43,5,4,19,20,0,4,3,3,4,10,10,10,10,43,7,12,27,22,0,8,7,7,8,10,10,10,10,43,6,7,22,21,0,9,8,8,9,10,10,10,10,43,12,13,28,27,0,7,6,6,7,10,10,10,10,43,8,9,24,23,0,15,15,15,15,10,10,10,10,43,9,10,25,24,0,15,14,14,15,10,10,10,10,42,31,30,32,0,0,2,1,11,11,11,42,34,33,35,0,3,5,4,12,12,12,42,42,43,44,0,7,6,12,13,13,13,42,41,38,36,0,11,10,9,14,14,14,42,36,37,42,0,9,8,7,15,15,15,42,42,44,41,0,7,12,11,13,13,13,42,41,36,42,0,11,9,7,13,13,13,43,37,38,39,40,0,13,15,15,14,16,16,16,16,43,22,27,42,37,0,8,7,7,8,17,17,17,17,43,21,22,37,36,0,9,8,8,9,18,18,18,18,43,27,28,43,42,0,7,6,6,7,19,19,19,19,43,23,24,39,38,0,15,15,15,15,20,20,20,20,43,24,25,40,39,0,15,14,14,15,21,21,21,21,43,23,21,36,38,0,10,9,9,10,22,22,22,22,43,16,15,30,31,0,0,2,2,0,23,23,23,23,43,29,26,41,44,0,12,11,11,12,24,24,24,24,43,18,20,35,33,0,5,4,4,5,25,25,25,25,43,15,17,32,30,0,2,1,1,2,26,26,26,26,43,28,29,44,43,0,6,12,12,6,27,27,27,27,43,23,25,40,38,0,15,15,15,15,28,28,28,28,43,17,16,31,32,0,1,0,0,1,29,29,29,29,43,22,23,38,37,0,13,15,15,13,30,30,30,30,43,21,26,41,36,0,15,15,15,15,31,31,31,31],
    "vertices":[-0.648117,0.532817,-2.69673,-0.620969,0.532817,-2.09018,-2.13589,0.532817,-2.14668,-0.778685,0.532817,-3.23385,-1.15137,0.532817,-2.85146,-1.6537,0.532817,-3.01652,-1.15137,0.532817,-2.85146,-1.6537,0.532817,-3.01652,-0.778685,0.532817,-3.23385,-0.906483,0.532817,-3.78352,-1.28785,0.532817,-3.41572,-0.648117,0.532817,-2.69673,-2.2142,0.532817,-3.10571,-2.40497,0.532817,-2.59647,-2.13589,0.532817,-2.14668,-0.620969,0.532817,-2.09018,-2.13589,0.532817,-2.14668,-0.648117,0.532817,-2.69673,-0.778685,0.532817,-3.23385,-1.15137,0.532817,-2.85146,-1.6537,0.532817,-3.01652,-1.15137,0.532817,-2.85146,-1.6537,0.532817,-3.01652,-0.778685,0.532817,-3.23385,-0.906483,0.532817,-3.78352,-1.28785,0.532817,-3.41572,-0.648117,0.532817,-2.69673,-2.2142,0.532817,-3.10571,-2.40497,0.532817,-2.59647,-2.13589,0.532817,-2.14668,-0.620969,0.632817,-2.09018,-2.13589,0.632817,-2.14668,-0.648117,0.632817,-2.69673,-0.778685,0.632817,-3.23385,-1.15137,0.632817,-2.85146,-1.6537,0.632817,-3.01652,-1.15137,0.632817,-2.85146,-1.6537,0.632817,-3.01652,-0.778685,0.632817,-3.23385,-0.906483,0.632817,-3.78352,-1.28785,0.632817,-3.41572,-0.648117,0.632817,-2.69673,-2.2142,0.632817,-3.10571,-2.40497,0.632817,-2.59647,-2.13589,0.632817,-2.14668],
    "metadata":{
        "uvs":1,
        "materials":1,
        "faces":54,
        "colors":0,
        "type":"Geometry",
        "version":3,
        "generator":"io_three",
        "vertices":45,
        "normals":32
    }
}