{
    "materials":[{
        "DbgIndex":0,
        "depthWrite":true,
        "specularCoef":50,
        "visible":true,
        "DbgColor":15658734,
        "opacity":1,
        "blending":1,
        "colorDiffuse":[0.430578,0.430578,0.430578],
        "doubleSided":false,
        "depthTest":true,
        "transparent":false,
        "DbgName":"Material_001.001",
        "vertexColors":false,
        "shading":"phong",
        "wireframe":false,
        "colorSpecular":[0.25,0.25,0.25],
        "colorEmissive":[0,0,0]
    }],
    "faces":[34,0,1,2,0,0,0,0,34,2,1,3,0,1,1,1,34,3,1,4,0,2,2,2,34,4,1,5,0,3,3,3,34,5,1,6,0,4,4,4,34,6,1,7,0,5,5,5,34,7,1,8,0,6,6,6,34,8,1,9,0,7,7,7,34,9,1,10,0,8,8,8,34,10,1,11,0,9,9,9,34,11,1,12,0,10,10,10,34,12,1,13,0,11,11,11,34,13,1,14,0,12,12,12,34,14,1,15,0,13,13,13,34,15,1,16,0,14,14,14,34,16,1,17,0,15,15,15,34,17,1,18,0,16,16,16,34,18,1,19,0,17,17,17,34,19,1,20,0,18,18,18,34,20,1,21,0,19,19,19,34,21,1,22,0,20,20,20,34,22,1,23,0,21,21,21,34,23,1,24,0,22,22,22,34,24,1,25,0,23,23,23,34,25,1,26,0,24,24,24,34,26,1,27,0,25,25,25,34,27,1,28,0,26,26,26,34,28,1,29,0,27,27,27,34,29,1,30,0,28,28,28,34,30,1,31,0,29,29,29,34,31,1,32,0,30,30,30,34,32,1,0,0,31,31,31,34,16,24,32,0,32,32,32,34,32,0,2,0,33,33,33,34,2,3,32,0,34,34,34,34,4,5,6,0,32,32,32,34,6,7,8,0,32,32,32,34,8,9,10,0,34,34,34,34,10,11,12,0,35,35,35,34,12,13,14,0,32,32,32,34,14,15,12,0,32,32,32,34,16,17,18,0,35,35,35,34,18,19,20,0,35,35,35,34,20,21,22,0,32,32,32,34,22,23,20,0,36,36,36,34,24,25,28,0,32,32,32,34,26,27,28,0,32,32,32,34,28,29,30,0,32,32,32,34,30,31,32,0,32,32,32,34,32,3,4,0,32,32,32,34,4,6,8,0,32,32,32,34,8,10,16,0,35,35,35,34,12,15,16,0,32,32,32,34,16,18,24,0,32,32,32,34,20,23,24,0,32,32,32,34,25,26,28,0,32,32,32,34,28,30,24,0,37,37,37,34,32,4,8,0,32,32,32,34,10,12,16,0,32,32,32,34,18,20,24,0,32,32,32,34,24,30,32,0,32,32,32,34,32,8,16,0,34,34,34],
    "vertices":[3.89925,0.524468,-0.0908948,3.89925,2.16977,-0.0307079,3.911,0.524468,-0.0897384,3.92229,0.524468,-0.0863134,3.93269,0.524468,-0.0807515,3.94181,0.524468,-0.0732665,3.9493,0.524468,-0.064146,3.95486,0.524468,-0.0537405,3.95828,0.524468,-0.0424499,3.95944,0.524468,-0.030708,3.95828,0.524468,-0.0189662,3.95486,0.524468,-0.00767554,3.9493,0.524468,0.00272997,3.94181,0.524468,0.0118505,3.93269,0.524468,0.0193355,3.92229,0.524468,0.0248973,3.911,0.524468,0.0283223,3.89925,0.524468,0.0294788,3.88751,0.524468,0.0283223,3.87622,0.524468,0.0248973,3.86582,0.524468,0.0193355,3.8567,0.524468,0.0118504,3.84921,0.524468,0.00272994,3.84365,0.524468,-0.00767558,3.84022,0.524468,-0.0189662,3.83907,0.524468,-0.0307081,3.84022,0.524468,-0.0424499,3.84365,0.524468,-0.0537406,3.84921,0.524468,-0.0641461,3.8567,0.524468,-0.0732666,3.86582,0.524468,-0.0807516,3.87622,0.524468,-0.0863134,3.88751,0.524468,-0.0897384],
    "uvs":[],
    "colors":[],
    "normals":[0.0979526,0.0363809,-0.994526,0.290094,0.0363809,-0.956306,0.471083,0.0363809,-0.881338,0.633975,0.0363809,-0.772498,0.772493,0.0363809,-0.633981,0.881339,0.0363809,-0.471083,0.956309,0.0363809,-0.290085,0.994525,0.0363809,-0.0979603,0.994525,0.0363808,0.0979605,0.956309,0.0363808,0.290085,0.881338,0.0363808,0.471083,0.772493,0.0363808,0.63398,0.633975,0.0363808,0.772498,0.471083,0.0363808,0.881338,0.290094,0.0363808,0.956306,0.0979526,0.0363808,0.994526,-0.0979538,0.0363808,0.994526,-0.290093,0.0363808,0.956307,-0.471085,0.0363807,0.881337,-0.633976,0.0363807,0.772497,-0.772492,0.0363808,0.633981,-0.881339,0.0363808,0.471082,-0.956309,0.0363808,0.290085,-0.994525,0.0363808,0.0979603,-0.994525,0.0363809,-0.0979604,-0.956309,0.0363809,-0.290085,-0.881339,0.036381,-0.471082,-0.772492,0.0363809,-0.633981,-0.633974,0.0363809,-0.772498,-0.471083,0.0363809,-0.881338,-0.290093,0.036381,-0.956307,-0.0979511,0.036381,-0.994526,0,-1,0,-0,-1,0,0,-1,-0,0,-1,0,-0,-1,0,-0,-1,-0],
    "metadata":{
        "type":"Geometry",
        "vertices":33,
        "materials":1,
        "faces":62,
        "generator":"io_three",
        "version":3,
        "uvs":0,
        "colors":0,
        "normals":38
    }
}