{
    "colors":[],
    "uvs":[[0.217574,0.0709405,0.199607,0.149295,0.197703,0.143328,0.199882,0.136823,0.198835,0.130764,0.177637,0.136465,0.176895,0.136944,0.181704,0.139998,0.178105,0.1475,0.180149,0.152215,0.185255,0.155977,0.189049,0.159881,0.19587,0.157359,0.217396,0.0713313,0,0]],
    "normals":[0,-1,0,1.87055e-08,-1,1.34107e-07,9.90078e-08,-1,8.0958e-08,-5.96847e-08,-1,9.33518e-08,-0,-1,-0,-0,-1,0,-7.9957e-09,-1,6.37166e-08,3.05622e-08,-1,4.74962e-08,-5.14027e-08,-1,1.09993e-07,0,-1,-0,3.13225e-08,-1,4.77619e-08,-0,1,-0,-0,1,0,5.96847e-08,1,-9.33518e-08,0,1,0,5.14027e-08,1,-1.09993e-07,-1.87055e-08,1,-1.34107e-07,-9.90078e-08,1,-8.0958e-08,-3.05622e-08,1,-4.74962e-08,-2.97387e-07,1,1.52387e-07,7.9957e-09,1,-6.37166e-08,4.42609e-09,1,-3.52709e-08,-0.299137,0,-0.95421,-0.994862,0,-0.101242,0.354094,0,-0.93521,0.867867,0,0.496797,-0.562066,0,-0.827092,0.138144,0,0.990412,-0.921012,0,-0.389534,-0.920686,0,0.390305,0.978448,0,-0.206492,0.895909,0,0.444238,0.949035,0,-0.315171,0.423378,0,-0.905953,0.800719,0,-0.599041,0.995675,0,0.0929089,-0.774143,0,-0.633011,-0.538667,0,0.842519],
    "materials":[{
        "vertexColors":false,
        "transparent":false,
        "shading":"phong",
        "specularCoef":50,
        "colorEmissive":[0,0,0],
        "doubleSided":false,
        "depthTest":true,
        "DbgName":"Material.052",
        "visible":true,
        "colorSpecular":[0.5,0.5,0.5],
        "opacity":1,
        "wireframe":false,
        "blending":1,
        "depthWrite":true,
        "colorDiffuse":[0.64,0.608975,0],
        "DbgIndex":0,
        "DbgColor":15658734
    }],
    "faces":[42,8,7,3,0,1,2,3,0,0,0,42,3,0,14,0,3,4,5,1,1,1,42,14,6,9,0,5,6,7,2,2,2,42,9,11,2,0,7,8,9,3,3,3,42,2,13,12,0,9,10,11,0,0,0,42,5,10,1,0,12,13,0,4,4,4,42,2,12,5,0,9,11,12,5,5,5,42,3,14,9,0,3,5,7,6,6,6,42,9,2,5,0,7,9,12,7,7,7,42,5,1,8,0,12,0,1,8,8,8,42,8,3,9,0,1,3,7,9,9,9,42,8,9,5,0,1,7,12,10,10,10,42,21,29,15,0,0,13,12,11,11,11,42,15,16,25,0,12,11,10,12,12,12,42,26,23,24,0,9,8,7,13,13,13,42,15,25,26,0,12,10,9,14,14,14,42,27,21,15,0,1,0,12,15,15,15,42,20,28,27,0,3,2,1,14,14,14,42,17,18,20,0,5,4,3,16,16,16,42,24,19,17,0,7,6,5,17,17,17,42,15,26,24,0,12,9,7,18,18,18,42,20,27,15,0,3,1,12,19,19,19,42,24,17,20,0,7,5,3,20,20,20,42,15,24,20,0,12,7,3,21,21,21,43,10,5,15,29,0,13,12,12,13,22,22,22,22,43,13,2,26,25,0,10,9,9,10,23,23,23,23,43,5,12,16,15,0,12,11,11,12,24,24,24,24,43,1,10,29,21,0,0,13,13,0,25,25,25,25,43,12,13,25,16,0,11,10,10,11,26,26,26,26,43,14,0,18,17,0,5,4,4,5,27,27,27,27,43,2,11,23,26,0,9,8,8,9,28,28,28,28,43,6,14,17,19,0,6,5,5,6,29,29,29,29,43,8,1,21,27,0,1,0,0,1,30,30,30,30,43,0,3,20,18,0,4,3,3,4,31,31,31,31,43,3,7,28,20,0,3,2,2,3,32,32,32,32,43,1,5,15,21,0,14,14,14,14,33,33,33,33,43,7,8,27,28,0,2,1,1,2,34,34,34,34,43,4,5,15,22,0,14,14,14,14,35,35,35,35,43,9,6,19,24,0,7,6,6,7,36,36,36,36,43,11,9,24,23,0,8,7,7,8,37,37,37,37],
    "vertices":[1.04077,0.532817,3.8244,0.639651,0.532817,1.74849,-0.90833,0.532817,2.18719,1.27753,0.532817,3.34692,0.0859835,0.532817,2.07013,0.137878,0.532817,1.51399,-0.781086,0.532817,3.56498,1.0899,0.532817,2.78192,0.766527,0.532817,2.34968,-0.427795,0.532817,3.13292,0.912977,0.532817,1.27101,-1.1209,0.532817,2.68978,-0.41025,0.532817,1.30646,-0.849048,0.532817,1.60465,-0.575538,0.532817,4.04984,0.137878,0.632817,1.51399,-0.41025,0.632817,1.30646,-0.575538,0.632817,4.04984,1.04077,0.632817,3.8244,-0.781086,0.632817,3.56498,1.27753,0.632817,3.34692,0.639651,0.632817,1.74849,0.0859835,0.632817,2.07013,-1.1209,0.632817,2.68978,-0.427795,0.632817,3.13292,-0.849048,0.632817,1.60465,-0.90833,0.632817,2.18719,0.766527,0.632817,2.34968,1.0899,0.632817,2.78192,0.912977,0.632817,1.27101],
    "metadata":{
        "uvs":1,
        "materials":1,
        "faces":40,
        "colors":0,
        "type":"Geometry",
        "version":3,
        "generator":"io_three",
        "vertices":30,
        "normals":38
    }
}