{
    "colors":[],
    "uvs":[[0.217574,0.0709405,0.217396,0.0713313,0.19587,0.157359,0.189049,0.159881,0.185255,0.155977,0.180149,0.152215,0.178105,0.1475,0.181704,0.139998,0.176895,0.136944,0.177637,0.136465,0.198835,0.130764,0.199882,0.136823,0.197703,0.143328,0.199607,0.149295,0,0]],
    "normals":[-0,1,-0,-0,1,0,5.96847e-08,1,-9.33518e-08,0,1,0,5.14027e-08,1,-1.09993e-07,-1.87055e-08,1,-1.34107e-07,-9.90078e-08,1,-8.0958e-08,-3.05622e-08,1,-4.74962e-08,-2.97387e-07,1,1.52387e-07,7.9957e-09,1,-6.37166e-08,4.42609e-09,1,-3.52709e-08,0,-1,0,1.87055e-08,-1,1.34107e-07,9.90078e-08,-1,8.0958e-08,-5.96847e-08,-1,9.33518e-08,-0,-1,-0,-0,-1,0,-7.9957e-09,-1,6.37166e-08,3.05622e-08,-1,4.74962e-08,-5.14027e-08,-1,1.09993e-07,0,-1,-0,3.13225e-08,-1,4.77619e-08,0.299137,0,0.95421,0.994862,0,0.101242,-0.354094,0,0.93521,-0.867867,0,-0.496797,0.562066,0,0.827092,-0.138144,0,-0.990412,0.921012,0,0.389534,0.920686,0,-0.390305,-0.978448,0,0.206492,-0.895909,0,-0.444238,-0.949035,0,0.315171,-0.423378,0,0.905953,-0.800719,0,0.599041,0,0,0,0.774143,0,0.633011,0.538667,0,-0.842519,0.800719,0,-0.599041,-0.299137,0,-0.95421,-0.994862,0,-0.101242,0.354094,0,-0.93521,0.867867,0,0.496797,-0.562066,0,-0.827092,0.138144,0,0.990412,-0.921012,0,-0.389534,-0.920686,0,0.390305,0.978448,0,-0.206492,0.895909,0,0.444238,0.949035,0,-0.315171,0.423378,0,-0.905953,0.800719,0,-0.599041,-0.774143,4.00488e-08,-0.633011,-0.774143,0,-0.633011,-0.538667,0,0.842519,3.8941e-08,-1,3.98154e-08,-1.98085e-08,-1,-9.82205e-09,-6.05041e-09,-1,6.40301e-08,-2.98424e-08,-1,4.66759e-08,3.73492e-08,-1,5.49601e-08,-2.30125e-08,-1,4.92427e-08,-1.05524e-08,-1,2.78704e-08,9.13394e-09,-1,6.64767e-08,-6.18617e-09,-1,3.46559e-08,-2.57013e-08,-1,5.49963e-08,1.06612e-08,-1,5.43065e-08,-1.04855e-09,-1,3.6451e-08,-0.994862,3.18102e-08,-0.101242,-0.538667,3.6227e-08,0.842519,-0.299137,9.17227e-09,-0.95421,0.354094,-6.35605e-09,-0.93521,0.867867,0,0.496797,-0.562066,2.80873e-08,-0.827092,0.138144,0,0.990412,-0.921012,5.46137e-08,-0.389534,-0.920686,4.95163e-08,0.390305,0.978448,0,-0.206492,0.895909,0,0.444238,0.949035,0,-0.315171,-0.423378,1.3452e-08,0.905953],
    "materials":[{
        "vertexColors":false,
        "transparent":false,
        "shading":"phong",
        "specularCoef":50,
        "colorEmissive":[0,0,0],
        "doubleSided":false,
        "depthTest":true,
        "DbgName":"Material.052",
        "visible":true,
        "colorSpecular":[0.5,0.5,0.5],
        "opacity":1,
        "wireframe":false,
        "blending":1,
        "depthWrite":true,
        "colorDiffuse":[0.64,0.608975,0],
        "DbgIndex":0,
        "DbgColor":15658734
    }],
    "faces":[42,1,10,5,0,0,1,2,0,0,0,42,5,12,13,0,2,3,4,1,1,1,42,2,11,9,0,5,6,7,2,2,2,42,5,13,2,0,2,4,5,3,3,3,42,8,1,5,0,13,0,2,4,4,4,42,3,7,8,0,11,12,13,3,3,3,42,14,0,3,0,9,10,11,5,5,5,42,9,6,14,0,7,8,9,6,6,6,42,5,2,9,0,2,5,7,7,7,7,42,3,8,5,0,11,13,2,8,8,8,42,9,14,3,0,7,9,11,9,9,9,42,5,9,3,0,2,7,11,10,10,10,42,27,28,20,0,13,12,11,11,11,11,42,20,18,17,0,11,10,9,12,12,12,42,17,19,24,0,9,8,7,13,13,13,42,24,23,26,0,7,6,5,14,14,14,42,26,25,16,0,5,4,3,11,11,11,42,15,29,21,0,2,1,0,15,15,15,42,26,16,15,0,5,3,2,16,16,16,42,20,17,24,0,11,9,7,17,17,17,42,24,26,15,0,7,5,2,18,18,18,42,15,21,27,0,2,0,13,19,19,19,42,27,20,24,0,13,11,7,20,20,20,42,27,24,15,0,13,7,2,21,21,21,43,10,29,15,5,0,1,1,2,2,22,22,22,22,43,13,25,26,2,0,4,4,5,5,23,23,23,23,43,5,15,16,12,0,2,2,3,3,24,24,24,24,43,1,21,29,10,0,0,0,1,1,25,25,25,25,43,12,16,25,13,0,3,3,4,4,26,26,26,26,43,18,0,14,17,0,10,10,9,9,27,27,27,27,43,2,26,23,11,0,5,5,6,6,28,28,28,28,43,6,19,17,14,0,8,8,9,9,29,29,29,29,43,8,27,21,1,0,13,13,0,0,30,30,30,30,43,0,18,20,3,0,10,10,11,11,31,31,31,31,43,3,20,28,7,0,11,11,12,12,32,32,32,32,43,1,21,15,5,0,14,14,14,14,33,33,33,33,43,7,28,27,8,0,12,12,13,13,34,34,34,34,43,57,38,63,70,0,13,13,13,13,35,35,35,35,43,9,24,19,6,0,7,7,8,8,36,36,36,36,43,11,23,24,9,0,6,6,7,7,37,37,37,37,43,38,37,62,63,0,13,12,12,13,38,38,38,38,42,51,59,45,0,0,1,2,0,0,0,42,45,46,55,0,2,3,4,1,1,1,42,56,53,54,0,5,6,7,2,2,2,42,45,55,56,0,2,4,5,3,3,3,42,57,51,45,0,13,0,2,4,4,4,42,50,58,57,0,11,12,13,3,3,3,42,47,48,50,0,9,10,11,5,5,5,42,54,49,47,0,7,8,9,6,6,6,42,45,56,54,0,2,5,7,7,7,7,42,50,57,45,0,11,13,2,8,8,8,42,54,47,50,0,7,9,11,9,9,9,42,45,54,50,0,2,7,11,10,10,10,43,40,35,45,59,0,1,2,2,1,39,39,39,39,43,43,32,56,55,0,4,5,5,4,40,40,40,40,43,35,42,46,45,0,2,3,3,2,41,41,41,41,43,31,40,59,51,0,0,1,1,0,42,42,42,42,43,42,43,55,46,0,3,4,4,3,43,43,43,43,43,44,30,48,47,0,9,10,10,9,44,44,44,44,43,32,41,53,56,0,5,6,6,5,45,45,45,45,43,36,44,47,49,0,8,9,9,8,46,46,46,46,43,38,31,51,57,0,13,0,0,13,47,47,47,47,43,30,33,50,48,0,10,11,11,10,48,48,48,48,43,33,37,58,50,0,11,12,12,11,49,49,49,49,43,31,35,45,51,0,14,14,14,14,50,50,50,50,43,37,38,57,58,0,12,13,13,12,51,51,51,51,43,36,39,64,61,0,8,7,7,8,52,52,52,52,43,39,36,49,54,0,7,8,8,7,53,53,53,53,43,41,39,54,53,0,6,7,7,6,54,54,54,54,42,63,62,34,0,13,12,11,55,55,55,42,34,22,69,0,11,10,9,56,56,56,42,69,61,64,0,9,8,7,57,57,57,42,64,66,4,0,7,6,5,58,58,58,42,4,68,67,0,5,4,3,59,59,59,42,60,65,52,0,2,1,0,60,60,60,42,4,67,60,0,5,3,2,61,61,61,42,34,69,64,0,11,9,7,62,62,62,42,64,4,60,0,7,5,2,63,63,63,42,60,52,63,0,2,0,13,64,64,64,42,63,34,64,0,13,11,7,65,65,65,42,63,64,60,0,13,7,2,66,66,66,43,1,5,35,31,0,14,14,14,14,35,35,35,35,43,15,21,51,45,0,14,14,14,14,35,35,35,35,43,32,43,68,4,0,5,4,4,5,67,67,67,67,43,39,41,66,64,0,7,6,6,7,68,68,68,68,43,35,40,65,60,0,2,1,1,2,69,69,69,69,43,42,35,60,67,0,3,2,2,3,70,70,70,70,43,40,31,52,65,0,1,0,0,1,71,71,71,71,43,43,42,67,68,0,4,3,3,4,72,72,72,72,43,30,44,69,22,0,10,9,9,10,73,73,73,73,43,41,32,4,66,0,6,5,5,6,74,74,74,74,43,44,36,61,69,0,9,8,8,9,75,75,75,75,43,31,38,63,52,0,0,13,13,0,76,76,76,76,43,33,30,22,34,0,11,10,10,11,77,77,77,77,43,37,33,34,62,0,12,11,11,12,78,78,78,78,43,31,35,60,52,0,14,14,14,14,79,79,79,79],
    "vertices":[1.04077,0.532817,3.8244,0.639651,0.532817,1.74849,-0.90833,0.532817,2.18719,1.27753,0.532817,3.34692,-0.90833,-0.467183,2.18719,0.137878,0.532817,1.51399,-0.781086,0.532817,3.56498,1.0899,0.532817,2.78192,0.766527,0.532817,2.34968,-0.427795,0.532817,3.13292,0.912977,0.532817,1.27101,-1.1209,0.532817,2.68978,-0.41025,0.532817,1.30646,-0.849048,0.532817,1.60465,-0.575538,0.532817,4.04984,0.137878,0.632817,1.51399,-0.41025,0.632817,1.30646,-0.575538,0.632817,4.04984,1.04077,0.632817,3.8244,-0.781086,0.632817,3.56498,1.27753,0.632817,3.34692,0.639651,0.632817,1.74849,1.04077,-0.467183,3.8244,-1.1209,0.632817,2.68978,-0.427795,0.632817,3.13292,-0.849048,0.632817,1.60465,-0.90833,0.632817,2.18719,0.766527,0.632817,2.34968,1.0899,0.632817,2.78192,0.912977,0.632817,1.27101,1.04077,0.532817,3.8244,0.639651,0.532817,1.74849,-0.90833,0.532817,2.18719,1.27753,0.532817,3.34692,1.27753,-0.467183,3.34692,0.137878,0.532817,1.51399,-0.781086,0.532817,3.56498,1.0899,0.532817,2.78192,0.766527,0.532817,2.34968,-0.427795,0.532817,3.13292,0.912977,0.532817,1.27101,-1.1209,0.532817,2.68978,-0.41025,0.532817,1.30646,-0.849048,0.532817,1.60465,-0.575538,0.532817,4.04984,0.137878,0.632817,1.51399,-0.41025,0.632817,1.30646,-0.575538,0.632817,4.04984,1.04077,0.632817,3.8244,-0.781086,0.632817,3.56498,1.27753,0.632817,3.34692,0.639651,0.632817,1.74849,0.639651,-0.467183,1.74849,-1.1209,0.632817,2.68978,-0.427795,0.632817,3.13292,-0.849048,0.632817,1.60465,-0.90833,0.632817,2.18719,0.766527,0.632817,2.34968,1.0899,0.632817,2.78192,0.912977,0.632817,1.27101,0.137878,-0.467183,1.51399,-0.781086,-0.467183,3.56498,1.0899,-0.467183,2.78192,0.766527,-0.467183,2.34968,-0.427795,-0.467183,3.13292,0.912977,-0.467183,1.27101,-1.1209,-0.467183,2.68978,-0.41025,-0.467183,1.30646,-0.849048,-0.467183,1.60465,-0.575538,-0.467183,4.04984,0.766527,-0.367183,2.34968],
    "metadata":{
        "uvs":1,
        "materials":1,
        "faces":96,
        "colors":0,
        "type":"Geometry",
        "version":3,
        "generator":"io_three",
        "vertices":71,
        "normals":80
    }
}