{
    "metadata":{
        "vertices":28,
        "materials":1,
        "faces":38,
        "version":3,
        "uvs":1,
        "generator":"io_three",
        "type":"Geometry",
        "colors":0,
        "normals":37
    },
    "vertices":[0.137878,-0.467183,1.51399,0.912977,-0.467183,1.27101,0.137878,0.632817,1.51399,-0.41025,0.632817,1.30646,-0.575538,0.632817,4.04984,1.04077,0.632817,3.8244,-0.781086,0.632817,3.56498,1.27753,0.632817,3.34692,0.639651,0.632817,1.74849,1.0899,-0.467183,2.78192,-1.1209,0.632817,2.68978,-0.427795,0.632817,3.13292,-0.849048,0.632817,1.60465,-0.90833,0.632817,2.18719,0.766527,0.632817,2.34968,1.0899,0.632817,2.78192,0.912977,0.632817,1.27101,0.766527,-0.467183,2.34968,-0.90833,-0.467183,2.18719,-0.849048,-0.467183,1.60465,-0.427795,-0.467183,3.13292,-1.1209,-0.467183,2.68978,0.639651,-0.467183,1.74849,1.27753,-0.467183,3.34692,-0.781086,-0.467183,3.56498,1.04077,-0.467183,3.8244,-0.575538,-0.467183,4.04984,-0.41025,-0.467183,1.30646],
    "materials":[{
        "mapDiffuseAnisotropy":1,
        "opacity":1,
        "wireframe":false,
        "shading":"phong",
        "mapDiffuse":"grass.jpg",
        "transparent":false,
        "doubleSided":false,
        "depthWrite":true,
        "colorDiffuse":[0,0.92658,0.0938252],
        "visible":true,
        "mapDiffuseRepeat":[1,1],
        "DbgColor":15658734,
        "specularCoef":50,
        "colorSpecular":[0.5,0.5,0.5],
        "vertexColors":false,
        "DbgName":"l4",
        "DbgIndex":0,
        "mapDiffuseWrap":["repeat","repeat"],
        "depthTest":true,
        "colorEmissive":[0,0,0],
        "blending":1
    }],
    "colors":[],
    "normals":[0.920686,0,-0.390305,-0.949035,0,0.315171,2.30125e-08,1,-4.92427e-08,-0,1,0,2.98424e-08,1,-4.66759e-08,-4.74382e-09,1,-5.1642e-08,2.57013e-08,1,-5.49963e-08,-3.8941e-08,1,-3.98154e-08,1.98085e-08,1,9.82205e-09,6.05041e-09,1,-6.40301e-08,6.18617e-09,1,-3.46559e-08,1.00515e-07,1,-1.11275e-07,-9.13394e-09,1,-6.64767e-08,-1.23158e-08,1,-4.11207e-08,-0.895909,0,-0.444238,0,-1,0,1.87055e-08,-1,1.34107e-07,9.90078e-08,-1,8.0958e-08,-5.96847e-08,-1,9.33518e-08,-0,-1,-0,-0,-1,0,-7.9957e-09,-1,6.37166e-08,3.05622e-08,-1,4.74962e-08,-5.14027e-08,-1,1.09993e-07,0,-1,-0,3.13225e-08,-1,4.77619e-08,0.921012,0,0.389534,0.299137,0,0.95421,-0.354094,0,0.93521,-0.867867,0,-0.496797,-0.800719,0,0.599041,0.774143,0,0.633011,0.538667,0,-0.842519,-0.138144,0,-0.990412,0.994862,0,0.101242,-0.978448,0,0.206492,0.562066,0,0.827092],
    "faces":[43,6,4,26,24,0,0,1,2,3,0,0,0,0,43,7,15,9,23,0,4,5,6,7,1,1,1,1,42,22,1,0,0,8,9,10,2,2,2,42,0,27,19,0,10,11,12,3,3,3,42,18,21,20,0,13,14,15,4,4,4,42,0,19,18,0,10,12,13,5,5,5,42,17,22,0,0,21,8,10,6,6,6,42,23,9,17,0,19,20,21,7,7,7,42,26,25,23,0,17,18,19,8,8,8,42,20,24,26,0,15,16,17,9,9,9,42,0,18,20,0,10,13,15,10,10,10,42,23,17,0,0,19,21,10,11,11,11,42,20,26,23,0,15,17,19,12,12,12,42,0,20,23,0,10,15,19,13,13,13,43,5,7,23,25,0,22,4,7,23,14,14,14,14,42,14,15,7,0,25,26,27,15,15,15,42,7,5,4,0,27,28,29,16,16,16,42,4,6,11,0,29,30,31,17,17,17,42,11,10,13,0,31,32,33,18,18,18,42,13,12,3,0,33,34,35,15,15,15,42,2,16,8,0,36,37,24,19,19,19,42,13,3,2,0,33,35,36,20,20,20,42,7,4,11,0,27,29,31,21,21,21,42,11,13,2,0,31,33,36,22,22,22,42,2,8,14,0,36,24,25,23,23,23,42,14,7,11,0,25,27,31,24,24,24,42,14,11,2,0,25,31,36,25,25,25,43,13,10,21,18,0,38,39,40,41,26,26,26,26,43,0,1,16,2,0,44,45,42,43,27,27,27,27,43,27,0,2,3,0,47,44,43,46,28,28,28,28,43,8,16,1,22,0,48,49,50,51,29,29,29,29,43,15,14,17,9,0,5,52,53,6,30,30,30,30,43,11,6,24,20,0,54,55,56,57,31,31,31,31,43,10,11,20,21,0,58,59,60,61,32,32,32,32,43,4,5,25,26,0,62,63,64,65,33,33,33,33,43,12,13,18,19,0,66,38,41,67,34,34,34,34,43,14,8,22,17,0,52,48,51,53,35,35,35,35,43,3,12,19,27,0,46,68,69,47,36,36,36,36],
    "uvs":[[0.895708,0.531171,1,0.531171,1,0.74512,0.895708,0.745121,0.684629,0.599578,0.684629,0.715095,0.459732,0.715095,0.459732,0.599578,0.387808,0.411172,0.459732,0.493447,0.295058,0.472974,0.192021,0.531171,0.0931155,0.488809,0.0605774,0.379207,0,0.290078,0.123899,0.18187,0.0374777,0.110987,0.0617226,0.0111875,0.395171,0,0.459732,0.0835049,0.441929,0.198053,0.392097,0.291735,0.684629,0.531171,0.459732,0.531171,0.84754,0.119999,0.851829,0.239436,0.901661,0.333118,0.919465,0.447666,0.854904,0.531171,0.521455,0.519984,0.49721,0.420184,0.583631,0.349301,0.459732,0.241093,0.52031,0.151964,0.552848,0.0423623,0.651754,0,0.754791,0.058197,0.919465,0.0377243,0.800588,0.531171,0.895708,0.531171,0.895708,0.74512,0.800588,0.745121,0.459732,0.531171,0.459732,0.687468,0.234836,0.687468,0.234836,0.531171,0.459732,0.76588,0.234836,0.76588,0.684629,0.934296,0.684629,1,0.459732,1,0.459732,0.934296,0.684629,0.816759,0.459732,0.816759,0.812459,0.745121,0.915938,0.745121,0.915938,0.95907,0.81246,0.95907,0.684629,0.745121,0.812459,0.745121,0.81246,0.95907,0.684629,0.95907,0.234836,0.531171,0.234836,0.848586,0.00994013,0.848586,0.00993998,0.531171,0.684629,0.531171,0.684629,0.745121,0.459732,0.867962,0.234836,0.867962]]
}