{
    "materials":[{
        "DbgIndex":0,
        "depthWrite":true,
        "specularCoef":50,
        "visible":true,
        "DbgColor":15658734,
        "opacity":1,
        "blending":1,
        "colorDiffuse":[0.120899,0.64,0.168533],
        "doubleSided":false,
        "depthTest":true,
        "transparent":false,
        "DbgName":"Material_001.001",
        "vertexColors":false,
        "shading":"phong",
        "wireframe":false,
        "colorSpecular":[0.25,0.25,0.25],
        "colorEmissive":[0,0,0]
    },{
        "DbgIndex":1,
        "depthWrite":true,
        "specularCoef":50,
        "visible":true,
        "DbgColor":15597568,
        "opacity":1,
        "blending":1,
        "colorDiffuse":[0.213408,0.106799,0.039382],
        "doubleSided":false,
        "depthTest":true,
        "transparent":false,
        "DbgName":"Material_002",
        "vertexColors":false,
        "shading":"phong",
        "wireframe":false,
        "colorSpecular":[0.25,0.25,0.25],
        "colorEmissive":[0,0,0]
    }],
    "faces":[34,0,13,12,0,0,0,0,34,1,13,15,0,1,1,1,34,0,12,17,0,2,2,2,34,0,17,19,0,3,3,3,34,0,19,16,0,4,4,4,34,1,15,22,0,5,5,5,34,2,14,24,0,6,6,6,34,3,18,26,0,7,7,7,34,4,20,28,0,8,8,8,34,5,21,30,0,9,9,9,34,1,22,25,0,10,10,10,34,2,24,27,0,11,11,11,34,3,26,29,0,12,12,12,34,4,28,31,0,13,13,13,34,5,30,23,0,14,14,14,34,6,32,37,0,15,15,15,34,7,33,39,0,16,16,16,34,8,34,40,0,17,17,17,34,9,35,41,0,18,18,18,34,10,36,38,0,19,19,19,34,38,41,11,0,20,20,20,34,38,36,41,0,21,21,21,34,36,9,41,0,22,22,22,34,41,40,11,0,23,23,23,34,41,35,40,0,24,24,24,34,35,8,40,0,25,25,25,34,40,39,11,0,26,26,26,34,40,34,39,0,27,27,27,34,34,7,39,0,28,28,28,34,39,37,11,0,29,29,29,34,39,33,37,0,30,30,30,34,33,6,37,0,31,31,31,34,37,38,11,0,32,32,32,34,37,32,38,0,33,33,33,34,32,10,38,0,34,34,34,34,23,36,10,0,35,35,35,34,23,30,36,0,36,36,36,34,30,9,36,0,37,37,37,34,31,35,9,0,38,38,38,34,31,28,35,0,39,39,39,34,28,8,35,0,40,40,40,34,29,34,8,0,41,41,41,34,29,26,34,0,42,42,42,34,26,7,34,0,43,43,43,34,27,33,7,0,44,44,44,34,27,24,33,0,45,45,45,34,24,6,33,0,46,46,46,34,25,32,6,0,47,47,47,34,25,22,32,0,48,48,48,34,22,10,32,0,49,49,49,34,30,31,9,0,50,50,50,34,30,21,31,0,51,51,51,34,21,4,31,0,52,52,52,34,28,29,8,0,53,53,53,34,28,20,29,0,54,54,54,34,20,3,29,0,55,55,55,34,26,27,7,0,56,56,56,34,26,18,27,0,57,57,57,34,18,2,27,0,58,58,58,34,24,25,6,0,59,59,59,34,24,14,25,0,60,60,60,34,14,1,25,0,61,61,61,34,22,23,10,0,62,62,62,34,22,15,23,0,63,63,63,34,15,5,23,0,64,64,64,34,16,21,5,0,65,65,65,34,16,19,21,0,66,66,66,34,19,4,21,0,67,67,67,34,19,20,4,0,68,68,68,34,19,17,20,0,69,69,69,34,17,3,20,0,70,70,70,34,17,18,3,0,71,71,71,34,17,12,18,0,72,72,72,34,12,2,18,0,73,73,73,34,15,16,5,0,74,74,74,34,15,13,16,0,75,75,75,34,13,0,16,0,76,76,76,34,12,14,2,0,77,77,77,34,12,13,14,0,78,78,78,34,13,1,14,0,79,79,79,34,43,44,42,1,80,80,80,34,45,46,44,1,81,81,81,34,47,48,46,1,82,82,82,34,49,50,48,1,83,83,83,34,51,52,50,1,84,84,84,34,53,54,52,1,85,85,85,34,55,56,54,1,86,86,86,34,57,58,56,1,87,87,87,34,59,60,58,1,88,88,88,34,61,62,60,1,89,89,89,34,63,64,62,1,90,90,90,34,65,66,64,1,91,91,91,34,67,68,66,1,92,92,92,34,69,70,68,1,93,93,93,34,71,72,70,1,94,94,94,34,73,74,72,1,95,95,95,34,75,76,74,1,96,96,96,34,77,78,76,1,97,97,97,34,79,80,78,1,98,98,98,34,81,82,80,1,99,99,99,34,83,84,82,1,100,100,100,34,85,86,84,1,101,101,101,34,87,88,86,1,102,102,102,34,89,90,88,1,103,103,103,34,91,92,90,1,104,104,104,34,93,94,92,1,105,105,105,34,95,96,94,1,106,106,106,34,97,98,96,1,107,107,107,34,99,100,98,1,108,108,108,34,101,102,100,1,109,109,109,34,47,109,49,1,110,110,110,34,103,104,102,1,111,111,111,34,105,42,104,1,112,112,112,34,72,88,56,1,113,113,113,34,124,116,132,1,114,114,114,34,65,118,67,1,115,115,115,34,83,127,85,1,116,116,116,34,101,136,103,1,117,117,117,34,57,114,59,1,118,118,118,34,75,123,77,1,119,119,119,34,93,132,95,1,120,120,120,34,49,110,51,1,121,121,121,34,67,119,69,1,122,122,122,34,85,128,87,1,123,123,123,34,103,137,105,1,124,124,124,34,59,115,61,1,125,125,125,34,77,124,79,1,126,126,126,34,95,133,97,1,127,127,127,34,51,111,53,1,128,128,128,34,69,120,71,1,129,129,129,34,87,129,89,1,130,130,130,34,43,106,45,1,80,80,80,34,105,107,43,1,131,131,131,34,61,116,63,1,132,132,132,34,79,125,81,1,133,133,133,34,97,134,99,1,134,134,134,34,53,112,55,1,135,135,135,34,71,121,73,1,136,136,136,34,89,130,91,1,137,137,137,34,45,108,47,1,138,138,138,34,63,117,65,1,139,139,139,34,81,126,83,1,140,140,140,34,99,135,101,1,141,141,141,34,55,113,57,1,142,142,142,34,73,122,75,1,143,143,143,34,91,131,93,1,144,144,144,34,43,45,44,1,80,80,80,34,45,47,46,1,81,81,81,34,47,49,48,1,82,82,82,34,49,51,50,1,83,83,83,34,51,53,52,1,84,84,84,34,53,55,54,1,85,85,85,34,55,57,56,1,86,86,86,34,57,59,58,1,87,87,87,34,59,61,60,1,145,145,145,34,61,63,62,1,146,146,146,34,63,65,64,1,147,147,147,34,65,67,66,1,148,148,148,34,67,69,68,1,149,149,149,34,69,71,70,1,150,150,150,34,71,73,72,1,151,151,151,34,73,75,74,1,152,152,152,34,75,77,76,1,96,96,96,34,77,79,78,1,97,97,97,34,79,81,80,1,98,98,98,34,81,83,82,1,99,99,99,34,83,85,84,1,100,100,100,34,85,87,86,1,101,101,101,34,87,89,88,1,102,102,102,34,89,91,90,1,103,103,103,34,91,93,92,1,104,104,104,34,93,95,94,1,105,105,105,34,95,97,96,1,106,106,106,34,97,99,98,1,107,107,107,34,99,101,100,1,108,108,108,34,101,103,102,1,109,109,109,34,47,108,109,1,153,153,153,34,103,105,104,1,111,111,111,34,105,43,42,1,112,112,112,34,104,42,44,1,154,154,154,34,44,46,104,1,155,155,155,34,48,50,52,1,156,156,156,34,52,54,48,1,155,155,155,34,56,58,64,1,155,155,155,34,60,62,64,1,113,113,113,34,64,66,72,1,113,113,113,34,68,70,72,1,113,113,113,34,72,74,76,1,113,113,113,34,76,78,80,1,113,113,113,34,80,82,84,1,113,113,113,34,84,86,80,1,154,154,154,34,88,90,92,1,113,113,113,34,92,94,96,1,113,113,113,34,96,98,100,1,113,113,113,34,100,102,104,1,156,156,156,34,104,46,48,1,113,113,113,34,48,54,56,1,113,113,113,34,58,60,64,1,113,113,113,34,66,68,72,1,113,113,113,34,72,76,80,1,156,156,156,34,80,86,88,1,113,113,113,34,88,92,96,1,156,156,156,34,96,100,88,1,157,157,157,34,104,48,56,1,113,113,113,34,56,64,72,1,113,113,113,34,72,80,88,1,156,156,156,34,88,100,104,1,113,113,113,34,104,56,88,1,155,155,155,34,108,106,136,1,158,158,158,34,107,137,136,1,159,159,159,34,136,135,134,1,159,159,159,34,134,133,132,1,159,159,159,34,132,131,130,1,160,160,160,34,130,129,132,1,159,159,159,34,128,127,126,1,159,159,159,34,126,125,128,1,114,114,114,34,124,123,122,1,159,159,159,34,122,121,124,1,161,161,161,34,120,119,118,1,159,159,159,34,118,117,116,1,159,159,159,34,116,115,114,1,160,160,160,34,114,113,112,1,159,159,159,34,112,111,110,1,159,159,159,34,110,109,108,1,159,159,159,34,106,107,136,1,158,158,158,34,136,134,132,1,159,159,159,34,132,129,128,1,159,159,159,34,128,125,124,1,159,159,159,34,124,121,120,1,159,159,159,34,120,118,124,1,162,162,162,34,116,114,108,1,114,114,114,34,112,110,108,1,159,159,159,34,108,136,132,1,158,158,158,34,132,128,124,1,159,159,159,34,124,118,116,1,159,159,159,34,114,112,108,1,159,159,159,34,108,132,116,1,159,159,159,34,65,117,118,1,163,163,163,34,83,126,127,1,164,164,164,34,101,135,136,1,165,165,165,34,57,113,114,1,118,118,118,34,75,122,123,1,166,166,166,34,93,131,132,1,167,167,167,34,49,109,110,1,168,168,168,34,67,118,119,1,169,169,169,34,85,127,128,1,170,170,170,34,103,136,137,1,124,124,124,34,59,114,115,1,171,171,171,34,77,123,124,1,172,172,172,34,95,132,133,1,173,173,173,34,51,110,111,1,174,174,174,34,69,119,120,1,129,129,129,34,87,128,129,1,175,175,175,34,43,107,106,1,176,176,176,34,105,137,107,1,177,177,177,34,61,115,116,1,178,178,178,34,79,124,125,1,179,179,179,34,97,133,134,1,180,180,180,34,53,111,112,1,181,181,181,34,71,120,121,1,136,136,136,34,89,129,130,1,182,182,182,34,45,106,108,1,183,183,183,34,63,116,117,1,139,139,139,34,81,125,126,1,184,184,184,34,99,134,135,1,141,141,141,34,55,112,113,1,185,185,185,34,73,121,122,1,186,186,186,34,91,130,131,1,187,187,187],