{
    "colors":[],
    "uvs":[[0.30425,0.289104,0.415023,0.140323,0.320376,0.513095,0,0,0.375562,0.777811,0.469719,0.533458,0.470094,0.533458,0.199214,0.128452,0.266385,0.737085,0.785317,0.757448]],
    "normals":[6.60822e-10,1,-1.0282e-07,1.07434e-08,1,-1.21281e-07,0,1,0,0,1,0,-0,1,0,-0,1,-0,0.138144,0,0.990412,0,0,0,-6.60822e-10,-1,1.0282e-07,0,-1,0,0,-1,0,-1.07434e-08,-1,1.21281e-07,-0,-1,0,-0,-1,-0,-0.549509,0,0.835488,0.741143,0,-0.671348,-0.204265,0,-0.978916,-0.516978,0,-0.855999,-0.820542,0,-0.571586,0.0204607,0,-0.999791,-0.192798,0,0.981238,0.00642685,0,-0.999979,0.885451,0,-0.464732,0.192798,0,-0.981238,-0.138144,0,-0.990412,0.549509,0,-0.835488,-0.741143,0,0.671348,0.204265,0,0.978916,0.516978,0,0.855999,0.820542,0,0.571586,-0.0204607,0,0.999791,-0.00642685,0,0.999979,-0.885451,0,0.464732,-3.30411e-10,-1,5.141e-08,-1.71807e-08,-1,9.01735e-09,3.73449e-08,-1,-5.67802e-08,2.00998e-08,-1,1.40014e-08,-2.58177e-07,-1,-9.67819e-07,3.94354e-09,-1,4.59709e-08,1.04988e-08,-1,1.22387e-07,-0.00642685,-1.06622e-10,0.999979,-0.885451,-1.22782e-08,0.464732,-0.138144,0,-0.990412,-0.741143,-3.78803e-08,0.671347,0.516978,0,0.855999,0.820542,0,0.571586],
    "materials":[{
        "vertexColors":false,
        "transparent":false,
        "shading":"phong",
        "specularCoef":50,
        "colorEmissive":[0,0,0],
        "doubleSided":false,
        "depthTest":true,
        "DbgName":"Material.041",
        "visible":true,
        "colorSpecular":[0.5,0.5,0.5],
        "opacity":1,
        "wireframe":false,
        "blending":1,
        "depthWrite":true,
        "colorDiffuse":[0,0.0263706,0.64],
        "DbgIndex":0,
        "DbgColor":15658734
    }],
    "faces":[42,5,7,8,0,9,0,1,0,0,0,42,5,8,6,0,9,1,2,1,1,1,42,2,4,5,0,7,8,9,2,2,2,42,1,9,2,0,5,6,7,2,2,2,42,3,0,1,0,3,4,5,3,3,3,42,5,6,3,0,9,2,3,2,2,2,42,1,2,5,0,5,7,9,4,4,4,42,3,1,5,0,3,5,9,5,5,5,43,13,23,24,14,0,7,7,8,8,6,6,6,6,43,4,14,17,5,0,8,8,9,9,7,7,7,7,43,2,13,14,4,0,7,7,8,8,7,7,7,7,43,1,10,11,9,0,5,5,6,6,7,7,7,7,43,5,17,18,7,0,9,9,0,0,7,7,7,7,43,6,16,15,3,0,2,2,3,3,7,7,7,7,43,0,12,10,1,0,4,4,5,5,7,7,7,7,43,8,19,16,6,0,1,1,2,2,7,7,7,7,43,12,0,3,15,0,4,4,3,3,7,7,7,7,43,9,11,13,2,0,6,6,7,7,7,7,7,7,43,7,18,19,8,0,0,0,1,1,7,7,7,7,42,29,28,27,0,1,0,9,8,8,8,42,27,24,23,0,9,8,7,9,9,9,42,23,21,20,0,7,6,5,9,9,9,42,20,22,25,0,5,4,3,10,10,10,42,26,29,27,0,2,1,9,11,11,11,42,20,25,26,0,5,3,2,9,9,9,42,27,23,20,0,9,7,5,12,12,12,42,27,20,26,0,9,5,2,13,13,13,43,10,20,21,11,0,5,5,6,6,14,14,14,14,43,17,27,28,18,0,9,9,0,0,15,15,15,15,43,16,26,25,15,0,2,2,3,3,16,16,16,16,43,12,22,20,10,0,4,4,5,5,17,17,17,17,43,19,29,26,16,0,1,1,2,2,18,18,18,18,43,15,25,22,12,0,3,3,4,4,19,19,19,19,43,11,21,23,13,0,6,6,7,7,20,20,20,20,43,18,28,29,19,0,0,0,1,1,21,21,21,21,43,14,24,27,17,0,8,8,9,9,22,22,22,22,43,33,31,61,63,0,7,6,6,7,23,23,23,23,43,43,44,54,53,0,7,8,8,7,24,24,24,24,43,34,37,47,44,0,8,9,9,8,7,7,7,7,43,33,34,44,43,0,7,8,8,7,7,7,7,7,43,30,31,41,40,0,5,6,6,5,7,7,7,7,43,37,38,48,47,0,9,0,0,9,7,7,7,7,43,36,35,45,46,0,2,3,3,2,7,7,7,7,43,32,30,40,42,0,4,5,5,4,7,7,7,7,43,39,36,46,49,0,1,2,2,1,7,7,7,7,43,35,32,42,45,0,3,4,4,3,7,7,7,7,43,31,33,43,41,0,6,7,7,6,7,7,7,7,43,38,39,49,48,0,0,1,1,0,7,7,7,7,42,57,58,59,0,9,0,1,0,0,0,42,57,59,56,0,9,1,2,1,1,1,42,53,54,57,0,7,8,9,2,2,2,42,50,51,53,0,5,6,7,2,2,2,42,55,52,50,0,3,4,5,3,3,3,42,57,56,55,0,9,2,3,2,2,2,42,50,53,57,0,5,7,9,4,4,4,42,55,50,57,0,3,5,9,5,5,5,43,40,41,51,50,0,5,6,6,5,25,25,25,25,43,47,48,58,57,0,9,0,0,9,26,26,26,26,43,46,45,55,56,0,2,3,3,2,27,27,27,27,43,42,40,50,52,0,4,5,5,4,28,28,28,28,43,49,46,56,59,0,1,2,2,1,29,29,29,29,43,45,42,52,55,0,3,4,4,3,30,30,30,30,43,41,43,53,51,0,6,7,7,6,23,23,23,23,43,48,49,59,58,0,0,1,1,0,31,31,31,31,43,44,47,57,54,0,8,9,9,8,32,32,32,32,42,69,68,67,0,1,0,9,33,33,33,42,67,64,63,0,9,8,7,34,34,34,42,63,61,60,0,7,6,5,35,35,35,42,60,62,65,0,5,4,3,10,10,10,42,66,69,67,0,2,1,9,36,36,36,42,60,65,66,0,5,3,2,37,37,37,42,67,63,60,0,9,7,5,38,38,38,42,67,60,66,0,9,5,2,39,39,39,43,39,38,68,69,0,1,0,0,1,40,40,40,40,43,37,34,64,67,0,9,8,8,9,41,41,41,41,43,34,33,63,64,0,8,7,7,8,42,42,42,42,43,31,30,60,61,0,6,5,5,6,25,25,25,25,43,38,37,67,68,0,0,9,9,0,43,43,43,43,43,35,36,66,65,0,3,2,2,3,27,27,27,27,43,30,32,62,60,0,5,4,4,5,44,44,44,44,43,36,39,69,66,0,2,1,1,2,45,45,45,45,43,32,35,65,62,0,4,3,3,4,30,30,30,30],
    "vertices":[2.16529,0.532817,4.61115,2.61867,0.532817,4.33733,1.04077,0.532817,3.8244,1.63304,0.532817,4.60026,-0.575538,0.532817,4.04984,-0.293533,0.532817,4.58715,1.10301,0.532817,4.71086,0.23465,0.532817,5.17024,0.780562,0.532817,5.17375,2.17877,0.532817,4.048,2.61867,0.532817,4.33733,2.17877,0.532817,4.048,2.16529,0.532817,4.61115,1.04077,0.532817,3.8244,-0.575538,0.532817,4.04984,1.63304,0.532817,4.60026,1.10301,0.532817,4.71086,-0.293533,0.532817,4.58715,0.23465,0.532817,5.17024,0.780562,0.532817,5.17375,2.61867,0.632817,4.33733,2.17877,0.632817,4.048,2.16529,0.632817,4.61115,1.04077,0.632817,3.8244,-0.575538,0.632817,4.04984,1.63304,0.632817,4.60026,1.10301,0.632817,4.71086,-0.293533,0.632817,4.58715,0.23465,0.632817,5.17024,0.780562,0.632817,5.17375,2.61867,0.532817,4.33733,2.17877,0.532817,4.048,2.16529,0.532817,4.61115,1.04077,0.532817,3.8244,-0.575538,0.532817,4.04984,1.63304,0.532817,4.60026,1.10301,0.532817,4.71086,-0.293533,0.532817,4.58715,0.23465,0.532817,5.17024,0.780562,0.532817,5.17375,2.61867,0.532817,4.33733,2.17877,0.532817,4.048,2.16529,0.532817,4.61115,1.04077,0.532817,3.8244,-0.575538,0.532817,4.04984,1.63304,0.532817,4.60026,1.10301,0.532817,4.71086,-0.293533,0.532817,4.58715,0.23465,0.532817,5.17024,0.780562,0.532817,5.17375,2.61867,0.632817,4.33733,2.17877,0.632817,4.048,2.16529,0.632817,4.61115,1.04077,0.632817,3.8244,-0.575538,0.632817,4.04984,1.63304,0.632817,4.60026,1.10301,0.632817,4.71086,-0.293533,0.632817,4.58715,0.23465,0.632817,5.17024,0.780562,0.632817,5.17375,2.61867,-0.467183,4.33733,2.17877,-0.467183,4.048,2.16529,-0.467183,4.61115,1.04077,-0.467183,3.8244,-0.575538,-0.467183,4.04984,1.63304,-0.467183,4.60026,1.10301,-0.467183,4.71086,-0.293533,-0.467183,4.58715,0.23465,-0.467183,5.17024,0.780562,-0.467183,5.17375],
    "metadata":{
        "uvs":1,
        "materials":1,
        "faces":82,
        "colors":0,
        "type":"Geometry",
        "version":3,
        "generator":"io_three",
        "vertices":70,
        "normals":46
    }
}