{
    "materials":[{
        "transparent":false,
        "depthTest":true,
        "DbgName":"Material.009",
        "blending":1,
        "DbgColor":15658734,
        "DbgIndex":0,
        "visible":true,
        "colorDiffuse":[0.0709245,0.273532,0],
        "wireframe":false,
        "vertexColors":false,
        "shading":"phong",
        "colorEmissive":[0,0,0],
        "colorSpecular":[0.5,0.5,0.5],
        "specularCoef":50,
        "doubleSided":false,
        "opacity":1,
        "depthWrite":true
    }],
    "faces":[43,0,1,18,19,0,0,1,2,3,0,0,0,0,42,9,8,7,0,13,4,5,1,1,1,42,7,4,3,0,5,6,7,2,2,2,42,3,1,0,0,7,8,9,2,2,2,42,0,2,5,0,9,10,11,3,3,3,42,6,9,7,0,12,13,5,4,4,4,42,0,5,6,0,9,11,12,2,2,2,42,7,3,0,0,5,7,9,5,5,5,42,7,0,6,0,5,9,12,6,6,6,43,9,6,13,10,0,14,15,16,17,7,7,7,7,43,1,3,16,18,0,1,18,19,2,8,8,8,8,43,4,7,12,15,0,20,21,22,23,9,9,9,9,43,2,0,19,17,0,24,25,26,27,10,10,10,10,43,8,9,10,11,0,28,14,17,29,11,11,11,11,43,7,8,11,12,0,21,30,31,22,12,12,12,12,43,6,5,14,13,0,15,32,33,16,13,13,13,13,43,5,2,17,14,0,32,24,27,33,14,14,14,14,43,3,4,15,16,0,18,34,35,19,15,15,15,15,42,12,11,10,0,45,36,37,16,16,16,42,12,10,13,0,45,37,38,17,17,17,42,16,15,12,0,43,44,45,18,18,18,42,19,18,16,0,41,42,43,19,19,19,42,14,17,19,0,39,40,41,20,20,20,42,12,13,14,0,45,38,39,21,21,21,42,19,16,12,0,41,43,45,22,22,22,42,14,19,12,0,39,41,45,23,23,23],
    "colors":[],
    "metadata":{
        "materials":1,
        "generator":"io_three",
        "uvs":1,
        "vertices":20,
        "type":"Geometry",
        "faces":26,
        "normals":24,
        "colors":0,
        "version":3
    },
    "normals":[-0.549509,0,0.835488,-6.60822e-10,-1,1.0282e-07,0,-1,0,0,-1,0,-1.07434e-08,-1,1.21281e-07,-0,-1,0,-0,-1,-0,-0.820542,0,-0.571586,-0.192798,0,0.981238,0.885451,0,-0.464732,-0.516978,0,-0.855999,0.00642685,0,-0.999979,0.741143,0,-0.671347,-0.204265,0,-0.978916,0.0204607,0,-0.999791,0.138144,0,0.990412,3.30411e-10,1,-5.141e-08,-2.00998e-08,1,-1.40014e-08,1.71807e-08,1,-9.01735e-09,-3.73449e-08,1,5.67802e-08,0,1,0,1.77577e-09,1,-2.60954e-07,-3.94354e-09,1,-4.59709e-08,-0,1,-0],
    "vertices":[2.61867,0.632817,4.33733,2.17877,0.632817,4.048,2.16529,0.632817,4.61115,1.04077,0.632817,3.8244,-0.575538,0.632817,4.04984,1.63304,0.632817,4.60026,1.10301,0.632817,4.71086,-0.293533,0.632817,4.58715,0.23465,0.632817,5.17024,0.780562,0.632817,5.17375,0.780562,-0.467183,5.17375,0.23465,-0.467183,5.17024,-0.293533,-0.467183,4.58715,1.10301,-0.467183,4.71086,1.63304,-0.467183,4.60026,-0.575538,-0.467183,4.04984,1.04077,-0.467183,3.8244,2.16529,-0.467183,4.61115,2.17877,-0.467183,4.048,2.61867,-0.467183,4.33733],
    "uvs":[[0.552914,0,0.552914,0.116153,0.388575,0.116153,0.388575,1.09606e-07,0.011786,0.1456,0.108965,0.0461042,0.194288,0,0.194288,0.366889,0.137716,0.61333,0.085826,0.702294,0.054667,0.592839,0.0672634,0.474667,0.0618376,0.353216,0,0.267044,0.717252,0.0890227,0.717252,0.213074,0.552914,0.213074,0.552914,0.0890227,0.552914,0.371998,0.388576,0.371998,0.552914,0.689203,0.552914,0.824536,0.388575,0.824536,0.388575,0.689203,0.717252,0.402676,0.717252,0.519148,0.552914,0.519148,0.552914,0.402676,0.717252,0,0.552914,5.48029e-08,0.552914,1,0.388575,1,0.717252,0.317031,0.552914,0.317031,0.552914,0.689203,0.388576,0.689203,0.206074,0.556694,0.194288,0.43525,0.256125,0.349078,0.261551,0.227627,0.248955,0.109455,0.280114,0,0.332004,0.0889637,0.388575,0.335405,0.388575,0.702294,0.303253,0.65619]]
}