{
    "colors":[],
    "uvs":[[0.30425,0.289104,0.785317,0.757448,0.266385,0.737085,0.199214,0.128452,0.470094,0.533458,0.469719,0.533458,0.375562,0.777811,0,0,0.320376,0.513095,0.415023,0.140323]],
    "normals":[-6.60822e-10,-1,1.0282e-07,0,-1,0,0,-1,0,-1.07434e-08,-1,1.21281e-07,-0,-1,0,-0,-1,-0,-0.138144,0,-0.990412,0,0,0,6.60822e-10,1,-1.0282e-07,1.07434e-08,1,-1.21281e-07,0,1,0,0,1,0,-0,1,0,-0,1,-0,0.549509,0,-0.835488,-0.741143,0,0.671348,0.204265,0,0.978916,0.516978,0,0.855999,0.820542,0,0.571586,-0.0204607,0,0.999791,0.192798,0,-0.981238,-0.00642685,0,0.999979,-0.885451,0,0.464732],
    "materials":[{
        "vertexColors":false,
        "transparent":false,
        "shading":"phong",
        "specularCoef":50,
        "colorEmissive":[0,0,0],
        "doubleSided":false,
        "depthTest":true,
        "DbgName":"Material.041",
        "visible":true,
        "colorSpecular":[0.5,0.5,0.5],
        "opacity":1,
        "wireframe":false,
        "blending":1,
        "depthWrite":true,
        "colorDiffuse":[0,0.0263706,0.64],
        "DbgIndex":0,
        "DbgColor":15658734
    }],
    "faces":[42,8,7,5,0,9,0,1,0,0,0,42,5,4,2,0,1,2,3,1,1,1,42,2,9,1,0,3,4,5,1,1,1,42,1,0,3,0,5,6,7,2,2,2,42,6,8,5,0,8,9,1,3,3,3,42,1,3,6,0,5,7,8,1,1,1,42,5,2,1,0,1,3,5,4,4,4,42,5,1,6,0,1,5,8,5,5,5,43,13,14,24,23,0,3,2,2,3,6,6,6,6,43,4,5,17,14,0,2,1,1,2,7,7,7,7,43,2,4,14,13,0,3,2,2,3,7,7,7,7,43,1,9,11,10,0,5,4,4,5,7,7,7,7,43,5,7,18,17,0,1,0,0,1,7,7,7,7,43,6,3,15,16,0,8,7,7,8,7,7,7,7,43,0,1,10,12,0,6,5,5,6,7,7,7,7,43,8,6,16,19,0,9,8,8,9,7,7,7,7,43,3,0,12,15,0,7,6,6,7,7,7,7,7,43,9,2,13,11,0,4,3,3,4,7,7,7,7,43,7,8,19,18,0,0,9,9,0,7,7,7,7,42,27,28,29,0,1,0,9,8,8,8,42,27,29,26,0,1,9,8,9,9,9,42,23,24,27,0,3,2,1,10,10,10,42,20,21,23,0,5,4,3,10,10,10,42,25,22,20,0,7,6,5,11,11,11,42,27,26,25,0,1,8,7,10,10,10,42,20,23,27,0,5,3,1,12,12,12,42,25,20,27,0,7,5,1,13,13,13,43,10,11,21,20,0,5,4,4,5,14,14,14,14,43,17,18,28,27,0,1,0,0,1,15,15,15,15,43,16,15,25,26,0,8,7,7,8,16,16,16,16,43,12,10,20,22,0,6,5,5,6,17,17,17,17,43,19,16,26,29,0,9,8,8,9,18,18,18,18,43,15,12,22,25,0,7,6,6,7,19,19,19,19,43,11,13,23,21,0,4,3,3,4,20,20,20,20,43,18,19,29,28,0,0,9,9,0,21,21,21,21,43,14,17,27,24,0,2,1,1,2,22,22,22,22],
    "vertices":[2.16529,0.532817,4.61115,2.61867,0.532817,4.33733,1.04077,0.532817,3.8244,1.63304,0.532817,4.60026,-0.575538,0.532817,4.04984,-0.293533,0.532817,4.58715,1.10301,0.532817,4.71086,0.23465,0.532817,5.17024,0.780562,0.532817,5.17375,2.17877,0.532817,4.048,2.61867,0.532817,4.33733,2.17877,0.532817,4.048,2.16529,0.532817,4.61115,1.04077,0.532817,3.8244,-0.575538,0.532817,4.04984,1.63304,0.532817,4.60026,1.10301,0.532817,4.71086,-0.293533,0.532817,4.58715,0.23465,0.532817,5.17024,0.780562,0.532817,5.17375,2.61867,0.632817,4.33733,2.17877,0.632817,4.048,2.16529,0.632817,4.61115,1.04077,0.632817,3.8244,-0.575538,0.632817,4.04984,1.63304,0.632817,4.60026,1.10301,0.632817,4.71086,-0.293533,0.632817,4.58715,0.23465,0.632817,5.17024,0.780562,0.632817,5.17375],
    "metadata":{
        "uvs":1,
        "materials":1,
        "faces":36,
        "colors":0,
        "type":"Geometry",
        "version":3,
        "generator":"io_three",
        "vertices":30,
        "normals":23
    }
}