{
    "colors":[],
    "uvs":[[0.191466,0.229782,0.188112,0.225358,0.177365,0.211543,0.190221,0.231103,0.19172,0.230393,0.188793,0.221065,0.189766,0.219252,0.185581,0.21067,0.184656,0.20993,0.179141,0.209054,0.176931,0.212495,0.177259,0.211985]],
    "normals":[-0,-1,0,-2.04548e-08,-1,1.17021e-07,4.12714e-09,-1,7.20605e-08,0,1,-0,2.04548e-08,1,-1.17021e-07,3.38891e-08,1,-8.79568e-08,-2.32593e-08,1,-3.7068e-08,0.922592,0,-0.385777,-0.0276847,0,-0.999617,0.123355,0,-0.992363,-0.892764,0,-0.450526,0.172186,0,-0.985065,-0.997396,0,0.0721183,-0.172186,0,0.985065,-0.123355,0,0.992363,0.183543,1.40072e-07,0.983012,0.359529,0,-0.933134,-0.531507,0,-0.847054,0,1,0],
    "materials":[{
        "vertexColors":false,
        "transparent":false,
        "shading":"phong",
        "specularCoef":50,
        "colorEmissive":[0,0,0],
        "doubleSided":false,
        "depthTest":true,
        "DbgName":"Material.050",
        "visible":true,
        "colorSpecular":[0.5,0.5,0.5],
        "opacity":1,
        "wireframe":false,
        "blending":1,
        "depthWrite":true,
        "colorDiffuse":[0.0113038,0.64,0],
        "DbgIndex":0,
        "DbgColor":15658734
    }],
    "faces":[42,1,0,2,0,0,1,2,0,0,0,42,9,8,6,0,3,4,2,0,0,0,42,6,5,4,0,9,5,6,1,1,1,42,4,3,7,0,6,7,8,0,0,0,42,4,7,6,0,6,8,9,2,2,2,42,11,12,10,0,0,2,1,3,3,3,42,19,16,18,0,3,2,4,3,3,3,42,14,15,16,0,6,5,9,4,4,4,42,16,17,13,0,9,8,7,5,5,5,42,16,13,14,0,9,7,6,6,6,6,43,6,7,17,16,0,9,8,8,9,7,7,7,7,43,0,1,11,10,0,1,0,0,1,8,8,8,8,43,6,8,18,16,0,2,4,4,2,9,9,9,9,43,4,5,15,14,0,6,5,5,6,10,10,10,10,43,2,0,10,12,0,2,1,1,2,11,11,11,11,43,8,9,19,18,0,4,3,3,4,12,12,12,12,43,5,6,16,15,0,5,9,9,5,13,13,13,13,43,1,2,12,11,0,0,2,2,0,14,14,14,14,43,9,6,16,19,0,3,2,2,3,15,15,15,15,43,7,3,13,17,0,8,7,7,8,16,16,16,16,43,3,4,14,13,0,7,6,6,7,17,17,17,17,42,22,21,20,0,3,10,11,18,18,18],
    "vertices":[0.656273,0.532817,-0.337763,0.122919,0.532817,-0.322992,2.26187,0.532817,-0.0571098,1.34328,0.532817,-1.0887,0.892477,0.532817,-0.805827,0.656273,0.532817,-0.337763,2.26187,0.532817,-0.0571098,1.9241,0.532817,-0.864911,0.122919,0.532817,-0.322992,0.170381,0.532817,0.333404,0.656273,0.632817,-0.337763,0.122919,0.632817,-0.322992,2.26187,0.632817,-0.0571098,1.34328,0.632817,-1.0887,0.892477,0.632817,-0.805827,0.656273,0.632817,-0.337763,2.26187,0.632817,-0.0571098,1.9241,0.632817,-0.864911,0.122919,0.632817,-0.322992,0.170381,0.632817,0.333404,2.26187,0.632817,-0.0571098,1.75124,0.632817,0.0841396,0.170381,0.632817,0.333404],
    "metadata":{
        "uvs":1,
        "materials":1,
        "faces":22,
        "colors":0,
        "type":"Geometry",
        "version":3,
        "generator":"io_three",
        "vertices":23,
        "normals":19
    }
}