{
    "colors":[],
    "uvs":[[0.205879,0.0411335,0.219329,0.048103,0.0929381,0.224828,0.092381,0.225368,0.0910342,0.210329,0.212251,0.0479783,0.208151,0.0446774,0.206214,0.0412172,0,0,0.203199,0.0292684,0.217394,0.0330154,0.216977,0.0329523,0.219316,0.0401215,0.220259,0.0425673,0.204372,0.0352536,0.203677,0.0329026,0.21848,0.0355844,0.20974,0.029432,0.219258,0.031351,0.204212,0.028424]],
    "normals":[0,1,0,-1.46686e-08,1,-1.14249e-07,3.80543e-09,1,-1.66483e-07,-0,1,0,0,1,-0,0,-1,-0,-2.84375e-08,1,-1.41095e-07,1.8877e-08,1,-1.14095e-07,-5.08217e-08,1,7.39507e-09,0,-1,-0,0.163231,0,-0.986588,-0.0228518,0,0.999739,0.148757,0,0.988874,0.644963,0,-0.764213,0,0,0,0,-1,0,1.46686e-08,-1,1.14249e-07,-3.80543e-09,-1,1.66483e-07,-0,-1,0,2.68318e-08,-1,1.33128e-07,3.13642e-08,-1,1.42843e-07,0,1,0,0.197575,0,0.980288,0.127346,0,0.991858,0.317843,0,0.948143,-0.858549,0,-0.512731,-0.935135,0,-0.354293,-0.388027,0,0.921648,-0.989579,0,0.143994,-0.197575,0,-0.980288,0.223143,0,-0.974786,0.923161,0,0.384414,-0.991348,0,-0.131262,-0.516978,0,-0.855999,0.24845,0,0.968645,0.549509,0,-0.835488,0.328728,0,0.944425,0.984621,0,-0.174704,0.858549,0,0.512731,-0.317843,0,-0.948143,-0.127346,0,-0.991858,-0.197575,0,-0.980288,-0.163231,0,0.986588,-0.163231,0,0.986588,0.0228518,0,-0.999739,-0.148757,0,-0.988874,-0.644963,0,0.764213,0.858549,0,0.512731,0.935135,0,0.354293,0.388027,0,-0.921648,0.989579,0,-0.143994,-0.223143,0,0.974786,-0.923161,0,-0.384414,0.991348,0,0.131262,0.516978,0,0.855999,-0.24845,0,-0.968645,-0.549509,0,0.835488,-0.328728,0,-0.944425,-0.984621,0,0.174704,-9.69088e-09,-1,5.14292e-08,7.3343e-09,-1,5.71247e-08,-1.90271e-09,-1,8.32416e-08,-9.13032e-09,-1,5.51848e-08,-8.47793e-09,-1,5.74474e-08,-8.77185e-09,-1,5.68174e-08,0.989579,0,-0.143994,0.197575,0,0.980288,-0.923161,0,-0.384414,0.516978,0,0.855999,-0.328728,0,-0.944425,-0.984621,0,0.174704,-0.644963,0,0.764213,-0.148757,0,-0.988874],
    "materials":[{
        "vertexColors":false,
        "transparent":false,
        "shading":"phong",
        "specularCoef":50,
        "colorEmissive":[0,0,0],
        "doubleSided":false,
        "depthTest":true,
        "DbgName":"Material.054",
        "visible":true,
        "colorSpecular":[0.5,0.5,0.5],
        "opacity":1,
        "wireframe":false,
        "blending":1,
        "depthWrite":true,
        "colorDiffuse":[0.0901482,0.300647,0.0895471],
        "DbgIndex":0,
        "DbgColor":15658734
    }],
    "faces":[42,7,6,5,0,7,0,1,0,0,0,42,4,2,3,0,2,3,4,1,1,1,42,7,5,4,0,7,1,2,0,0,0,42,1,7,4,0,6,7,2,0,0,0,42,4,3,0,0,2,4,5,2,2,2,42,4,0,1,0,2,5,6,3,3,3,42,19,18,20,0,8,8,8,4,4,4,42,17,16,18,0,9,10,11,5,5,5,42,12,10,11,0,12,13,14,6,6,6,42,11,9,8,0,14,15,16,7,7,7,42,12,11,8,0,12,14,16,8,8,8,42,13,15,14,0,17,18,19,9,9,9,43,38,59,58,37,0,9,9,10,10,10,10,10,10,43,24,45,42,21,0,8,8,8,8,11,11,11,11,43,30,51,50,29,0,15,15,16,16,10,10,10,10,43,36,57,56,35,0,18,18,19,19,12,12,12,12,43,23,44,42,21,0,4,4,5,5,13,13,13,13,43,9,30,29,8,0,15,15,16,16,14,14,14,14,43,21,0,4,24,0,8,8,8,8,14,14,14,14,43,17,38,37,16,0,9,9,10,10,14,14,14,14,43,10,31,32,11,0,13,13,14,14,14,14,14,14,43,2,25,23,3,0,3,3,4,4,14,14,14,14,43,16,37,39,18,0,10,10,11,11,14,14,14,14,43,12,33,31,10,0,12,12,13,13,14,14,14,14,43,4,24,25,2,0,2,2,3,3,14,14,14,14,43,18,39,38,17,0,11,11,9,9,14,14,14,14,43,8,29,33,12,0,16,16,12,12,14,14,14,14,43,6,27,26,5,0,0,0,1,1,14,14,14,14,43,19,40,39,18,0,8,8,8,8,14,14,14,14,43,11,32,30,9,0,14,14,15,15,14,14,14,14,43,5,26,24,4,0,1,1,2,2,14,14,14,14,43,18,39,41,20,0,8,8,8,8,14,14,14,14,43,14,35,34,13,0,19,19,17,17,14,14,14,14,43,1,22,28,7,0,6,6,7,7,14,14,14,14,43,20,41,40,19,0,8,8,8,8,14,14,14,14,43,0,21,22,1,0,5,5,6,6,14,14,14,14,43,13,34,36,15,0,17,17,18,18,14,14,14,14,43,7,28,27,6,0,7,7,0,0,14,14,14,14,43,21,0,3,23,0,5,5,4,4,14,14,14,14,43,15,36,35,14,0,18,18,19,19,14,14,14,14,42,47,48,49,0,1,0,7,15,15,15,42,47,49,43,0,1,7,6,15,15,15,42,44,46,45,0,4,3,2,16,16,16,42,45,47,43,0,2,1,6,15,15,15,42,42,44,45,0,5,4,2,17,17,17,42,43,42,45,0,6,5,2,18,18,18,42,61,62,60,0,8,8,8,18,18,18,42,59,60,58,0,9,11,10,0,0,0,42,54,50,51,0,12,16,15,9,9,9,42,51,53,52,0,15,14,13,19,19,19,42,54,51,52,0,12,15,13,20,20,20,42,55,56,57,0,17,19,18,21,21,21,43,31,52,53,32,0,13,13,14,14,22,22,22,22,43,25,46,44,23,0,3,3,4,4,23,23,23,23,43,37,58,60,39,0,10,10,11,11,24,24,24,24,43,33,54,52,31,0,12,12,13,13,25,25,25,25,43,24,45,46,25,0,2,2,3,3,26,26,26,26,43,39,60,59,38,0,11,11,9,9,27,27,27,27,43,29,50,54,33,0,16,16,12,12,28,28,28,28,43,27,48,47,26,0,0,0,1,1,29,29,29,29,43,40,61,60,39,0,8,8,8,8,30,30,30,30,43,32,53,51,30,0,14,14,15,15,31,31,31,31,43,26,47,45,24,0,1,1,2,2,32,32,32,32,43,39,60,62,41,0,8,8,8,8,27,27,27,27,43,35,56,55,34,0,19,19,17,17,33,33,33,33,43,22,43,49,28,0,6,6,7,7,34,34,34,34,43,41,62,61,40,0,8,8,8,8,35,35,35,35,43,21,42,43,22,0,5,5,6,6,36,36,36,36,43,34,55,57,36,0,17,17,18,18,30,30,30,30,43,28,49,48,27,0,7,7,0,0,37,37,37,37,43,73,75,138,136,0,13,12,12,13,38,38,38,38,43,81,79,142,144,0,11,10,10,11,39,39,39,39,43,65,67,129,128,0,4,3,3,4,40,40,40,40,43,74,73,136,137,0,14,13,13,14,41,41,41,41,43,79,80,143,142,0,10,9,9,10,42,42,42,42,43,101,100,121,122,0,9,10,10,9,43,43,43,43,43,87,84,105,108,0,8,8,8,8,44,44,44,44,43,93,92,113,114,0,15,16,16,15,43,43,43,43,43,99,98,119,120,0,18,19,19,18,45,45,45,45,43,86,84,105,107,0,4,5,5,4,46,46,46,46,43,72,71,92,93,0,15,16,16,15,14,14,14,14,43,66,63,84,87,0,8,8,8,8,14,14,14,14,43,80,79,100,101,0,9,10,10,9,14,14,14,14,43,73,74,95,94,0,13,14,14,13,14,14,14,14,43,67,65,86,88,0,3,4,4,3,14,14,14,14,43,79,81,102,100,0,10,11,11,10,14,14,14,14,43,75,73,94,96,0,12,13,13,12,14,14,14,14,43,66,67,88,87,0,2,3,3,2,14,14,14,14,43,81,80,101,102,0,11,9,9,11,14,14,14,14,43,71,75,96,92,0,16,12,12,16,14,14,14,14,43,69,68,89,90,0,0,1,1,0,14,14,14,14,43,82,81,102,103,0,8,8,8,8,14,14,14,14,43,74,72,93,95,0,14,15,15,14,14,14,14,14,43,68,66,87,89,0,1,2,2,1,14,14,14,14,43,81,83,104,102,0,8,8,8,8,14,14,14,14,43,77,76,97,98,0,19,17,17,19,14,14,14,14,43,64,70,91,85,0,6,7,7,6,14,14,14,14,43,83,82,103,104,0,8,8,8,8,14,14,14,14,43,63,64,85,84,0,5,6,6,5,14,14,14,14,43,76,78,99,97,0,17,18,18,17,14,14,14,14,43,70,69,90,91,0,7,0,0,7,14,14,14,14,43,65,63,84,86,0,4,5,5,4,14,14,14,14,43,78,77,98,99,0,18,19,19,18,14,14,14,14,42,112,111,110,0,7,0,1,0,0,0,42,108,109,107,0,2,3,4,1,1,1,42,112,110,108,0,7,1,2,0,0,0,42,106,112,108,0,6,7,2,0,0,0,42,108,107,105,0,2,4,5,2,2,2,42,108,105,106,0,2,5,6,3,3,3,42,124,123,125,0,8,8,8,4,4,4,42,122,121,123,0,9,10,11,5,5,5,42,117,115,116,0,12,13,14,6,6,6,42,116,114,113,0,14,15,16,7,7,7,42,117,116,113,0,12,14,16,8,8,8,42,118,120,119,0,17,18,19,9,9,9,43,94,95,116,115,0,13,14,14,13,29,29,29,29,43,88,86,107,109,0,3,4,4,3,40,40,40,40,43,100,102,123,121,0,10,11,11,10,39,39,39,39,43,96,94,115,117,0,12,13,13,12,47,47,47,47,43,87,88,109,108,0,2,3,3,2,48,48,48,48,43,102,101,122,123,0,11,9,9,11,49,49,49,49,43,92,96,117,113,0,16,12,12,16,50,50,50,50,43,90,89,110,111,0,0,1,1,0,22,22,22,22,43,103,102,123,124,0,8,8,8,8,51,51,51,51,43,95,93,114,116,0,14,15,15,14,52,52,52,52,43,89,87,108,110,0,1,2,2,1,53,53,53,53,43,102,104,125,123,0,8,8,8,8,49,49,49,49,43,98,97,118,119,0,19,17,17,19,54,54,54,54,43,85,91,112,106,0,6,7,7,6,55,55,55,55,43,104,103,124,125,0,8,8,8,8,56,56,56,56,43,84,85,106,105,0,5,6,6,5,57,57,57,57,43,97,99,120,118,0,17,18,18,17,51,51,51,51,43,91,90,111,112,0,7,0,0,7,58,58,58,58,43,42,45,108,105,0,8,8,8,8,14,14,14,14,43,4,0,63,66,0,8,8,8,8,14,14,14,14,42,131,132,133,0,1,0,7,59,59,59,42,131,133,127,0,1,7,6,15,15,15,42,128,129,130,0,4,3,2,60,60,60,42,130,131,127,0,2,1,6,15,15,15,42,126,128,130,0,5,4,2,61,61,61,42,127,126,130,0,6,5,2,18,18,18,42,145,146,144,0,8,8,8,18,18,18,42,143,144,142,0,9,11,10,0,0,0,42,138,134,135,0,12,16,15,62,62,62,42,135,137,136,0,15,14,13,63,63,63,42,138,135,136,0,12,15,13,64,64,64,42,139,140,141,0,17,19,18,21,21,21,43,67,66,130,129,0,3,2,2,3,48,48,48,48,43,80,81,144,143,0,9,11,11,9,49,49,49,49,43,75,71,134,138,0,12,16,16,12,65,65,65,65,43,68,69,132,131,0,1,0,0,1,66,66,66,66,43,81,82,145,144,0,8,8,8,8,51,51,51,51,43,72,74,137,135,0,15,14,14,15,