{
    "materials":[{
        "transparent":false,
        "depthTest":true,
        "DbgName":"Material.015",
        "blending":1,
        "DbgColor":15658734,
        "DbgIndex":0,
        "visible":true,
        "colorDiffuse":[0.0236455,0.219742,0.0245708],
        "wireframe":false,
        "vertexColors":false,
        "shading":"phong",
        "colorEmissive":[0,0,0],
        "colorSpecular":[0.5,0.5,0.5],
        "specularCoef":50,
        "doubleSided":false,
        "opacity":1,
        "depthWrite":true
    }],
    "faces":[42,2,6,8,0,0,1,2,0,0,0,42,8,14,13,0,2,3,4,1,1,1,42,13,10,12,0,4,5,6,0,0,0,42,12,11,9,0,6,7,8,2,2,2,42,9,7,4,0,8,9,10,3,3,3,42,4,5,3,0,10,11,12,4,4,4,42,1,2,8,0,13,0,2,5,5,5,42,4,3,1,0,10,12,13,6,6,6,42,12,9,4,0,6,8,10,7,7,7,42,8,13,12,0,2,4,6,8,8,8,42,4,1,8,0,10,13,2,9,9,9,42,8,12,4,0,2,6,10,10,10,10,42,45,47,50,0,15,16,17,11,11,11,42,51,54,55,0,18,19,20,12,12,12,42,45,50,51,0,15,17,18,13,13,13,42,49,48,46,0,26,27,14,14,14,14,42,46,45,51,0,14,15,18,15,15,15,42,55,56,57,0,20,21,22,16,16,16,42,46,51,55,0,14,18,20,17,17,17,42,58,49,46,0,25,26,14,18,18,18,42,57,52,53,0,22,23,24,19,19,19,42,53,58,46,0,24,25,14,20,20,20,42,46,55,57,0,14,20,22,21,21,21,42,46,57,53,0,14,22,24,22,22,22,43,20,35,80,65,0,28,28,28,28,23,23,23,23,43,7,22,67,54,0,28,28,28,28,23,23,23,23,43,9,11,56,55,0,29,30,31,32,24,24,24,24,43,21,36,81,66,0,28,28,28,28,23,23,23,23,43,8,23,68,49,0,28,28,28,28,23,23,23,23,43,13,14,58,53,0,33,34,35,36,25,25,25,25,43,22,37,82,67,0,28,28,28,28,23,23,23,23,43,9,24,69,55,0,28,28,28,28,23,23,23,23,43,0,14,58,59,0,37,37,37,37,23,23,23,23,43,23,38,83,68,0,28,28,28,28,23,23,23,23,43,10,25,70,52,0,28,28,28,28,23,23,23,23,43,14,8,49,58,0,38,39,40,41,26,26,26,26,43,24,39,84,69,0,28,28,28,28,23,23,23,23,43,11,26,71,56,0,28,28,28,28,23,23,23,23,43,12,10,52,57,0,42,43,44,45,27,27,27,27,43,25,40,85,70,0,28,28,28,28,23,23,23,23,43,2,1,45,46,0,46,47,48,49,28,28,28,28,43,12,27,72,57,0,28,28,28,28,23,23,23,23,43,4,7,54,51,0,50,51,52,53,29,29,29,29,43,26,41,86,71,0,28,28,28,28,23,23,23,23,43,1,3,47,45,0,54,55,56,57,30,30,30,30,43,13,28,73,53,0,28,28,28,28,23,23,23,23,43,15,0,59,60,0,28,28,28,28,23,23,23,23,43,27,42,87,72,0,28,28,28,28,23,23,23,23,43,8,6,48,49,0,58,59,60,61,31,31,31,31,43,14,29,74,58,0,28,28,28,28,23,23,23,23,43,1,16,61,45,0,28,28,28,28,23,23,23,23,43,28,43,88,73,0,28,28,28,28,23,23,23,23,43,3,5,50,47,0,62,63,64,65,32,32,32,32,43,30,15,60,75,0,28,28,28,28,23,23,23,23,43,2,17,62,46,0,28,28,28,28,23,23,23,23,43,29,44,89,74,0,28,28,28,28,23,23,23,23,43,5,4,51,50,0,66,50,53,67,33,33,33,33,43,16,31,76,61,0,28,28,28,28,23,23,23,23,43,3,18,63,47,0,28,28,28,28,23,23,23,23,43,6,2,46,48,0,68,46,49,69,34,34,34,34,43,17,32,77,62,0,28,28,28,28,23,23,23,23,43,4,19,64,51,0,28,28,28,28,23,23,23,23,43,10,13,53,52,0,70,71,72,40,35,35,35,35,43,18,33,78,63,0,28,28,28,28,23,23,23,23,43,5,20,65,50,0,28,28,28,28,23,23,23,23,43,7,9,55,54,0,51,29,32,52,36,36,36,36,43,19,34,79,64,0,28,28,28,28,23,23,23,23,43,6,21,66,48,0,28,28,28,28,23,23,23,23,43,11,12,57,56,0,73,42,45,74,37,37,37,37],
    "colors":[],
    "metadata":{
        "materials":1,
        "generator":"io_three",
        "uvs":1,
        "vertices":90,
        "type":"Geometry",
        "faces":69,
        "normals":38,
        "colors":0,
        "version":3
    },
    "normals":[0,1,0,6.29662e-08,1,-9.57355e-08,0,1,-0,2.67023e-07,1,3.53558e-08,-1.46686e-08,1,-1.14249e-07,0,1,0,3.80543e-09,1,-1.66483e-07,-2.28284e-07,1,-1.3313e-07,1.88469e-08,1,-8.23314e-08,-0,1,0,-2.52788e-08,1,-4.42576e-08,9.02504e-09,-1,7.02934e-08,-1.33511e-07,-1,-1.76779e-08,-1.23156e-09,-1,5.38794e-08,1.21951e-08,-1,4.75459e-08,-0,-1,0,1.72144e-08,-1,5.13514e-08,4.06148e-09,-1,2.91196e-08,1.35453e-07,-1,1.17382e-07,0,-1,0,-2.40612e-08,-1,3.65833e-08,-6.04805e-09,-1,3.77853e-08,-8.78883e-09,-1,3.83934e-08,0,0,0,0.989579,0,-0.143994,-0.549509,0,0.835488,-0.923161,0,-0.384414,0.148757,0,0.988874,-0.328728,0,-0.944425,0.991348,0,0.131262,-0.644964,0,0.764213,-0.984621,0,0.174704,-0.127346,0,-0.991858,0.935135,0,0.354293,-0.24845,0,-0.968645,-0.516978,0,-0.855999,0.858549,0,0.512731,0.317843,0,0.948143],
    "vertices":[2.17877,0.532817,4.048,3.30069,0.632817,2.65082,2.79781,0.632817,2.82586,2.86467,0.632817,2.28284,3.94689,0.632817,2.6656,4.15465,0.632817,2.11721,2.27591,0.632817,2.95973,3.86822,0.632817,3.25977,2.38229,0.632817,3.55925,3.58141,0.632817,3.74002,2.16529,0.632817,4.61115,3.66193,0.632817,4.29339,3.16071,0.632817,4.46141,2.61867,0.632817,4.33733,2.17877,0.632817,4.048,2.17877,0.532817,4.048,3.30069,0.632817,2.65082,2.79781,0.632817,2.82586,2.86467,0.632817,2.28284,3.94689,0.632817,2.6656,4.15465,0.632817,2.11721,2.27591,0.632817,2.95973,3.86822,0.632817,3.25977,2.38229,0.632817,3.55925,3.58141,0.632817,3.74002,2.16529,0.632817,4.61115,3.66193,0.632817,4.29339,3.16071,0.632817,4.46141,2.61867,0.632817,4.33733,2.17877,0.632817,4.048,2.17877,0.532817,4.048,3.30069,0.632817,2.65082,2.79781,0.632817,2.82586,2.86467,0.632817,2.28284,3.94689,0.632817,2.6656,4.15465,0.632817,2.11721,2.27591,0.632817,2.95973,3.86822,0.632817,3.25977,2.38229,0.632817,3.55925,3.58141,0.632817,3.74002,2.16529,0.632817,4.61115,3.66193,0.632817,4.29339,3.16071,0.632817,4.46141,2.61867,0.632817,4.33733,2.17877,0.632817,4.048,3.30069,-0.467183,2.65082,2.79781,-0.467183,2.82586,2.86467,-0.467183,2.28284,2.27591,-0.467183,2.95973,2.38229,-0.467183,3.55925,4.15465,-0.467183,2.11721,3.94689,-0.467183,2.6656,2.16529,-0.467183,4.61115,2.61867,-0.467183,4.33733,3.86822,-0.467183,3.25977,3.58141,-0.467183,3.74002,3.66193,-0.467183,4.29339,3.16071,-0.467183,4.46141,2.17877,-0.467183,4.048,2.17877,-0.567183,4.048,2.17877,-0.567183,4.048,3.30069,-0.467183,2.65082,2.79781,-0.467183,2.82586,2.86467,-0.467183,2.28284,3.94689,-0.467183,2.6656,4.15465,-0.467183,2.11721,2.27591,-0.467183,2.95973,3.86822,-0.467183,3.25977,2.38229,-0.467183,3.55925,3.58141,-0.467183,3.74002,2.16529,-0.467183,4.61115,3.66193,-0.467183,4.29339,3.16071,-0.467183,4.46141,2.61867,-0.467183,4.33733,2.17877,-0.467183,4.048,2.17877,-0.567183,4.048,3.30069,-0.467183,2.65082,2.79781,-0.467183,2.82586,2.86467,-0.467183,2.28284,3.94689,-0.467183,2.6656,4.15465,-0.467183,2.11721,2.27591,-0.467183,2.95973,3.86822,-0.467183,3.25977,2.38229,-0.467183,3.55925,3.58141,-0.467183,3.74002,2.16529,-0.467183,4.61115,3.66193,-0.467183,4.29339,3.16071,-0.467183,4.46141,2.61867,-0.467183,4.33733,2.17877,-0.467183,4.048],
    "uvs":[[0.450136,0.42446,0.34861,0.368988,0.398613,0.242334,0.379436,0.124621,0.483817,0.0828619,0.402986,0,0.601562,0.0825641,0.69722,0.144523,0.654714,0.262306,0.69149,0.382301,0.679954,0.516998,0.69722,0.64805,0.438551,0.547311,0.545809,0.488047,0.101526,0.22359,0.197199,0.160003,0.0899409,0.100739,0.34861,0,0.331344,0.131052,0.34288,0.265749,0.306105,0.385744,0.34861,0.503527,0.252953,0.565486,0.0543759,0.64805,0.135207,0.565188,0.0308265,0.523429,0.0500037,0.405716,0,0.279062,0,0,0.69722,0.117787,0.69722,0,0.930147,0,0.930147,0.117787,0.817822,0.503527,0.929117,0.503527,0.929117,0.751763,0.817822,0.751763,0.459521,0.64805,1,1,0.927043,1,0.927043,0.751763,1,0.751763,0.609444,0.896287,0.459521,0.896287,0.459521,0.64805,0.609444,0.64805,0.346793,0.64805,0.459521,0.64805,0.459521,0.896287,0.346793,0.896287,0.69722,0.372477,0.69722,0.237778,0.930147,0.237778,0.930147,0.372476,0.69722,0.503527,0.817822,0.503527,0.817822,0.751763,0.69722,0.751763,0.723818,0.751763,0.817822,0.751763,0.817822,1,0.723818,1,0.232927,0.64805,0.232927,0.936469,1.22594e-07,0.936469,0,0.64805,0.69722,0.503527,0.930147,0.503527,0.232927,0.64805,0.232927,0.896287,0.927043,1,0.817822,1,0.817822,0.751763,0.6732,0.896287,0.6732,0.64805]]
}