{
    "colors":[],
    "uvs":[[0.205879,0.0411335,0.206214,0.0412172,0.208151,0.0446774,0.212251,0.0479783,0.0910342,0.210329,0.092381,0.225368,0.0929381,0.224828,0.219329,0.048103,0,0,0.203199,0.0292684,0.216977,0.0329523,0.217394,0.0330154,0.219316,0.0401215,0.21848,0.0355844,0.203677,0.0329026,0.204372,0.0352536,0.220259,0.0425673,0.20974,0.029432,0.204212,0.028424,0.219258,0.031351]],
    "normals":[0,-1,0,1.46686e-08,-1,1.14249e-07,-3.80543e-09,-1,1.66483e-07,-0,-1,0,0,1,0,0,-1,-0,2.68318e-08,-1,1.33128e-07,3.13642e-08,-1,1.42843e-07,0,1,0,-0.163231,0,0.986588,0.0228518,0,-0.999739,-0.148757,0,-0.988874,-0.644963,0,0.764213,0,0,0,-1.46686e-08,1,-1.14249e-07,3.80543e-09,1,-1.66483e-07,-0,1,0,0,1,-0,0,-1,-0,-2.84375e-08,1,-1.41095e-07,1.8877e-08,1,-1.14095e-07,-5.08217e-08,1,7.39507e-09,-0.197575,0,-0.980288,-0.127346,0,-0.991858,-0.317843,0,-0.948143,0.858549,0,0.512731,0.935135,0,0.354293,0.388027,0,-0.921648,0.989579,0,-0.143994,0.197575,0,0.980288,-0.223143,0,0.974786,-0.923161,0,-0.384414,0.991348,0,0.131262,0.516978,0,0.855999,-0.24845,0,-0.968645,-0.549509,0,0.835488,-0.328728,0,-0.944425,-0.984621,0,0.174704],
    "materials":[{
        "vertexColors":false,
        "transparent":false,
        "shading":"phong",
        "specularCoef":50,
        "colorEmissive":[0,0,0],
        "doubleSided":false,
        "depthTest":true,
        "DbgName":"Material.054",
        "visible":true,
        "colorSpecular":[0.5,0.5,0.5],
        "opacity":1,
        "wireframe":false,
        "blending":1,
        "depthWrite":true,
        "colorDiffuse":[0.18508,0.64,0.183799],
        "DbgIndex":0,
        "DbgColor":15658734
    }],
    "faces":[42,5,6,7,0,7,0,1,0,0,0,42,5,7,1,0,7,1,2,0,0,0,42,3,2,4,0,4,5,6,1,1,1,42,4,5,1,0,6,7,2,0,0,0,42,0,3,4,0,3,4,6,2,2,2,42,1,0,4,0,2,3,6,3,3,3,42,19,20,18,0,8,8,8,3,3,3,42,17,18,16,0,9,10,11,4,4,4,42,12,8,9,0,12,13,14,5,5,5,42,9,11,10,0,14,15,16,6,6,6,42,12,9,10,0,12,14,16,7,7,7,42,13,14,15,0,17,18,19,8,8,8,43,38,37,58,59,0,9,11,11,9,9,9,9,9,43,24,21,42,45,0,8,8,8,8,10,10,10,10,43,30,29,50,51,0,14,13,13,14,9,9,9,9,43,36,35,56,57,0,19,18,18,19,11,11,11,11,43,23,21,42,44,0,4,3,3,4,12,12,12,12,43,9,8,29,30,0,14,13,13,14,13,13,13,13,43,4,0,21,24,0,8,8,8,8,13,13,13,13,43,17,16,37,38,0,9,11,11,9,13,13,13,13,43,10,11,32,31,0,16,15,15,16,13,13,13,13,43,2,3,23,25,0,5,4,4,5,13,13,13,13,43,16,18,39,37,0,11,10,10,11,13,13,13,13,43,12,10,31,33,0,12,16,16,12,13,13,13,13,43,4,2,25,24,0,6,5,5,6,13,13,13,13,43,18,17,38,39,0,10,9,9,10,13,13,13,13,43,8,12,33,29,0,13,12,12,13,13,13,13,13,43,6,5,26,27,0,0,7,7,0,13,13,13,13,43,19,18,39,40,0,8,8,8,8,13,13,13,13,43,11,9,30,32,0,15,14,14,15,13,13,13,13,43,5,4,24,26,0,7,6,6,7,13,13,13,13,43,18,20,41,39,0,8,8,8,8,13,13,13,13,43,14,13,34,35,0,18,17,17,18,13,13,13,13,43,1,7,28,22,0,2,1,1,2,13,13,13,13,43,20,19,40,41,0,8,8,8,8,13,13,13,13,43,0,1,22,21,0,3,2,2,3,13,13,13,13,43,13,15,36,34,0,17,19,19,17,13,13,13,13,43,7,6,27,28,0,1,0,0,1,13,13,13,13,43,3,0,21,23,0,4,3,3,4,13,13,13,13,43,15,14,35,36,0,19,18,18,19,13,13,13,13,42,49,48,47,0,1,0,7,4,4,4,42,45,46,44,0,6,5,4,14,14,14,42,49,47,45,0,1,7,6,4,4,4,42,43,49,45,0,2,1,6,4,4,4,42,45,44,42,0,6,4,3,15,15,15,42,45,42,43,0,6,3,2,16,16,16,42,61,60,62,0,8,8,8,17,17,17,42,59,58,60,0,9,11,10,18,18,18,42,54,52,53,0,12,16,15,19,19,19,42,53,51,50,0,15,14,13,20,20,20,42,54,53,50,0,12,15,13,21,21,21,42,55,57,56,0,17,19,18,5,5,5,43,31,32,53,52,0,16,15,15,16,22,22,22,22,43,25,23,44,46,0,5,4,4,5,23,23,23,23,43,37,39,60,58,0,11,10,10,11,24,24,24,24,43,33,31,52,54,0,12,16,16,12,25,25,25,25,43,24,25,46,45,0,6,5,5,6,26,26,26,26,43,39,38,59,60,0,10,9,9,10,27,27,27,27,43,29,33,54,50,0,13,12,12,13,28,28,28,28,43,27,26,47,48,0,0,7,7,0,29,29,29,29,43,40,39,60,61,0,8,8,8,8,30,30,30,30,43,32,30,51,53,0,15,14,14,15,31,31,31,31,43,26,24,45,47,0,7,6,6,7,32,32,32,32,43,39,41,62,60,0,8,8,8,8,27,27,27,27,43,35,34,55,56,0,18,17,17,18,33,33,33,33,43,22,28,49,43,0,2,1,1,2,34,34,34,34,43,41,40,61,62,0,8,8,8,8,35,35,35,35,43,21,22,43,42,0,3,2,2,3,36,36,36,36,43,34,36,57,55,0,17,19,19,17,30,30,30,30,43,28,27,48,49,0,1,0,0,1,37,37,37,37],
    "vertices":[3.30069,0.532817,2.65082,2.79781,0.532817,2.82586,4.15465,0.532817,2.11721,2.86467,0.532817,2.28284,3.94689,0.532817,2.6656,3.86822,0.532817,3.25977,2.38229,0.532817,3.55925,2.27591,0.532817,2.95973,3.66193,0.532817,4.29339,2.17877,0.532817,4.048,3.86822,0.532817,3.25977,2.38229,0.532817,3.55925,3.58141,0.532817,3.74002,2.61867,0.532817,4.33733,2.16529,0.532817,4.61115,3.16071,0.532817,4.46141,3.66193,0.532817,4.29339,2.17877,0.532817,4.048,3.16071,0.532817,4.46141,2.61867,0.532817,4.33733,2.17877,0.532817,4.048,3.30069,0.532817,2.65082,2.79781,0.532817,2.82586,2.86467,0.532817,2.28284,3.94689,0.532817,2.6656,4.15465,0.532817,2.11721,3.86822,0.532817,3.25977,2.38229,0.532817,3.55925,2.27591,0.532817,2.95973,3.66193,0.532817,4.29339,2.17877,0.532817,4.048,3.86822,0.532817,3.25977,2.38229,0.532817,3.55925,3.58141,0.532817,3.74002,2.61867,0.532817,4.33733,2.16529,0.532817,4.61115,3.16071,0.532817,4.46141,3.66193,0.532817,4.29339,2.17877,0.532817,4.048,3.16071,0.532817,4.46141,2.61867,0.532817,4.33733,2.17877,0.532817,4.048,3.30069,0.632817,2.65082,2.79781,0.632817,2.82586,2.86467,0.632817,2.28284,3.94689,0.632817,2.6656,4.15465,0.632817,2.11721,3.86822,0.632817,3.25977,2.38229,0.632817,3.55925,2.27591,0.632817,2.95973,3.66193,0.632817,4.29339,2.17877,0.632817,4.048,3.86822,0.632817,3.25977,2.38229,0.632817,3.55925,3.58141,0.632817,3.74002,2.61867,0.632817,4.33733,2.16529,0.632817,4.61115,3.16071,0.632817,4.46141,3.66193,0.632817,4.29339,2.17877,0.632817,4.048,3.16071,0.632817,4.46141,2.61867,0.632817,4.33733,2.17877,0.632817,4.048],
    "metadata":{
        "uvs":1,
        "materials":1,
        "faces":70,
        "colors":0,
        "type":"Geometry",
        "version":3,
        "generator":"io_three",
        "vertices":63,
        "normals":38
    }
}