{
    "colors":[],
    "uvs":[[0.0850066,0.210648,0.087506,0.228504,0.0816238,0.229263,0.0810002,0.229203,0.0789913,0.229011,0.0775004,0.222598,0.0795763,0.213685,0.0848732,0.21064]],
    "normals":[0,1,0,0,1,-0,3.23085e-09,1,-2.25884e-07,2.99594e-07,1,9.42284e-08,-3.70067e-08,1,-8.22703e-08,0,0,0,0.795967,0,0.60534,0.95393,0,0.30003,-0.0143017,0,0.999898,-0.127346,0,-0.991858,-0.961216,0,-0.275797,0.986162,0,-0.165786,-0.997992,0,0.0633332,-0.504304,0,0.863526,0,-1,0,-2.99594e-07,-1,-9.42284e-08,-3.23085e-09,-1,2.25884e-07,0,-1,-0,-1.43871e-08,-1,5.53216e-08,5.82858e-08,-1,6.32175e-09,0.997993,-3.54872e-09,-0.0633333,-0.795967,0,-0.60534,-0.95393,0,-0.30003,0.0143017,0,-0.999898,0.127346,0,0.991858,0.961216,0,0.275797,-0.986162,0,0.165786,0.997992,0,-0.0633332,0.504304,0,-0.863526,7.1478e-09,-1,5.56721e-08,1.33104e-07,-1,1.01227e-07,-6.17883e-09,-1,5.72859e-08,1.18373e-08,-1,3.76398e-08,-1.57591e-08,-1,5.62468e-08,0.504304,-4.16716e-08,-0.863526,-0.795967,-3.98826e-08,-0.60534,-0.95393,0,-0.30003,0.0143015,-5.93794e-08,-0.999898,0.961216,0,0.275797,-0.986162,0,0.165786],
    "materials":[{
        "vertexColors":false,
        "transparent":false,
        "shading":"phong",
        "specularCoef":50,
        "colorEmissive":[0,0,0],
        "doubleSided":false,
        "depthTest":true,
        "DbgName":"Material.057",
        "visible":true,
        "colorSpecular":[0.5,0.5,0.5],
        "opacity":1,
        "wireframe":false,
        "blending":1,
        "depthWrite":true,
        "colorDiffuse":[0.64,0.174222,0],
        "DbgIndex":0,
        "DbgColor":15658734
    }],
    "faces":[42,7,1,0,0,7,0,1,0,0,0,42,0,5,4,0,1,2,3,1,1,1,42,4,3,2,0,3,4,5,2,2,2,42,2,6,7,0,5,6,7,3,3,3,42,7,0,4,0,7,1,3,0,0,0,42,4,2,7,0,3,5,7,4,4,4,43,13,21,18,10,0,4,4,5,5,5,5,5,5,43,2,10,11,6,0,5,5,6,6,6,6,6,6,43,6,11,15,7,0,6,6,7,7,7,7,7,7,43,3,13,10,2,0,4,4,5,5,8,8,8,8,43,9,0,1,12,0,1,1,0,0,9,9,9,9,43,0,9,8,5,0,1,1,2,2,10,10,10,10,43,7,15,12,1,0,7,7,0,0,11,11,11,11,43,5,8,14,4,0,2,2,3,3,12,12,12,12,43,4,14,13,3,0,3,3,4,4,13,13,13,13,42,17,20,23,0,1,0,7,14,14,14,42,23,19,18,0,7,6,5,15,15,15,42,18,21,22,0,5,4,3,16,16,16,42,22,16,17,0,3,2,1,17,17,17,42,17,23,18,0,1,7,5,18,18,18,42,18,22,17,0,5,3,1,19,19,19,43,12,20,17,9,0,0,0,1,1,5,5,5,5,43,9,17,16,8,0,1,1,2,2,5,5,5,5,43,15,23,20,12,0,7,7,0,0,5,5,5,5,43,8,16,22,14,0,2,2,3,3,5,5,5,5,43,14,22,21,13,0,3,3,4,4,5,5,5,5,43,10,18,19,11,0,5,5,6,6,5,5,5,5,43,11,19,23,15,0,6,6,7,7,5,5,5,5,43,30,24,48,54,0,3,2,2,3,20,20,20,20,43,37,34,42,45,0,4,5,5,4,5,5,5,5,43,26,27,35,34,0,5,6,6,5,21,21,21,21,43,27,31,39,35,0,6,7,7,6,22,22,22,22,43,29,26,34,37,0,4,5,5,4,23,23,23,23,43,28,25,33,36,0,0,1,1,0,24,24,24,24,43,25,24,32,33,0,1,2,2,1,25,25,25,25,43,31,28,36,39,0,7,0,0,7,26,26,26,26,43,24,30,38,32,0,2,3,3,2,27,27,27,27,43,30,29,37,38,0,3,4,4,3,28,28,28,28,42,47,44,41,0,7,0,1,0,0,0,42,41,40,46,0,1,2,3,1,1,1,42,46,45,42,0,3,4,5,2,2,2,42,42,43,47,0,5,6,7,3,3,3,42,47,41,46,0,7,1,3,0,0,0,42,46,42,47,0,3,5,7,4,4,4,43,36,33,41,44,0,0,1,1,0,5,5,5,5,43,33,32,40,41,0,1,2,2,1,5,5,5,5,43,39,36,44,47,0,7,0,0,7,5,5,5,5,43,32,38,46,40,0,2,3,3,2,5,5,5,5,43,38,37,45,46,0,3,4,4,3,5,5,5,5,43,34,35,43,42,0,5,6,6,5,5,5,5,5,43,35,39,47,43,0,6,7,7,6,5,5,5,5,42,49,52,55,0,1,0,7,29,29,29,42,55,51,50,0,7,6,5,30,30,30,42,50,53,54,0,5,4,3,14,14,14,42,54,48,49,0,3,2,1,31,31,31,42,49,55,50,0,1,7,5,32,32,32,42,50,54,49,0,5,3,1,33,33,33,43,29,30,54,53,0,4,3,3,4,34,34,34,34,43,27,26,50,51,0,6,5,5,6,35,35,35,35,43,31,27,51,55,0,7,6,6,7,36,36,36,36,43,26,29,53,50,0,5,4,4,5,37,37,37,37,43,25,28,52,49,0,1,0,0,1,24,24,24,24,43,24,25,49,48,0,2,1,1,2,38,38,38,38,43,28,31,55,52,0,0,7,7,0,39,39,39,39],
    "vertices":[4.15465,0.532817,2.11721,2.86467,0.532817,2.28284,3.27373,0.532817,0.810699,3.80302,0.532817,0.81827,4.2662,0.532817,1.08877,4.29944,0.532817,1.61259,2.93448,0.532817,1.25679,2.77658,0.532817,1.75883,4.29944,0.632817,1.61259,4.15465,0.632817,2.11721,3.27373,0.632817,0.810699,2.93448,0.632817,1.25679,2.86467,0.632817,2.28284,3.80302,0.632817,0.81827,4.2662,0.632817,1.08877,2.77658,0.632817,1.75883,4.29944,0.632817,1.61259,4.15465,0.632817,2.11721,3.27373,0.632817,0.810699,2.93448,0.632817,1.25679,2.86467,0.632817,2.28284,3.80302,0.632817,0.81827,4.2662,0.632817,1.08877,2.77658,0.632817,1.75883,4.29944,0.532817,1.61259,4.15465,0.532817,2.11721,3.27373,0.532817,0.810699,2.93448,0.532817,1.25679,2.86467,0.532817,2.28284,3.80302,0.532817,0.81827,4.2662,0.532817,1.08877,2.77658,0.532817,1.75883,4.29944,0.632817,1.61259,4.15465,0.632817,2.11721,3.27373,0.632817,0.810699,2.93448,0.632817,1.25679,2.86467,0.632817,2.28284,3.80302,0.632817,0.81827,4.2662,0.632817,1.08877,2.77658,0.632817,1.75883,4.29944,0.632817,1.61259,4.15465,0.632817,2.11721,3.27373,0.632817,0.810699,2.93448,0.632817,1.25679,2.86467,0.632817,2.28284,3.80302,0.632817,0.81827,4.2662,0.632817,1.08877,2.77658,0.632817,1.75883,4.29944,-0.467183,1.61259,4.15465,-0.467183,2.11721,3.27373,-0.467183,0.8107,2.93448,-0.467183,1.25679,2.86467,-0.467183,2.28284,3.80302,-0.467183,0.81827,4.2662,-0.467183,1.08877,2.77658,-0.467183,1.75883],
    "metadata":{
        "uvs":1,
        "materials":1,
        "faces":64,
        "colors":0,
        "type":"Geometry",
        "version":3,
        "generator":"io_three",
        "vertices":56,
        "normals":40
    }
}