{
    "colors":[],
    "uvs":[[0.0850066,0.210648,0.0848732,0.21064,0.0795763,0.213685,0.0775004,0.222598,0.0789913,0.229011,0.0810002,0.229203,0.0816238,0.229263,0.087506,0.228504]],
    "normals":[0,-1,0,-2.99594e-07,-1,-9.42284e-08,-3.23085e-09,-1,2.25884e-07,0,-1,-0,-1.43871e-08,-1,5.53216e-08,5.82858e-08,-1,6.32175e-09,0,1,0,0,1,-0,3.23085e-09,1,-2.25884e-07,2.99594e-07,1,9.42284e-08,-3.70067e-08,1,-8.22703e-08,-0.795967,0,-0.60534,-0.95393,0,-0.30003,0.0143017,0,-0.999898,0.127346,0,0.991858,0.961216,0,0.275797,-0.986162,0,0.165786,0.997992,0,-0.0633332,0.504304,0,-0.863526],
    "materials":[{
        "vertexColors":false,
        "transparent":false,
        "shading":"phong",
        "specularCoef":50,
        "colorEmissive":[0,0,0],
        "doubleSided":false,
        "depthTest":true,
        "DbgName":"Material.057",
        "visible":true,
        "colorSpecular":[0.5,0.5,0.5],
        "opacity":1,
        "wireframe":false,
        "blending":1,
        "depthWrite":true,
        "colorDiffuse":[0.64,0.174222,0],
        "DbgIndex":0,
        "DbgColor":15658734
    }],
    "faces":[42,0,1,7,0,7,0,1,0,0,0,42,7,6,2,0,1,2,3,1,1,1,42,2,3,4,0,3,4,5,2,2,2,42,4,5,0,0,5,6,7,3,3,3,42,0,7,2,0,7,1,3,4,4,4,42,2,4,0,0,3,5,7,5,5,5,42,15,12,9,0,1,0,7,6,6,6,42,9,8,14,0,7,6,5,7,7,7,42,14,13,10,0,5,4,3,8,8,8,42,10,11,15,0,3,2,1,9,9,9,42,15,9,14,0,1,7,5,6,6,6,42,14,10,15,0,5,3,1,10,10,10,43,2,6,11,10,0,3,2,2,3,11,11,11,11,43,6,7,15,11,0,2,1,1,2,12,12,12,12,43,3,2,10,13,0,4,3,3,4,13,13,13,13,43,1,0,9,12,0,0,7,7,0,14,14,14,14,43,0,5,8,9,0,7,6,6,7,15,15,15,15,43,7,1,12,15,0,1,0,0,1,16,16,16,16,43,5,4,14,8,0,6,5,5,6,17,17,17,17,43,4,3,13,14,0,5,4,4,5,18,18,18,18],
    "vertices":[4.15465,0.532817,2.11721,2.86467,0.532817,2.28284,3.27373,0.532817,0.810699,3.80302,0.532817,0.81827,4.2662,0.532817,1.08877,4.29944,0.532817,1.61259,2.93448,0.532817,1.25679,2.77658,0.532817,1.75883,4.29944,0.632817,1.61259,4.15465,0.632817,2.11721,3.27373,0.632817,0.810699,2.93448,0.632817,1.25679,2.86467,0.632817,2.28284,3.80302,0.632817,0.81827,4.2662,0.632817,1.08877,2.77658,0.632817,1.75883],
    "metadata":{
        "uvs":1,
        "materials":1,
        "faces":20,
        "colors":0,
        "type":"Geometry",
        "version":3,
        "generator":"io_three",
        "vertices":16,
        "normals":19
    }
}