{
    "metadata":{
        "vertices":14,
        "materials":1,
        "faces":17,
        "version":3,
        "uvs":1,
        "generator":"io_three",
        "type":"Geometry",
        "colors":0,
        "normals":17
    },
    "vertices":[3.30069,0.632817,2.65082,2.79781,0.632817,2.82586,2.3592,0.632817,2.11721,2.86467,0.632817,2.28284,2.77658,0.632817,1.75883,2.27591,0.632817,2.95973,1.99243,0.632817,2.50976,3.30069,-0.467183,2.65082,2.79781,-0.467183,2.82586,2.86467,-0.467183,2.28284,2.77658,-0.467183,1.75883,2.27591,-0.467183,2.95973,2.3592,-0.467183,2.11721,1.99243,-0.467183,2.50976],
    "materials":[{
        "mapDiffuseAnisotropy":1,
        "opacity":1,
        "wireframe":false,
        "shading":"phong",
        "mapDiffuse":"grass.jpg",
        "transparent":false,
        "doubleSided":false,
        "depthWrite":true,
        "colorDiffuse":[0.343612,0.853709,0.264554],
        "visible":true,
        "mapDiffuseRepeat":[1,1],
        "DbgColor":15658734,
        "specularCoef":50,
        "colorSpecular":[0.5,0.5,0.5],
        "vertexColors":false,
        "DbgName":"l2",
        "DbgIndex":0,
        "mapDiffuseWrap":["repeat","repeat"],
        "depthTest":true,
        "colorEmissive":[0,0,0],
        "blending":1
    }],
    "colors":[],
    "normals":[-0.328728,0,-0.944425,0.651458,0,0.758685,0,1,0,1.97217e-08,1,-6.01892e-08,-1.79876e-08,1,-5.96737e-08,-4.23382e-08,1,-3.95586e-08,1.12268e-08,1,-3.42632e-08,0,-1,0,-9.70635e-08,-1,6.11505e-08,-0,-1,0,3.59751e-08,-1,1.19347e-07,-2.24535e-08,-1,6.85264e-08,-0.644964,0,0.764213,0.730685,0,0.682714,-0.986162,0,0.165786,0.84609,0,-0.533041,-0.24845,0,-0.968645],
    "faces":[43,1,0,7,8,0,0,1,2,3,0,0,0,0,43,4,2,12,10,0,4,5,6,7,1,1,1,1,42,11,8,7,0,14,8,9,2,2,2,42,9,10,12,0,10,11,12,3,3,3,42,11,7,9,0,14,9,10,4,4,4,42,12,13,11,0,12,13,14,5,5,5,42,9,12,11,0,10,12,14,6,6,6,42,0,1,5,0,20,15,16,7,7,7,42,5,6,2,0,16,17,18,8,8,8,42,2,4,3,0,18,11,19,9,9,9,42,3,0,5,0,19,20,16,10,10,10,42,5,2,3,0,16,18,19,11,11,11,43,0,3,9,7,0,21,22,23,24,12,12,12,12,43,2,6,13,12,0,5,25,26,6,13,13,13,13,43,3,4,10,9,0,22,27,28,23,14,14,14,14,43,6,5,11,13,0,29,30,31,32,15,15,15,15,43,5,1,8,11,0,33,0,3,34,16,16,16,16],
    "uvs":[[0.522496,0.5,0.350668,0.5,0.350668,1.10804e-07,0.522496,0,0.350668,0.5,0.173254,0.5,0.173254,2.7701e-08,0.350668,0,0.651279,0.742841,0.684819,0.980227,0.511002,0.894085,0.350668,0.980227,0.382175,0.734131,0.431474,0.5,0.603161,0.507481,0.0500563,0.742841,0.0981745,0.507481,0.269861,0.5,0.31916,0.734131,0.190334,0.894085,0.0165163,0.980227,0.684819,0.5,0.869099,0.5,0.869099,1,0.684819,1,1.27941e-07,0.5,0,4.15515e-08,1,0.5,1,1,0.696365,0,0.868134,1.10804e-07,0.868134,0.5,0.696365,0.5,0.696365,0.5,0.696365,0]]
}