{
    "metadata":{
        "vertices":26,
        "materials":1,
        "faces":35,
        "version":3,
        "uvs":1,
        "generator":"io_three",
        "type":"Geometry",
        "colors":0,
        "normals":35
    },
    "vertices":[-3.64158,0.632817,3.41431,-2.80742,0.632723,3.67565,-2.72809,0.632853,5.27516,-2.54673,0.632853,4.76131,-3.0341,0.632853,5.70094,-3.19071,0.632853,6.26225,-4.98231,0.632758,5.84632,-4.74924,0.632759,6.55331,-3.70135,0.632853,6.50173,-5.00207,0.632758,5.31973,-4.88628,0.632758,4.23349,-5.07908,0.632758,4.72334,-4.10878,0.632758,3.68086,-4.10874,-0.467241,3.68088,-5.07905,-0.467241,4.72336,-4.88624,-0.467241,4.23351,-5.00203,-0.467241,5.31975,-3.70131,-0.467147,6.50175,-4.74921,-0.467241,6.55333,-4.98227,-0.467241,5.84635,-3.19067,-0.467147,6.26227,-3.03406,-0.467147,5.70096,-2.54669,-0.467147,4.76133,-2.72805,-0.467147,5.27518,-2.80738,-0.467277,3.67567,-3.64155,-0.467183,3.41434],
    "materials":[{
        "mapDiffuseAnisotropy":1,
        "opacity":1,
        "wireframe":false,
        "shading":"phong",
        "mapDiffuse":"grass.jpg",
        "transparent":false,
        "doubleSided":false,
        "depthWrite":true,
        "colorDiffuse":[0.079543,0.734457,0.0435702],
        "visible":true,
        "mapDiffuseRepeat":[1,1],
        "DbgColor":15658734,
        "specularCoef":50,
        "colorSpecular":[0.5,0.5,0.5],
        "vertexColors":false,
        "DbgName":"l1",
        "DbgIndex":0,
        "mapDiffuseWrap":["repeat","repeat"],
        "depthTest":true,
        "colorEmissive":[0,0,0],
        "blending":1
    }],
    "colors":[],
    "normals":[0.495551,3.48055e-05,0.868579,0.000635599,-0.999999,0.000894232,-0.000162916,-1,0.00015897,3.17118e-07,-1,2.27916e-07,-1.34299e-07,-1,-3.74701e-08,8.86075e-05,-1,-2.9126e-05,1.91194e-07,-1,7.52539e-08,7.5148e-05,-1,-2.81995e-06,-3.49658e-08,-1,4.52979e-08,4.20515e-05,-1,-7.62987e-06,6.61296e-05,-1,7.10435e-06,3.50663e-05,-1,2.33319e-05,-0.972361,-2.68985e-05,0.233482,-0.81203,-3.95409e-05,-0.583616,-0.963212,-3.74552e-05,-0.268742,-0.298963,1.06618e-05,0.954265,0.991766,2.96852e-05,-0.128066,-0.0491673,-2.3262e-05,-0.998791,0.949725,2.4503e-05,-0.313086,-0.424605,-3.35237e-05,-0.905379,-0.000636725,0.999999,-0.00089587,1.16388e-07,1,-1.50291e-08,4.94312e-08,1,-5.84494e-08,-0.000100664,1,-0.000214645,1.91356e-07,1,6.75354e-08,-6.39189e-05,1,-1.78869e-05,-6.70258e-08,1,-3.45812e-08,6.146e-05,1,0.000164982,-0.000157979,1,-8.19722e-05,-5.34789e-05,1,3.12046e-06,-6.47699e-08,1,-6.42974e-05,-0.942993,-3.82529e-05,-0.332812,0.579342,3.62419e-05,0.815084,0.930516,3.83097e-05,0.366251,0.999297,3.18923e-05,-0.0374994],
    "faces":[43,0,12,13,25,0,0,1,2,3,0,0,0,0,42,10,12,0,0,16,4,5,1,1,1,42,0,1,3,0,5,6,7,2,2,2,42,3,2,4,0,7,8,9,3,3,3,42,4,5,8,0,9,10,11,4,4,4,42,8,7,6,0,11,12,13,5,5,5,42,9,11,10,0,14,15,16,6,6,6,42,8,6,9,0,11,13,14,7,7,7,42,3,4,8,0,7,9,11,8,8,8,42,10,0,3,0,16,5,7,9,9,9,42,8,9,10,0,11,14,16,10,10,10,42,3,8,10,0,7,11,16,11,11,11,43,3,1,24,22,0,17,18,19,20,12,12,12,12,43,4,2,23,21,0,21,22,23,24,13,13,13,13,43,5,4,21,20,0,25,21,24,26,14,14,14,14,43,1,0,25,24,0,27,0,3,28,15,15,15,15,43,11,9,16,14,0,29,30,31,32,16,16,16,16,43,7,8,17,18,0,33,34,35,36,17,17,17,17,43,6,7,18,19,0,37,38,39,40,18,18,18,18,43,8,5,20,17,0,34,41,42,35,19,19,19,19,42,25,13,15,0,55,43,44,20,20,20,42,15,14,16,0,44,45,46,21,21,21,42,16,19,18,0,46,47,48,22,22,22,42,18,17,20,0,48,49,50,23,23,23,42,21,23,22,0,51,52,53,24,24,24,42,18,20,21,0,48,50,51,25,25,25,42,15,16,18,0,44,46,48,26,26,26,42,24,25,15,0,54,55,44,27,27,27,42,21,22,24,0,51,53,54,28,28,28,42,15,18,21,0,44,48,51,29,29,29,42,15,21,24,0,44,51,54,30,30,30,43,2,3,22,23,0,22,17,20,23,31,31,31,31,43,12,10,15,13,0,1,56,57,2,32,32,32,32,43,10,11,14,15,0,58,29,32,59,33,33,33,33,43,9,6,19,16,0,30,37,40,31,34,34,34,34],
    "uvs":[[0.0634295,0.707731,0.0634429,0.643171,0.281719,0.643181,0.281706,0.707741,0.29041,0.501725,0.193505,0.541479,0.0330419,0.48294,0,0.28827,0.0446083,0.200744,0.112361,0.130577,0.152885,0.0343404,0.257919,0,0.465968,0.0068018,0.5,0.13453,0.494935,0.227339,0.5,0.333276,0.453537,0.416412,0.5,0.715374,0.500013,0.541485,0.718289,0.541479,0.718276,0.715367,0.500008,0.897267,0.500005,0.811095,0.718281,0.811089,0.718284,0.89726,0.500013,1,0.718289,0.999993,0.063446,0.861866,0.281722,0.861876,0.281722,0.865708,0.281723,0.760199,0.499999,0.760194,0.499999,0.865703,0.718295,0.820552,0.718289,0.63905,0.936566,0.639056,0.936571,0.820558,0.281723,0.667284,0.281724,0.541483,0.5,0.541479,0.499999,0.66728,0.718295,0.541479,0.936571,0.541485,0.79041,0.0397534,0.953537,0.125066,1,0.208203,0.994935,0.314139,1,0.406948,0.965968,0.534677,0.757919,0.541479,0.652885,0.507138,0.612361,0.410902,0.544608,0.340735,0.5,0.253209,0.533042,0.0585388,0.693505,0,0.063446,0.541479,0.281722,0.541489,0.281724,0.951059,0.5,0.951054]]
}