{
    "metadata":{
        "vertices":14,
        "materials":1,
        "faces":17,
        "version":3,
        "uvs":1,
        "generator":"io_three",
        "type":"Geometry",
        "colors":0,
        "normals":17
    },
    "vertices":[2.77658,0.632817,1.75883,2.93448,0.632817,1.25679,2.0591,0.632817,1.47799,1.80239,0.632817,0.95158,1.28141,0.632817,0.881971,0.912977,0.632817,1.27101,0.639651,0.632817,1.74849,2.77658,-0.467183,1.75883,2.93448,-0.467183,1.25679,1.80239,-0.467183,0.95158,1.28141,-0.467183,0.881971,0.912977,-0.467183,1.27101,0.639651,-0.467183,1.74849,2.0591,-0.467183,1.47799],
    "materials":[{
        "mapDiffuseAnisotropy":1,
        "opacity":1,
        "wireframe":false,
        "shading":"phong",
        "mapDiffuse":"grass.jpg",
        "transparent":false,
        "doubleSided":false,
        "depthWrite":true,
        "colorDiffuse":[0.0749848,0.660709,0],
        "visible":true,
        "mapDiffuseRepeat":[1,1],
        "DbgColor":15658734,
        "specularCoef":50,
        "colorSpecular":[0.5,0.5,0.5],
        "vertexColors":false,
        "DbgName":"l3",
        "DbgIndex":0,
        "mapDiffuseWrap":["repeat","repeat"],
        "depthTest":true,
        "colorEmissive":[0,0,0],
        "blending":1
    }],
    "colors":[],
    "normals":[0,-1,0,8.33862e-08,-1,2.32181e-07,0,-1,-0,0,-1,0,-0,-1,0,2.0689e-08,1,-5.28557e-08,0,1,0,-1.66616e-07,1,-1.57793e-07,-1.04434e-07,1,-5.48023e-07,6.67712e-09,1,-2.9448e-08,0.867867,0,0.496797,-0.260306,5.77674e-08,0.965526,0.72607,3.79234e-08,0.68762,-0.132436,1.06313e-07,0.991192,-0.95393,0,-0.30003,0.364496,0,-0.931205,-0.187197,0,-0.982322],
    "faces":[42,2,6,5,0,0,1,2,0,0,0,42,5,4,3,0,2,3,4,1,1,1,42,3,1,0,0,4,5,6,2,2,2,42,2,5,3,0,0,2,4,3,3,3,42,2,3,0,0,0,4,6,4,4,4,42,13,7,8,0,7,8,9,5,5,5,42,8,9,10,0,9,10,11,6,6,6,42,10,11,12,0,11,12,13,7,7,7,42,12,13,8,0,13,7,9,8,8,8,42,8,10,12,0,9,11,13,9,9,9,43,5,6,12,11,0,14,15,16,17,10,10,10,10,43,1,3,9,8,0,18,19,20,21,11,11,11,11,43,4,5,11,10,0,22,14,17,23,12,12,12,12,43,3,4,10,9,0,19,24,25,20,13,13,13,13,43,0,1,8,7,0,26,27,28,29,14,14,14,14,43,2,0,7,13,0,30,31,32,33,15,15,15,15,43,6,2,13,12,0,34,30,33,35,16,16,16,16],
    "uvs":[[0.761211,0.228679,0.843624,0.599597,0.701358,0.528712,0.585235,0.432839,0.605169,0.296487,0.694228,0,0.843624,0.0406641,0.502821,0.370919,0.585235,0.558933,0.435838,0.599597,0.346779,0.30311,0.326845,0.166758,0.442969,0.070885,0.585235,0,0.484923,0.599597,0.647239,0.599597,0.647239,0.887309,0.484923,0.887309,0.326845,0.556792,0.326845,0.862816,1.62971e-07,0.862816,0,0.556792,0.326845,0.599597,0.326845,0.887309,0.326845,1,2.26349e-07,1,1,0.287712,0.843624,0.287712,0.843624,7.96992e-09,1,0,0.326845,0.363154,0.326845,0.556792,0,0.556792,3.62158e-08,0.363154,0.326845,0,2.71618e-08,0]]
}