{
    "metadata":{
        "vertices":22,
        "materials":1,
        "faces":29,
        "version":3,
        "uvs":1,
        "generator":"io_three",
        "type":"Geometry",
        "colors":0,
        "normals":28
    },
    "vertices":[-2.68014,0.632817,4.21159,-1.204,0.632817,4.00811,-0.575538,0.632817,4.04984,-0.781086,0.632817,3.56498,-0.427795,0.632817,3.13292,-3.20426,0.632817,3.0779,-2.67276,0.632817,3.05796,-3.64158,0.632817,3.41431,-2.16212,0.632817,2.89381,-1.1209,0.632817,2.68978,-2.80742,0.632723,3.67565,-2.8074,-0.467277,3.67563,-1.12088,-0.467183,2.68977,-2.1621,-0.467183,2.89379,-3.64157,-0.467183,3.41429,-2.67274,-0.467183,3.05794,-3.20425,-0.467183,3.07788,-0.427781,-0.467183,3.1329,-0.781072,-0.467183,3.56496,-0.575524,-0.467183,4.04983,-1.20399,-0.467183,4.0081,-2.68013,-0.467183,4.21157],
    "materials":[{
        "mapDiffuseAnisotropy":1,
        "opacity":1,
        "wireframe":false,
        "shading":"phong",
        "mapDiffuse":"grass.jpg",
        "transparent":false,
        "doubleSided":false,
        "depthWrite":true,
        "colorDiffuse":[0.343612,0.853709,0.264554],
        "visible":true,
        "mapDiffuseRepeat":[1,1],
        "DbgColor":15658734,
        "specularCoef":50,
        "colorSpecular":[0.5,0.5,0.5],
        "vertexColors":false,
        "DbgName":"l2",
        "DbgIndex":0,
        "mapDiffuseWrap":["repeat","repeat"],
        "depthTest":true,
        "colorEmissive":[0,0,0],
        "blending":1
    }],
    "colors":[],
    "normals":[-0.0374921,1.46901e-05,-0.999297,-0.192293,1.26589e-05,-0.981337,-0.298963,-1.84413e-05,0.954265,2.34936e-05,-1,0.000170586,-8.04224e-05,-1,-0.000104456,0,-1,0,-5.7783e-06,-1,-0.000154012,-2.76603e-05,-1,0.000417291,-2.89605e-08,-1,4.52966e-08,4.5528e-05,-1,-1.92391e-05,-3.82165e-05,-1,-0.000161084,4.56133e-05,-1,-1.76761e-05,0.920686,1.76587e-05,-0.390305,-2.35131e-05,1,-0.000170581,8.39887e-09,1,-1.26491e-07,0,1,-0,0,1,0,-0.000395506,0.999999,0.00162346,1.00181e-07,1,-3.88969e-08,0,1,0,-1.32353e-08,1,-4.60465e-08,-0.0662532,-1.59815e-05,0.997803,0.774143,1.8204e-07,0.633011,0.538667,1.97273e-05,-0.842519,-0.306028,1.06643e-05,-0.952022,0.13655,-1.33002e-05,0.990633,-0.609727,4.44392e-06,-0.792612,-0.972941,-1.57637e-05,0.231052],
    "faces":[43,5,6,15,16,0,0,1,2,3,0,0,0,0,43,8,9,12,13,0,4,5,6,7,1,1,1,1,43,10,7,14,11,0,8,9,10,11,2,2,2,2,42,20,21,11,0,22,12,13,3,3,3,42,11,14,16,0,13,14,15,4,4,4,42,15,13,12,0,16,17,18,5,5,5,42,11,16,15,0,13,15,16,6,6,6,42,19,20,11,0,21,22,13,7,7,7,42,12,17,18,0,18,19,20,8,8,8,42,18,19,11,0,20,21,13,9,9,9,42,11,15,12,0,13,16,18,10,10,10,42,11,12,18,0,13,18,20,11,11,11,43,3,2,19,18,0,23,24,25,26,12,12,12,12,42,10,0,1,0,37,27,28,13,13,13,42,1,2,3,0,28,29,30,14,14,14,42,3,4,9,0,30,31,32,15,15,15,42,9,8,6,0,32,33,34,16,16,16,42,6,5,7,0,34,35,36,16,16,16,42,7,10,1,0,36,37,28,17,17,17,42,1,3,9,0,28,30,32,18,18,18,42,9,6,7,0,32,34,36,19,19,19,42,1,9,7,0,28,32,36,20,20,20,43,2,1,20,19,0,38,39,40,41,21,21,21,21,43,4,3,18,17,0,42,43,44,45,22,22,22,22,43,9,4,17,12,0,46,47,48,49,23,23,23,23,43,6,8,13,15,0,1,4,7,2,24,24,24,24,43,1,0,21,20,0,39,50,51,40,25,25,25,25,43,7,5,16,14,0,52,0,3,53,26,26,26,26,43,0,10,11,21,0,54,55,56,57,27,27,27,27],
    "uvs":[[0.924365,0.113302,0.924366,0.219803,0.66336,0.219807,0.66336,0.113306,0.924366,0.333755,0.924366,0.555626,0.66336,0.55563,0.66336,0.333759,0.663359,0.921629,0.461221,0.92165,0.461221,0.687297,0.66336,0.687275,0.33168,0.496059,0.202573,0.514346,0.125579,0.687275,0.0539412,0.588886,0.0588871,0.475657,0.0293379,0.364506,0,0.139996,0.117439,0,0.213233,0.0821006,0.33168,0.046353,0.310381,0.179172,5.7841e-08,0.687276,0.124959,0.687275,0.124959,0.921629,0,0.92163,0.66336,0.191216,0.642061,0.508104,0.663359,0.640922,0.544912,0.605175,0.449119,0.687275,0.33168,0.547279,0.361018,0.322769,0.390567,0.211618,0.385621,0.0983888,0.457259,0,0.534253,0.17293,0.924366,0.555633,0.924366,0.689813,0.66336,0.68981,0.66336,0.55563,1,0.234354,0.924366,0.234356,0.924366,2.31759e-06,1,0,0.461221,0.921629,0.300225,0.921629,0.300225,0.687275,0.461221,0.687276,0.924366,1,0.66336,0.999997,0.924366,0,0.66336,3.8951e-06,0.300225,0.92165,0.169522,0.921629,0.169522,0.687275,0.300225,0.687297]]
}