{
    "metadata":{
        "vertices":24,
        "materials":1,
        "faces":28,
        "version":3,
        "uvs":1,
        "generator":"io_three",
        "type":"Geometry",
        "colors":0,
        "normals":25
    },
    "vertices":[1.34328,0.532817,-1.0887,1.34328,0.632817,-1.0887,1.9241,0.632817,-0.864911,3.36773,0.632817,-1.01558,4.00986,0.632817,-0.241196,3.42886,0.632817,-0.413281,2.26982,0.632817,-1.26023,3.88779,0.632817,-0.797149,2.88387,0.532817,0.0712145,3.41704,0.632817,0.118668,2.88387,0.632817,0.0712145,2.26187,0.632817,-0.0571098,1.34328,-0.467183,-1.0887,1.9241,-0.467183,-0.864911,4.00986,-0.467183,-0.241196,3.42886,-0.467183,-0.413281,3.36773,-0.467183,-1.01558,2.26982,-0.467183,-1.26023,3.88779,-0.467183,-0.797149,2.26187,-0.467183,-0.0571098,1.34328,-0.567183,-1.0887,3.41704,-0.467183,0.118668,2.88387,-0.467183,0.0712145,2.88387,-0.567183,0.0712145],
    "materials":[{
        "mapDiffuseAnisotropy":1,
        "opacity":1,
        "wireframe":false,
        "shading":"phong",
        "mapDiffuse":"grass.jpg",
        "transparent":false,
        "doubleSided":false,
        "depthWrite":true,
        "colorDiffuse":[0,0.92658,0.0938252],
        "visible":true,
        "mapDiffuseRepeat":[1,1],
        "DbgColor":15658734,
        "specularCoef":50,
        "colorSpecular":[0.5,0.5,0.5],
        "vertexColors":false,
        "DbgName":"l4",
        "DbgIndex":0,
        "mapDiffuseWrap":["repeat","repeat"],
        "depthTest":true,
        "colorEmissive":[0,0,0],
        "blending":1
    }],
    "colors":[],
    "normals":[1.666e-08,1,-8.07526e-08,0,1,0,3.39636e-08,1,-1.14669e-07,-2.9613e-08,1,-3.33104e-08,3.3111e-08,1,-1.15689e-07,-3.13752e-08,1,-2.7439e-08,0,-1,0,-1.69818e-08,-1,5.73347e-08,-4.97647e-09,-1,5.59142e-08,-1.666e-08,-1,8.07526e-08,-0,-1,0,1.00442e-09,-1,6.26418e-08,-2.57292e-09,-1,7.4561e-08,0.38724,0,-0.921979,-0.202054,3.19946e-08,0.979374,-0.283992,5.58895e-08,0.958827,0,0,0,-0.922592,0,0.385777,1,0,0,-0.0886515,4.11247e-08,0.996063,0.976731,0,-0.214466,0.999753,1.19342e-09,0.0222144,0.217495,0,-0.976061,-0.359529,0,0.933134,-0.182038,0,-0.983292],
    "faces":[42,2,11,10,0,0,1,2,0,0,0,42,10,9,5,0,2,3,4,1,1,1,42,5,4,7,0,4,5,6,2,2,2,42,7,3,6,0,6,7,8,1,1,1,42,6,1,2,0,8,9,0,1,1,1,42,2,10,5,0,0,2,4,3,3,3,42,5,7,6,0,4,6,8,4,4,4,42,2,5,6,0,0,4,8,5,5,5,42,13,12,17,0,10,11,12,6,6,6,42,17,16,18,0,12,13,14,6,6,6,42,18,14,15,0,14,15,16,7,7,7,42,15,21,22,0,16,17,18,8,8,8,42,22,19,13,0,18,19,10,9,9,9,42,13,17,18,0,10,12,14,10,10,10,42,15,22,13,0,16,18,10,11,11,11,42,13,18,15,0,10,14,16,12,12,12,43,3,7,18,16,0,20,21,22,23,13,13,13,13,43,10,11,19,22,0,24,25,26,27,14,14,14,14,43,4,5,15,14,0,28,29,30,31,15,15,15,15,43,1,0,20,12,0,32,32,32,32,16,16,16,16,43,11,2,13,19,0,25,33,34,26,17,17,17,17,43,8,10,22,23,0,32,32,32,32,18,18,18,18,43,9,10,22,21,0,35,24,27,36,19,19,19,19,43,7,4,14,18,0,37,38,39,40,20,20,20,20,43,5,9,21,15,0,41,42,32,43,21,21,21,21,43,6,3,16,17,0,44,20,23,45,22,22,22,22,43,2,1,12,13,0,33,46,47,34,23,23,23,23,43,1,6,17,12,0,48,44,45,49,24,24,24,24],
    "uvs":[[0.415423,0.558644,0.258353,0.428627,0.260556,0.26526,0.275855,0.128724,0.390481,0.155521,0.381342,0,0.494717,0.0617606,0.516705,0.204571,0.516705,0.493952,0.435656,0.717011,0.157071,0.158367,0.177303,0,0.258353,0.22306,0.258353,0.51244,0.236365,0.65525,0.12299,0.717011,0.132128,0.56149,0.0175028,0.588287,0.00220336,0.451751,0,0.288384,0.758353,0.518032,0.758353,0.658563,0.516705,0.658562,0.516705,0.518031,0.758353,0.455324,0.758353,0.292029,1,0.292029,1,0.455324,0.516705,0.658563,0.649647,0.658563,0.649647,0.941552,0.516705,0.941552,0.258353,0.717011,0.758353,0.158763,1,0.158763,0.758353,0.59152,1,0.59152,0.773801,0.941552,0.649647,0.941552,0.649647,0.658563,0.773801,0.658563,0.374411,1,0.258353,1,0.374411,0.717011,0.758353,0.229434,0.516705,0.229434,0.758353,0,1,0,0.758353,3.13563e-08,0.516705,0]]
}