{
    "metadata":{
        "vertices":32,
        "materials":1,
        "faces":42,
        "version":3,
        "uvs":1,
        "generator":"io_three",
        "type":"Geometry",
        "colors":0,
        "normals":41
    },
    "vertices":[-0.648117,0.532817,-2.69673,-1.62489,0.632817,-1.96131,-2.13589,0.632817,-2.14668,0.122919,0.632817,-0.322992,0.0551413,0.632817,-0.847555,0.170381,0.632817,0.333404,-0.620969,0.632817,-2.09018,-0.648117,0.632817,-2.69673,-0.351338,0.632817,0.434587,-0.762803,0.632817,-0.6138,-1.19735,0.632817,-1.00081,-0.0708097,0.632817,-2.29403,-0.507576,0.632817,-0.0864679,-1.47603,0.632817,-1.44727,0.247208,0.632817,-1.36935,-0.127876,0.632817,-1.76651,-1.19735,-0.467183,-1.00081,-1.47603,-0.467183,-1.44727,-1.62489,-0.467183,-1.96131,-2.13589,-0.467183,-2.14668,0.122919,-0.467183,-0.322992,0.0551414,-0.467183,-0.847555,0.170381,-0.467183,0.333404,-0.620969,-0.467183,-2.09018,-0.648117,-0.467183,-2.69673,-0.351338,-0.467183,0.434587,-0.762803,-0.467183,-0.6138,-0.0708096,-0.467183,-2.29403,-0.507576,-0.467183,-0.0864678,0.247208,-0.467183,-1.36935,-0.127876,-0.467183,-1.76651,-0.648117,-0.567183,-2.69673],
    "materials":[{
        "mapDiffuseAnisotropy":1,
        "opacity":1,
        "wireframe":false,
        "shading":"phong",
        "mapDiffuse":"grass.jpg",
        "transparent":false,
        "doubleSided":false,
        "depthWrite":true,
        "colorDiffuse":[0.0749848,0.660709,0],
        "visible":true,
        "mapDiffuseRepeat":[1,1],
        "DbgColor":15658734,
        "specularCoef":50,
        "colorSpecular":[0.5,0.5,0.5],
        "vertexColors":false,
        "DbgName":"l3",
        "DbgIndex":0,
        "mapDiffuseWrap":["repeat","repeat"],
        "depthTest":true,
        "colorEmissive":[0,0,0],
        "blending":1
    }],
    "colors":[],
    "normals":[0,1,0,2.04805e-07,1,-1.7526e-07,9.99668e-08,1,-1.61414e-07,-1.9969e-06,1,1.44389e-07,0,1,-0,7.32866e-08,1,-1.05063e-07,-0,1,0,-1.24538e-07,1,5.57406e-09,4.9688e-07,1,-9.89577e-08,-5.41158e-08,1,-9.61207e-09,-1.97734e-08,1,-1.54027e-07,-3.68025e-08,1,-2.31572e-08,2.05652e-08,-1,5.39157e-08,1.52439e-08,-1,1.18744e-07,1.26313e-07,-1,-3.65767e-08,1.04831e-08,-1,5.40528e-08,5.24753e-09,-1,4.08762e-08,6.2776e-08,-1,-3.03833e-08,2.00532e-07,-1,3.09032e-08,5.7172e-08,-1,2.10444e-08,-3.66433e-08,-1,5.25314e-08,-8.23903e-09,-1,3.95805e-08,-3.32291e-08,-1,5.0622e-08,-1.77607e-07,-1,6.78025e-08,-3.08215e-08,-1,4.69542e-08,0.994199,5.4253e-08,0.107552,-0.665074,-1.16399e-08,0.746778,0.727025,3.71964e-08,-0.686611,0.572113,2.88681e-08,-0.820175,-0.848303,-4.50437e-08,0.529511,0,0,1,-0.900115,-3.46842e-08,0.435652,-0.341024,0,0.940054,0.0372695,0,-0.999305,-0.957866,-3.73542e-08,0.287216,0.991756,4.80215e-08,-0.128143,-0.960539,0,0.278146,0.997396,5.01734e-08,-0.0721183,-0.999,-5.43846e-08,0.0447131,0.938444,4.87267e-08,0.345431,0.190394,6.37255e-08,0.981708],
    "faces":[42,13,10,9,0,14,0,1,0,0,0,42,12,8,5,0,2,3,4,0,0,0,42,1,13,9,0,13,14,1,1,1,1,42,9,12,5,0,1,2,4,2,2,2,42,5,3,4,0,4,5,6,3,3,3,42,4,14,15,0,6,7,8,4,4,4,42,15,11,7,0,8,9,10,5,5,5,42,6,2,1,0,11,12,13,6,6,6,42,15,7,6,0,8,10,11,7,7,7,42,5,4,15,0,4,6,8,8,8,8,42,1,9,5,0,13,1,4,9,9,9,42,15,6,1,0,8,11,13,10,10,10,42,5,15,1,0,4,8,13,11,11,11,42,26,16,17,0,29,15,16,12,12,12,42,18,19,23,0,17,18,19,13,13,13,42,26,17,18,0,29,16,17,14,14,14,42,22,25,28,0,26,27,28,15,15,15,42,26,18,23,0,29,17,19,16,16,16,42,22,28,26,0,26,28,29,17,17,17,42,21,20,22,0,24,25,26,18,18,18,42,30,29,21,0,22,23,24,19,19,19,42,24,27,30,0,20,21,22,20,20,20,42,22,26,23,0,26,29,19,21,21,21,42,23,24,30,0,19,20,22,22,22,22,42,30,21,22,0,22,24,26,23,23,23,42,23,30,22,0,19,22,26,24,24,24,43,11,15,30,27,0,30,31,32,33,25,25,25,25,43,9,10,16,26,0,34,35,36,37,26,26,26,26,43,15,14,29,30,0,38,39,40,41,27,27,27,27,43,7,11,27,24,0,42,43,33,44,28,28,28,28,43,10,13,17,16,0,45,46,47,48,29,29,29,29,43,7,0,31,24,0,49,50,42,51,30,30,30,30,43,12,9,26,28,0,52,53,54,55,31,31,31,31,43,1,2,19,18,0,56,57,58,59,32,32,32,32,43,2,6,23,19,0,60,61,42,62,33,33,33,33,43,8,12,28,25,0,63,52,55,64,34,34,34,34,43,4,3,20,21,0,65,66,67,68,35,35,35,35,43,13,1,18,17,0,46,69,70,47,36,36,36,36,43,3,5,22,20,0,66,71,72,67,37,37,37,37,43,6,7,24,23,0,73,74,75,76,38,38,38,38,43,14,4,21,29,0,77,65,68,78,39,39,39,39,43,5,8,25,22,0,79,80,81,82,40,40,40,40],
    "uvs":[[0.655837,0.329787,0.629683,0.456104,0.646808,0.585425,0.678756,0.701018,0.586091,0.748703,0.522453,0.62206,0.47627,0.51706,0.389692,0.445578,0.405433,0.32495,0.339378,0.235267,0.386191,0.0879305,0.447613,0.202833,0.678757,0,0.618797,0.0989805,0.651142,0.212346,0.316459,0.418917,0.311764,0.536357,0.279418,0.649723,0.339378,0.748703,0.108235,0.54587,0.0468126,0.660773,0,0.513436,0.0660548,0.423754,0.0503138,0.303125,0.136892,0.231644,0.183075,0.126644,0.246713,0,0.339378,0.0476848,0.30743,0.163278,0.290305,0.2926,0.807336,0.705603,0.908266,0.705603,0.908266,0.951332,0.807336,0.951332,0.888197,5.44556e-08,0.984956,0,0.984956,0.245729,0.888197,0.245729,1,0.951332,0.908266,0.951332,0.908266,0.705603,1,0.705603,0.678757,0.705603,0.807336,0.705603,0.678757,0.951332,0.140069,0.748703,0.237582,0.748703,0.237582,0.994433,0.140069,0.994433,0.678756,0.437534,0.678756,0.459874,0.678757,0.683264,0.339378,0.878553,0.339378,0.748703,0.548818,0.748703,0.548818,0.878553,0.140069,0.994433,0.0374318,0.994433,0.0374318,0.748703,0.140069,0.748703,0.888197,0.380695,0.888196,0.705603,0.678757,0.380695,0.339378,1,0.548818,1,0.678757,0.261613,0.678757,0.145647,0.888197,0.145647,0.888197,0.261613,0.339378,0.748703,0.339378,0.994433,0.678757,7.48764e-08,0.888196,0,0.65989,0.994433,0.548818,0.994433,0.548818,0.748703,0.65989,0.748703,0.678757,0.380695,0.888197,0.380695,0.980982,0.491458,0.888197,0.491458,0.888197,0.245729,0.980982,0.245729]]
}