{
    "metadata":{
        "vertices":16,
        "materials":1,
        "faces":20,
        "version":3,
        "uvs":1,
        "generator":"io_three",
        "type":"Geometry",
        "colors":0,
        "normals":18
    },
    "vertices":[1.34328,0.632817,-1.0887,0.892477,0.632817,-0.805827,0.656273,0.632817,-0.337763,1.9241,0.632817,-0.864911,0.122919,0.632817,-0.322992,2.26187,0.632817,-0.0571098,1.75124,0.632817,0.0841396,0.170381,0.632817,0.333404,0.170381,-0.467183,0.333404,1.75124,-0.467183,0.0841397,2.26187,-0.467183,-0.0571098,0.122919,-0.467183,-0.322992,1.9241,-0.467183,-0.864911,0.656273,-0.467183,-0.337763,0.892477,-0.467183,-0.805827,1.34328,-0.467183,-1.0887],
    "materials":[{
        "mapDiffuseAnisotropy":1,
        "opacity":1,
        "wireframe":false,
        "shading":"phong",
        "mapDiffuse":"grass.jpg",
        "transparent":false,
        "doubleSided":false,
        "depthWrite":true,
        "colorDiffuse":[0.079543,0.734457,0.0435702],
        "visible":true,
        "mapDiffuseRepeat":[1,1],
        "DbgColor":15658734,
        "specularCoef":50,
        "colorSpecular":[0.5,0.5,0.5],
        "vertexColors":false,
        "DbgName":"l1",
        "DbgIndex":0,
        "mapDiffuseWrap":["repeat","repeat"],
        "depthTest":true,
        "colorEmissive":[0,0,0],
        "blending":1
    }],
    "colors":[],
    "normals":[-0.266602,-3.19605e-08,-0.963807,0.0276847,5.39517e-08,0.999617,0.997396,-3.8595e-09,-0.0721183,-0.155753,-4.23226e-08,-0.987796,-0.359529,0,0.933134,1.16931e-07,-1,1.86352e-07,-3.38891e-08,-1,8.79568e-08,0,-1,0,-1.19615e-08,-1,6.8431e-08,-0.922592,0,0.385777,-5.84657e-08,1,-9.31758e-08,-1.25494e-09,1,-4.53122e-08,0,1,0,3.38891e-08,1,-8.79568e-08,-2.47043e-08,1,-6.22884e-08,-9.25035e-09,1,-4.95425e-08,0.531507,0,0.847054,0.892764,1.2919e-08,0.450526],
    "faces":[43,6,5,10,9,0,0,1,2,3,0,0,0,0,43,2,4,11,13,0,4,5,6,7,1,1,1,1,43,4,7,8,11,0,8,9,10,11,2,2,2,2,43,7,6,9,8,0,12,0,3,13,3,3,3,3,43,3,0,15,12,0,14,15,16,17,4,4,4,4,42,2,1,0,0,25,18,19,5,5,5,42,0,3,5,0,19,20,21,6,6,6,42,5,6,7,0,21,22,23,7,7,7,42,7,4,2,0,23,24,25,7,7,7,42,2,0,5,0,25,19,21,8,8,8,42,5,7,2,0,21,23,25,7,7,7,43,5,3,12,10,0,26,27,28,29,9,9,9,9,42,15,14,13,0,37,30,31,10,10,10,42,13,11,8,0,31,32,33,11,11,11,42,8,9,10,0,33,34,35,12,12,12,42,10,12,15,0,35,36,37,13,13,13,42,15,13,8,0,37,31,33,14,14,14,42,8,10,15,0,33,35,37,15,15,15,43,0,1,14,15,0,15,38,39,16,16,16,16,16,43,1,2,13,14,0,40,41,42,43,17,17,17,17],
    "uvs":[[0.875212,0.49517,0.875212,0.659098,0.60357,0.659098,0.60357,0.49517,0.891843,1,0.76021,1,0.76021,0.659104,0.891843,0.659104,0.60357,0.659104,0.76021,0.659104,0.76021,1,0.60357,1,0.875211,0,0.60357,1.51091e-07,0.301785,0.659104,0.440888,0.659104,0.440888,1,0.301785,1,0.051662,0.383065,0,0.23141,0.0769282,0.0644103,0.28697,0,0.301785,0.163136,0.301785,0.659104,0.139842,0.64195,0.156753,0.477965,0.0855633,0.659104,0.301785,0.659104,0.301785,1,0.0855633,1,0.353447,0.276039,0.458538,0.181139,0.441627,0.0171541,0.603569,0,0.603569,0.495968,0.588755,0.659104,0.378713,0.594694,0.301785,0.427694,0.556931,0.659104,0.556931,1,0.875212,0.318202,1,0.318202,1,0.659098,0.875212,0.659098]]
}