{
    "metadata":{
        "vertices":24,
        "materials":1,
        "faces":28,
        "version":3,
        "uvs":1,
        "generator":"io_three",
        "type":"Geometry",
        "colors":0,
        "normals":21
    },
    "vertices":[4.29944,0.632817,1.61259,4.15465,0.632817,2.11721,3.27373,0.632817,0.810699,2.93448,0.632817,1.25679,2.86467,0.632817,2.28284,3.80302,0.632817,0.81827,4.2662,0.632817,1.08877,2.77658,0.632817,1.75883,2.77658,-0.467183,1.75883,4.2662,-0.467183,1.08877,3.80302,-0.467183,0.81827,2.86467,-0.467183,2.28284,2.93448,-0.467183,1.25679,3.27373,-0.467183,0.8107,4.15465,-0.467183,2.11721,4.29944,-0.467183,1.61259,4.29944,0.632817,1.61259,4.15465,0.632817,2.11721,3.27373,0.632817,0.810699,2.93448,0.632817,1.25679,2.86467,0.632817,2.28284,3.80302,0.632817,0.81827,4.2662,0.632817,1.08877,2.77658,0.632817,1.75883],
    "materials":[{
        "mapDiffuseAnisotropy":1,
        "opacity":1,
        "wireframe":false,
        "shading":"phong",
        "mapDiffuse":"grass.jpg",
        "transparent":false,
        "doubleSided":false,
        "depthWrite":true,
        "colorDiffuse":[0,0.92658,0.0938252],
        "visible":true,
        "mapDiffuseRepeat":[1,1],
        "DbgColor":15658734,
        "specularCoef":50,
        "colorSpecular":[0.5,0.5,0.5],
        "vertexColors":false,
        "DbgName":"l4",
        "DbgIndex":0,
        "mapDiffuseWrap":["repeat","repeat"],
        "depthTest":true,
        "colorEmissive":[0,0,0],
        "blending":1
    }],
    "colors":[],
    "normals":[0.95393,0,0.30003,0,0,0,-0.127346,0,-0.991858,0.986162,0,-0.165786,-0.504304,3.78833e-08,0.863526,-0.961216,0,-0.275797,-0.997992,3.22611e-09,0.0633332,-0.0143015,5.39812e-08,0.999898,0.795967,3.62569e-08,0.60534,-7.1478e-09,1,-5.56721e-08,6.17883e-09,1,-5.72859e-08,0,1,0,-1.33104e-07,1,-1.01227e-07,-6.37405e-09,1,-5.86474e-08,7.6787e-09,1,-2.74064e-08,0,-1,0,-2.99594e-07,-1,-9.42284e-08,-3.23085e-09,-1,2.25884e-07,0,-1,-0,-1.43871e-08,-1,5.53216e-08,5.82858e-08,-1,6.32175e-09],
    "faces":[43,3,7,8,12,0,0,1,2,3,0,0,0,0,43,7,3,19,23,0,1,0,0,1,1,1,1,1,43,4,1,14,11,0,4,5,6,7,2,2,2,2,43,7,4,11,8,0,1,8,9,2,3,3,3,3,43,6,5,10,9,0,10,11,12,13,4,4,4,4,43,1,0,15,14,0,14,15,16,17,5,5,5,5,43,0,6,9,15,0,15,18,19,16,6,6,6,6,43,5,2,13,10,0,11,20,21,12,7,7,7,7,43,2,3,12,13,0,22,0,3,23,8,8,8,8,42,8,11,14,0,31,24,25,9,9,9,42,14,15,9,0,25,26,27,10,10,10,42,9,10,13,0,27,28,29,11,11,11,42,13,12,8,0,29,30,31,12,12,12,42,8,14,9,0,31,25,27,13,13,13,42,9,13,8,0,27,29,31,14,14,14,42,17,20,23,0,39,32,33,15,15,15,42,23,19,18,0,33,34,35,16,16,16,42,18,21,22,0,35,36,37,17,17,17,42,22,16,17,0,37,38,39,18,18,18,42,17,23,18,0,39,33,35,19,19,19,42,18,22,17,0,35,37,39,20,20,20,43,2,5,21,18,0,20,11,11,20,1,1,1,1,43,1,4,20,17,0,5,4,4,5,1,1,1,1,43,0,1,17,16,0,15,14,14,15,1,1,1,1,43,4,7,23,20,0,8,1,1,8,1,1,1,1,43,6,0,16,22,0,18,15,15,18,1,1,1,1,43,5,6,22,21,0,11,10,10,11,1,1,1,1,43,3,2,18,19,0,0,22,22,0,1,1,1,1],
    "uvs":[[0.397472,0.683406,0.397472,0.543658,0.707984,0.543658,0.707984,0.683406,0.397472,0.415333,0.397472,0.76097,0.0869599,0.76097,0.0869598,0.415333,0.397472,0.415333,0.707984,0.415333,0.707984,0.707667,0.854416,0.707666,0.854416,1,0.707984,1,0.707984,0.415333,0.854006,0.415333,0.854007,0.707666,0.707984,0.707666,1,0.415333,1,0.707666,0.998929,0.707666,0.998929,1,0.397472,0.821378,0.707984,0.821378,0.397472,0.00548651,0.397472,0.351124,0.26139,0.406368,0.113532,0.415333,0.0211463,0.302397,0,0.163135,0.112704,0.0586122,0.24759,0,0.794944,0.409846,0.645062,0.415333,0.510175,0.356721,0.397472,0.252198,0.418618,0.112936,0.511004,0,0.658862,0.00896525,0.794944,0.0642087]]
}